Temperature,Vibration,Current,RPM,Fault
56.64,3.77,9.74,1432.82,0
41.8,2.69,10.53,1470.73,0
53.43,1.81,6.09,1482.06,0
64.84,2.95,8.85,1454.16,0
103.97,14.99,20.88,1145.0,2
42.21,1.81,5.72,1428.15,0
61.38,1.83,5.5,1360.35,0
61.02,1.58,8.88,1451.78,0
55.64,4.88,8.66,1378.11,0
51.51,4.46,8.83,1407.06,0
46.92,2.0,6.64,1378.91,0
51.31,2.83,9.13,1428.95,0
52.58,4.03,7.74,1399.59,0
51.86,2.17,9.88,1476.68,0
56.4,4.82,11.55,1309.29,1
105.12,13.95,23.22,1167.99,2
40.04,3.92,11.77,1383.64,0
45.75,4.01,11.08,1472.18,0
55.85,1.84,6.05,1371.85,0
43.66,4.02,7.61,1488.1,0
59.68,4.98,12.73,1405.27,1
69.23,5.11,10.89,1424.88,1
51.93,4.74,7.03,1458.92,0
58.62,7.78,9.29,1370.5,1
52.83,3.08,11.8,1448.25,0
50.25,2.87,5.87,1352.62,0
54.9,2.84,7.55,1402.95,0
40.06,2.04,5.61,1497.95,0
60.45,4.74,6.61,1436.88,0
62.87,1.71,9.32,1357.47,0
41.69,4.2,6.64,1431.0,0
48.26,1.92,11.22,1358.24,0
42.29,2.29,9.4,1484.17,0
41.02,4.05,9.49,1494.58,0
51.51,3.55,11.15,1433.38,0
47.43,3.31,8.81,1423.71,0
100.58,9.9,19.97,1106.11,2
45.01,2.97,5.45,1437.3,0
65.83,6.27,13.23,1385.46,1
43.47,1.83,8.88,1487.85,0
48.16,3.19,8.11,1369.26,0
57.27,2.55,11.56,1370.63,0
69.25,5.04,11.36,1295.51,1
82.6,3.33,14.57,1286.41,1
62.86,2.54,10.39,1498.43,0
58.15,4.59,11.21,1466.98,0
70.47,8.57,10.11,1320.85,1
71.5,4.62,14.29,1325.85,1
62.75,5.88,15.94,1396.73,1
40.45,1.86,5.49,1435.56,0
52.36,4.65,7.64,1383.0,0
46.98,1.58,11.59,1368.2,0
45.7,2.04,7.63,1395.61,0
60.76,2.01,6.71,1451.38,0
53.23,2.8,8.45,1394.79,0
54.45,3.92,9.91,1389.49,0
60.45,4.65,6.42,1431.44,0
54.57,2.17,11.95,1460.55,0
103.4,13.8,20.7,1167.33,2
40.69,4.3,6.4,1359.12,0
45.86,1.08,11.16,1494.84,0
68.6,6.98,9.93,1365.49,1
45.47,4.3,6.46,1488.61,0
104.74,9.73,19.51,1128.42,2
82.6,4.62,10.96,1376.72,1
102.42,9.21,22.88,1264.63,2
42.16,3.37,10.31,1378.61,0
50.33,3.64,10.41,1497.89,0
41.29,1.06,9.33,1434.01,0
95.51,10.09,16.49,1282.5,2
57.85,1.21,10.32,1436.46,0
48.36,2.58,8.71,1374.21,0
84.76,6.68,11.71,1295.31,1
84.8,3.52,14.9,1346.39,1
46.83,2.64,9.89,1445.81,0
63.93,2.08,6.94,1446.83,0
43.65,4.75,11.42,1483.12,0
66.24,8.96,13.44,1352.08,1
43.19,1.73,9.99,1350.73,0
96.61,14.87,18.38,1254.67,2
97.46,13.66,16.32,1250.17,2
64.67,4.02,6.74,1430.76,0
51.48,1.44,11.96,1374.81,0
74.05,4.42,14.99,1404.46,1
45.97,3.54,10.98,1383.61,0
51.98,3.89,7.75,1382.59,0
50.98,3.72,5.76,1494.19,0
63.69,1.17,11.43,1441.36,0
71.02,7.72,9.22,1388.48,1
46.73,3.52,10.95,1445.0,0
44.26,2.63,7.49,1402.07,0
86.48,12.28,23.92,1238.62,2
48.72,3.95,5.16,1354.27,0
91.98,9.25,23.91,1201.28,2
42.42,1.91,11.28,1496.95,0
76.63,8.42,8.27,1356.08,1
45.34,1.41,10.4,1420.34,0
42.81,3.88,9.16,1457.29,0
59.97,4.81,5.96,1496.8,0
45.62,3.06,8.37,1381.31,0
49.06,4.22,7.3,1381.36,0
52.46,4.61,9.32,1478.31,0
52.09,4.83,10.88,1491.24,0
67.88,6.43,13.52,1428.74,1
62.23,3.44,14.42,1375.06,1
40.64,4.7,10.96,1428.64,0
48.75,3.83,7.57,1433.29,0
57.76,1.61,10.1,1419.23,0
61.67,6.49,10.47,1322.41,1
52.39,1.43,7.42,1372.26,0
56.42,4.45,14.66,1426.54,1
59.55,1.91,5.9,1422.39,0
77.25,8.83,12.79,1321.09,1
81.31,4.46,12.4,1312.72,1
42.54,3.89,6.09,1416.53,0
53.14,1.93,10.66,1408.04,0
81.49,11.8,19.49,1302.15,2
51.67,2.93,10.89,1383.19,0
61.62,2.97,9.01,1435.41,0
68.81,7.96,11.38,1322.89,1
76.27,4.62,8.78,1280.03,1
102.69,10.14,24.25,1172.52,2
47.8,1.22,8.38,1473.27,0
49.83,1.47,6.58,1389.25,0
73.36,4.16,11.79,1395.92,1
64.31,3.48,11.56,1413.47,1
53.4,3.64,9.92,1370.51,0
62.97,3.31,9.94,1412.56,0
56.05,2.33,10.18,1455.8,0
42.84,1.02,12.0,1470.34,0
45.69,4.61,8.66,1472.32,0
58.39,2.08,7.47,1480.75,0
42.77,4.23,11.63,1360.85,0
59.1,3.53,10.72,1354.3,0
51.87,2.57,7.59,1474.64,0
43.82,3.84,7.68,1379.9,0
57.39,2.82,9.39,1437.65,0
41.97,4.89,11.56,1490.16,0
74.91,3.68,13.76,1365.05,1
98.37,12.32,24.26,1318.6,2
56.69,1.69,6.35,1356.13,0
48.14,4.49,9.19,1477.3,0
59.11,4.74,11.4,1370.62,0
64.62,4.12,8.33,1380.45,1
64.11,3.07,9.01,1449.92,0
44.2,4.27,6.13,1398.9,0
52.67,3.6,10.28,1433.16,0
83.45,3.55,9.29,1443.33,1
63.59,1.02,6.67,1490.77,0
83.61,7.77,11.26,1419.66,1
45.35,4.09,7.24,1376.27,0
70.65,7.31,15.17,1411.44,1
42.65,4.58,10.55,1462.63,0
52.43,2.24,8.96,1420.01,0
44.9,4.63,11.52,1357.78,0
48.54,3.3,6.09,1422.26,0
63.19,4.08,10.82,1369.96,0
56.8,4.05,6.66,1459.23,0
46.86,1.89,7.33,1402.97,0
81.58,3.0,13.5,1410.39,1
55.24,3.01,5.36,1391.8,0
49.97,4.3,5.5,1379.46,0
55.09,3.75,7.06,1440.42,0
44.34,2.52,10.61,1408.81,0
62.5,5.5,10.8,1426.0,1
84.99,8.98,12.44,1410.73,1
80.47,9.89,17.94,1167.16,2
73.24,6.6,8.99,1385.11,1
58.3,3.62,10.12,1464.34,0
48.12,4.34,10.33,1399.36,0
64.18,3.86,11.7,1414.07,0
50.39,2.0,9.65,1468.6,0
58.48,3.85,5.56,1485.99,0
46.5,2.16,6.31,1400.4,0
100.81,10.47,17.97,1176.93,2
63.36,2.41,5.71,1422.88,0
107.82,8.03,23.85,1114.63,2
102.55,12.39,24.09,1158.49,2
56.15,3.16,8.67,1354.39,1
54.95,1.5,11.85,1418.19,0
74.13,7.22,15.37,1418.06,1
99.09,10.55,24.39,1245.82,2
45.97,2.99,7.04,1427.41,0
109.35,13.7,18.15,1188.77,2
41.46,3.82,8.52,1351.7,0
108.45,12.07,15.72,1208.05,2
58.09,1.04,9.13,1441.99,0
46.17,3.44,11.27,1433.53,0
61.21,5.02,9.07,1292.61,1
72.23,7.0,14.22,1426.57,1
53.79,3.02,5.4,1363.16,0
44.68,2.96,10.59,1435.35,0
60.74,4.99,10.87,1433.62,0
54.95,1.73,6.99,1412.49,0
56.23,8.91,14.62,1409.48,1
59.22,1.36,10.44,1434.49,0
49.4,2.47,8.68,1471.32,0
46.91,3.27,8.16,1415.24,0
88.36,13.43,18.43,1238.09,2
42.97,1.59,6.3,1399.23,0
65.66,5.51,14.66,1295.4,1
42.26,4.21,10.63,1442.82,0
44.19,1.42,9.46,1455.97,0
79.54,14.27,21.91,1156.98,2
101.08,8.37,15.8,1250.68,2
49.64,2.36,8.79,1373.12,0
52.9,3.53,9.63,1350.19,0
79.12,6.32,12.16,1304.29,1
63.3,1.68,8.61,1373.66,0
55.27,2.64,10.88,1485.0,0
47.55,1.27,6.77,1379.68,0
81.84,12.62,24.17,1154.53,2
106.18,12.67,23.57,1118.74,2
63.61,7.06,13.95,1308.7,1
72.79,6.23,15.99,1373.06,1
70.18,5.27,15.03,1342.6,1
42.22,4.04,8.67,1396.0,0
49.66,3.85,11.91,1406.57,0
46.51,3.13,5.8,1490.27,0
54.33,4.94,7.04,1469.15,0
41.12,3.14,5.51,1470.29,0
47.94,2.75,9.27,1423.95,0
50.92,2.99,11.94,1360.33,0
74.33,6.9,14.93,1431.98,1
59.93,4.0,5.57,1454.6,0
99.22,9.76,24.1,1164.69,2
42.37,1.51,6.26,1380.55,0
74.12,4.54,14.27,1314.45,1
45.96,1.02,6.32,1350.61,0
48.45,2.57,11.04,1482.68,0
63.84,1.24,7.08,1394.71,0
41.63,2.86,11.36,1430.81,0
44.46,4.34,10.44,1463.37,0
52.68,4.62,5.39,1471.98,0
48.0,1.97,7.4,1469.5,0
49.66,1.77,11.75,1493.91,0
64.94,2.05,6.95,1489.6,0
58.69,4.65,10.28,1384.07,0
90.89,8.56,17.58,1151.25,2
82.46,13.24,17.04,1311.24,2
55.65,1.32,10.3,1465.26,0
42.28,1.82,5.22,1426.99,0
62.56,3.02,10.79,1398.01,0
53.66,1.25,11.17,1371.32,0
49.82,1.72,9.05,1493.7,0
59.49,2.01,10.81,1455.59,0
59.04,3.04,8.19,1437.62,0
52.22,3.58,11.43,1407.2,0
41.08,2.37,5.54,1408.94,0
62.47,5.79,15.73,1330.68,1
70.87,4.0,11.56,1437.14,1
56.23,3.98,9.08,1494.33,0
58.17,3.68,14.79,1321.55,1
50.58,1.5,9.72,1381.14,0
47.86,1.55,10.2,1481.98,0
69.27,4.8,14.65,1429.88,1
82.06,4.42,11.65,1311.36,1
52.39,1.85,8.16,1488.55,0
69.69,7.89,10.5,1347.6,1
53.35,1.95,10.21,1421.02,0
47.72,1.17,7.17,1358.99,0
52.86,3.39,5.23,1412.03,0
61.78,7.07,8.94,1295.26,1
49.09,2.49,11.95,1499.22,0
55.72,2.06,5.27,1418.34,0
63.66,1.42,7.39,1370.09,0
54.97,2.06,6.42,1391.07,0
43.03,3.24,6.86,1407.66,0
61.48,2.87,6.49,1490.19,0
41.41,1.41,8.02,1384.49,0
41.14,3.17,10.56,1441.56,0
47.33,1.37,6.6,1433.04,0
108.98,11.14,24.69,1168.38,2
46.82,1.32,5.95,1387.6,0
94.05,9.93,22.09,1159.73,2
60.02,2.19,8.45,1468.18,0
61.55,3.17,9.19,1416.76,0
46.87,1.13,7.94,1484.27,0
44.3,1.2,5.32,1378.07,0
50.23,2.18,5.38,1428.12,0
46.2,3.32,9.93,1471.93,0
64.67,2.5,7.59,1471.92,0
47.55,1.92,8.84,1399.09,0
54.84,3.01,5.91,1498.47,0
44.76,1.0,11.09,1464.74,0
48.66,1.98,9.58,1393.5,0
52.64,3.78,6.21,1477.89,0
41.54,1.83,8.4,1362.9,0
82.35,4.53,14.18,1325.13,1
106.44,10.22,24.63,1278.73,2
54.88,3.35,7.65,1462.47,0
58.31,4.97,6.82,1398.36,0
63.44,1.82,6.17,1377.28,0
59.4,2.95,6.57,1379.28,0
55.0,3.61,5.5,1352.66,0
60.18,4.59,10.52,1477.27,0
71.86,6.98,13.19,1341.88,1
58.02,3.9,9.78,1384.12,0
56.15,8.22,12.1,1347.7,1
60.95,4.9,12.14,1377.17,1
53.15,1.82,10.05,1413.24,0
66.84,6.88,9.2,1438.55,1
80.93,4.48,14.7,1308.78,1
75.36,8.33,11.59,1431.96,1
96.22,9.6,21.72,1235.99,2
61.04,1.93,6.31,1351.68,0
51.81,4.99,6.98,1409.12,0
55.37,2.04,7.65,1416.35,0
45.97,1.85,7.88,1455.6,0
80.51,6.85,14.67,1399.11,1
48.66,3.24,8.24,1418.97,0
47.83,1.42,8.92,1386.72,0
80.13,3.7,14.5,1375.91,1
46.11,4.69,8.9,1428.98,0
77.16,3.08,9.99,1316.45,1
51.49,3.77,5.02,1438.01,0
59.1,5.04,15.54,1365.49,1
55.24,1.36,9.87,1411.35,0
46.49,4.74,8.65,1376.02,0
41.74,3.37,9.22,1485.92,0
54.35,4.84,5.1,1386.04,0
64.85,4.48,8.26,1449.96,0
55.58,2.61,10.87,1422.35,0
43.78,4.97,11.1,1370.0,0
60.26,2.12,10.24,1474.86,0
50.18,1.39,11.63,1412.41,0
56.12,2.5,6.46,1458.05,0
42.6,4.45,11.46,1422.36,0
51.27,4.3,10.02,1487.04,0
63.82,3.5,10.02,1414.69,0
109.25,8.07,21.23,1190.82,2
64.87,5.44,15.25,1408.67,1
63.77,3.92,5.36,1482.64,0
78.52,6.12,14.86,1346.53,1
60.76,2.01,8.95,1410.81,0
42.36,3.78,10.07,1499.02,0
44.85,3.76,11.32,1374.56,0
45.82,2.76,8.94,1487.39,0
77.87,8.77,23.44,1124.11,2
60.44,1.39,9.76,1394.0,0
63.66,3.24,9.67,1366.93,0
53.41,4.77,9.86,1394.1,0
61.94,5.26,14.34,1369.77,1
62.0,2.7,10.06,1392.99,0
51.0,4.79,11.23,1448.93,0
56.06,1.98,5.76,1469.16,0
43.37,2.69,5.64,1389.49,0
47.39,4.89,11.84,1388.2,0
59.3,4.5,7.75,1471.71,0
90.26,11.01,21.78,1268.87,2
42.93,3.03,8.76,1451.37,0
100.75,8.11,23.8,1122.18,2
48.36,4.14,9.95,1468.29,0
54.91,2.1,5.56,1414.44,0
48.86,1.06,6.17,1400.3,0
70.06,7.48,11.96,1301.75,1
57.65,2.16,6.72,1398.64,0
61.3,3.92,9.89,1400.95,0
42.39,4.39,9.55,1373.68,0
42.25,3.25,5.8,1370.82,0
56.84,4.58,5.23,1471.87,0
57.64,3.8,10.98,1363.11,0
58.31,2.84,9.74,1430.74,0
64.98,1.34,8.98,1427.32,0
68.3,5.95,13.36,1317.61,1
42.6,2.2,11.99,1364.15,0
58.03,2.9,10.31,1422.98,0
94.97,13.56,22.05,1161.78,2
56.36,1.34,11.65,1366.04,0
69.79,8.08,12.81,1395.91,1
60.42,3.61,10.88,1491.67,0
64.16,1.45,5.74,1356.5,0
78.38,4.14,13.55,1382.45,1
61.74,4.56,8.14,1418.9,0
43.16,4.04,10.96,1388.55,0
48.11,3.53,5.31,1438.32,0
46.81,2.57,5.08,1495.37,0
48.73,1.65,6.61,1361.49,0
88.12,11.85,15.51,1193.75,2
56.34,2.55,9.53,1356.72,0
64.14,3.19,7.3,1364.32,0
79.08,6.26,9.2,1413.77,1
50.26,4.95,8.29,1388.46,0
59.08,3.99,8.57,1485.44,0
64.54,1.39,7.12,1445.73,0
50.98,1.65,10.26,1374.98,0
51.26,1.85,8.5,1458.04,0
79.37,6.44,9.52,1395.1,1
49.56,2.66,7.44,1385.31,0
53.49,1.73,8.07,1469.93,0
40.88,4.36,5.31,1485.93,0
75.29,8.85,22.33,1157.96,2
47.27,3.46,11.32,1494.34,0
41.14,4.73,9.4,1499.11,0
57.58,4.84,6.07,1479.41,0
59.43,1.63,5.86,1390.4,0
97.49,12.72,22.21,1157.31,2
57.67,4.16,6.36,1389.26,0
52.59,4.21,8.09,1423.59,0
60.96,3.03,14.52,1400.17,1
44.11,4.38,10.69,1421.47,0
44.88,3.82,10.41,1368.65,0
64.29,3.21,8.66,1298.62,1
49.53,1.64,5.26,1389.66,0
77.5,6.91,13.86,1294.95,1
47.74,4.9,7.88,1416.71,0
55.44,4.52,10.18,1419.26,0
58.04,1.24,10.32,1369.05,0
93.84,12.7,15.99,1183.73,2
61.26,8.58,8.93,1418.97,1
48.03,2.21,6.2,1480.23,0
99.26,10.84,18.9,1207.49,2
49.13,4.21,8.71,1452.67,0
64.12,3.49,11.15,1365.59,0
40.13,1.96,8.61,1457.04,0
75.54,7.32,8.38,1376.63,1
53.16,3.93,5.57,1359.05,0
45.84,4.85,9.56,1394.55,0
78.0,10.37,20.09,1250.92,2
62.86,1.8,10.75,1492.39,0
70.38,4.72,14.82,1381.46,1
49.93,2.35,8.99,1479.17,0
109.59,13.56,21.29,1214.41,2
92.51,9.59,15.03,1223.1,2
46.97,4.25,10.7,1453.71,0
56.08,3.65,7.47,1371.49,0
41.03,1.69,5.32,1420.29,0
77.94,6.44,15.65,1314.08,1
67.36,6.29,10.46,1356.54,1
56.55,3.03,5.89,1431.33,0
58.4,3.19,11.68,1377.47,0
70.22,5.89,10.72,1310.11,1
43.2,2.35,11.5,1383.69,0
79.42,6.11,15.29,1335.41,1
69.87,8.37,8.5,1435.79,1
68.5,6.19,11.43,1399.5,1
56.47,4.11,9.74,1422.27,0
48.48,3.29,8.13,1448.87,0
52.87,1.4,5.11,1494.55,0
50.32,4.58,7.52,1393.11,0
83.88,4.94,13.5,1323.87,1
64.5,4.96,15.34,1282.25,1
49.61,1.8,11.48,1457.15,0
56.07,2.53,11.7,1399.5,0
48.11,2.08,6.34,1454.2,0
60.51,4.21,9.3,1415.83,0
66.06,3.99,12.03,1390.86,1
46.36,1.09,11.63,1352.46,0
60.98,1.64,5.17,1417.36,0
69.91,5.77,13.12,1357.47,1
58.86,4.67,11.66,1436.57,0
64.43,3.96,8.16,1359.51,0
61.03,3.71,9.88,1430.39,0
49.34,2.53,11.77,1457.84,0
45.48,2.72,9.57,1459.07,0
62.77,4.29,11.65,1458.86,0
66.52,5.83,14.95,1350.52,1
60.19,4.41,8.1,1403.85,0
56.19,4.59,6.7,1489.06,0
57.42,3.52,11.14,1460.26,0
52.61,1.87,6.87,1375.59,0
46.93,2.8,7.69,1466.19,0
43.18,2.71,6.13,1455.05,0
44.05,4.71,7.79,1417.46,0
86.09,11.56,20.58,1227.47,2
48.76,3.57,6.52,1496.68,0
61.21,2.6,8.85,1456.01,0
42.37,2.33,7.61,1382.15,0
100.45,14.95,21.51,1147.84,2
88.45,8.27,15.31,1185.36,2
41.45,4.72,6.56,1499.95,0
55.6,3.11,7.98,1369.61,0
94.56,9.79,15.31,1173.99,2
62.2,2.32,9.33,1399.79,0
68.62,6.24,14.8,1361.62,1
50.52,4.85,6.92,1436.66,0
55.76,2.63,10.34,1368.74,0
71.76,4.39,9.06,1331.17,1
76.5,3.6,13.0,1299.21,1
50.55,3.8,9.53,1450.41,0
44.43,3.24,11.87,1427.75,0
47.61,3.1,8.02,1393.68,0
41.23,2.34,8.57,1429.85,0
54.27,3.37,10.43,1442.3,0
58.36,1.84,5.41,1432.85,0
83.41,6.61,9.24,1307.86,1
56.52,5.55,9.46,1283.66,1
46.19,1.25,8.21,1459.91,0
55.45,4.48,8.99,1354.56,0
44.04,2.49,10.93,1474.19,0
72.36,6.79,9.25,1360.57,1
44.14,3.41,11.06,1459.14,0
42.85,5.0,8.63,1486.49,0
80.16,7.8,10.1,1350.89,1
57.8,2.54,7.82,1467.49,0
52.14,3.17,10.36,1408.99,0
64.08,3.33,5.97,1431.89,0
40.87,2.04,6.95,1486.4,0
50.21,2.1,5.92,1472.87,0
64.3,7.31,9.56,1349.38,1
63.06,1.26,11.57,1354.22,0
78.56,13.84,18.82,1230.86,2
77.27,8.14,12.06,1386.19,1
40.43,4.6,11.46,1357.64,0
43.64,4.51,8.7,1420.09,0
62.74,3.68,10.81,1481.85,0
52.49,4.56,8.28,1379.35,0
52.62,4.0,10.62,1488.5,0
78.92,10.78,24.69,1290.41,2
54.84,1.66,5.86,1497.01,0
47.44,2.88,5.15,1468.4,0
64.56,1.24,8.42,1466.11,0
100.98,10.11,16.18,1287.7,2
49.16,4.46,7.26,1373.05,0
102.02,8.14,24.57,1270.6,2
42.69,2.09,7.82,1462.39,0
54.19,1.68,5.98,1443.47,0
46.49,2.82,7.6,1483.6,0
65.47,8.67,13.67,1351.71,1
55.27,3.75,9.92,1429.85,0
54.36,4.63,5.25,1473.98,0
61.9,3.11,5.63,1419.49,0
62.0,1.86,9.74,1441.16,0
46.07,1.67,9.15,1464.2,0
55.2,3.57,9.66,1405.78,0
60.21,3.38,8.84,1489.0,0
57.41,1.44,8.09,1471.35,0
49.91,3.18,9.09,1387.22,0
47.58,2.05,7.52,1363.15,0
51.15,4.1,7.57,1374.38,0
41.18,1.78,9.07,1467.92,0
67.32,5.1,8.99,1285.98,1
78.52,5.72,14.34,1422.57,1
85.52,11.1,22.55,1167.98,2
51.34,4.41,9.96,1354.94,0
53.48,1.92,10.5,1470.74,0
46.39,2.82,8.57,1396.33,0
75.92,7.29,11.69,1436.57,1
45.49,4.84,9.31,1433.53,0
72.47,8.31,9.69,1322.91,1
61.44,4.57,5.64,1494.78,0
59.82,8.86,10.52,1352.92,1
49.73,1.98,10.28,1445.92,0
50.35,4.27,7.71,1440.47,0
61.76,3.44,7.07,1396.68,0
40.48,1.08,8.35,1431.29,0
45.45,3.23,8.27,1436.37,0
52.62,4.02,5.13,1432.01,0
40.47,2.81,9.6,1371.37,0
48.22,3.88,9.51,1399.92,0
60.44,3.13,7.37,1448.69,0
82.92,3.52,14.4,1301.87,1
46.27,4.58,10.01,1445.93,0
67.15,3.23,8.39,1328.27,1
47.33,3.22,11.29,1394.27,0
63.06,2.76,10.86,1424.38,0
44.65,1.76,9.86,1410.99,0
42.21,3.96,6.54,1364.65,0
64.32,5.87,15.13,1417.05,1
77.79,13.88,23.29,1170.84,2
47.86,1.59,10.75,1417.32,0
61.47,2.28,7.02,1399.12,0
64.63,4.56,10.4,1411.73,0
42.54,2.16,9.03,1352.4,0
52.81,4.16,11.8,1403.82,0
44.46,3.05,10.7,1466.53,0
60.75,1.68,7.61,1440.05,0
55.6,1.77,6.04,1393.96,0
61.93,4.47,8.16,1352.3,0
81.34,8.47,22.41,1226.38,2
72.97,4.64,11.8,1349.41,1
43.75,4.03,8.97,1408.0,0
50.43,4.64,8.77,1403.06,0
48.52,3.9,9.78,1442.86,0
52.35,1.65,11.13,1489.84,0
53.27,4.9,8.75,1417.16,0
43.12,2.91,10.51,1481.31,0
43.27,1.67,6.39,1466.09,0
60.32,4.32,10.52,1413.99,1
56.19,1.4,5.29,1479.24,0
57.76,4.64,10.89,1426.67,0
59.89,4.63,8.35,1341.95,1
78.72,4.76,14.93,1402.85,1
55.09,4.72,10.95,1360.15,0
58.42,2.81,11.92,1358.21,0
64.61,3.17,9.64,1391.82,0
95.76,12.38,19.34,1175.3,2
56.84,4.88,9.59,1383.66,0
55.61,6.78,11.49,1357.63,1
50.32,1.91,9.09,1405.72,0
56.73,3.84,13.73,1354.34,1
46.42,2.03,9.08,1401.22,0
57.76,2.54,11.39,1431.04,0
59.43,1.88,10.64,1451.1,0
47.02,3.65,11.87,1444.01,0
57.23,6.47,10.48,1366.44,1
42.7,1.51,8.24,1459.64,0
63.77,3.93,9.19,1373.4,0
62.12,3.46,8.0,1377.35,0
56.16,4.9,10.93,1353.54,0
40.48,2.04,10.32,1370.57,0
81.42,9.22,19.8,1120.28,2
46.23,2.26,7.26,1493.31,0
42.04,1.54,6.09,1444.56,0
40.09,3.45,5.21,1425.62,0
64.29,2.33,8.37,1379.41,0
75.12,8.37,8.46,1381.48,1
49.98,1.9,6.55,1367.85,0
45.13,2.78,9.74,1466.63,0
64.84,2.34,6.79,1403.09,0
60.37,3.15,11.1,1470.25,0
42.36,3.33,5.36,1400.54,0
47.09,2.45,9.52,1435.62,0
48.29,2.84,11.69,1397.01,0
62.73,4.83,5.54,1429.85,0
41.05,4.05,9.01,1472.23,0
54.61,3.43,5.44,1410.35,0
104.87,10.72,24.14,1175.38,2
55.5,2.61,7.02,1471.4,0
40.86,2.99,6.08,1377.44,0
57.02,2.36,7.53,1397.14,0
80.3,5.91,10.67,1414.56,1
55.03,4.99,5.37,1466.77,0
77.96,8.48,20.96,1259.0,2
48.63,2.34,11.85,1478.48,0
55.17,4.21,5.93,1447.83,0
53.66,3.81,12.0,1415.29,0
49.39,3.31,8.07,1352.6,0
68.3,3.16,13.68,1430.42,1
52.91,1.15,11.7,1376.14,0
72.85,4.95,8.2,1407.53,1
49.31,2.82,6.24,1445.1,0
58.9,1.66,5.45,1475.4,0
59.94,3.84,8.69,1427.18,0
44.83,4.24,5.44,1475.2,0
50.63,1.45,10.52,1369.24,0
57.47,2.82,8.72,1371.96,0
40.13,2.12,9.24,1456.75,0
42.25,4.14,7.27,1450.17,0
50.3,1.14,8.49,1433.13,0
44.55,4.16,9.61,1424.73,0
44.91,1.84,11.95,1435.62,0
61.76,1.59,10.89,1391.59,0
51.41,2.64,10.85,1407.1,0
90.09,10.43,15.5,1111.61,2
53.39,4.98,8.11,1432.69,0
74.4,3.17,15.59,1426.36,1
64.82,3.49,5.25,1352.59,0
100.92,9.99,18.79,1143.87,2
45.68,2.33,5.22,1441.19,0
49.77,3.38,8.48,1498.17,0
64.89,4.09,6.75,1360.12,0
46.05,1.68,10.42,1369.46,0
90.2,9.05,19.66,1249.39,2
52.65,3.77,6.45,1451.78,0
43.51,4.16,6.6,1435.36,0
54.23,4.47,9.08,1457.7,0
42.41,1.39,11.62,1490.41,0
42.4,4.81,11.08,1359.84,0
44.23,4.91,10.97,1424.75,0
49.41,4.24,11.91,1372.56,0
52.64,3.48,11.26,1378.84,0
63.08,3.76,5.89,1403.51,0
99.26,8.5,16.89,1269.69,2
46.41,2.0,9.31,1472.25,0
56.86,4.92,11.9,1453.0,0
50.74,3.51,10.77,1401.12,0
50.99,1.27,8.25,1473.11,0
61.33,8.05,8.24,1423.45,1
64.07,4.18,9.91,1359.04,0
56.54,7.8,12.19,1356.4,1
79.07,7.03,9.57,1361.65,1
81.59,6.25,8.98,1394.21,1
61.52,3.64,12.92,1419.79,1
40.94,2.27,8.31,1361.14,0
64.78,7.23,11.48,1419.15,1
106.55,9.89,23.04,1319.03,2
59.55,3.78,11.92,1426.55,0
46.18,2.04,11.13,1427.27,0
54.75,3.96,7.23,1365.71,0
59.39,3.28,10.32,1372.48,0
52.38,1.14,11.37,1388.82,0
60.05,1.28,9.33,1355.36,0
66.32,3.96,14.4,1336.56,1
47.34,4.91,8.06,1420.78,0
51.52,4.06,8.52,1419.46,0
61.25,3.83,11.08,1356.96,0
109.76,8.31,22.61,1181.78,2
56.73,1.63,8.17,1410.12,0
42.59,4.25,5.27,1448.84,0
49.48,3.17,8.29,1357.22,0
62.32,3.67,11.05,1493.47,0
45.24,2.82,11.36,1365.67,0
52.08,1.75,9.93,1362.06,0
61.95,3.4,9.35,1474.3,0
48.79,1.25,11.9,1354.73,0
58.11,1.17,8.4,1469.45,0
57.35,7.32,10.78,1449.12,1
54.33,4.38,11.54,1390.34,0
55.67,1.58,10.76,1385.25,0
66.3,5.07,14.65,1320.39,1
99.26,9.06,24.69,1180.39,2
48.7,1.68,6.57,1350.95,0
59.03,1.05,11.78,1378.59,0
57.88,3.94,11.98,1465.33,0
45.12,2.39,7.84,1491.69,0
94.04,10.92,23.6,1313.34,2
84.4,8.73,14.82,1423.97,1
43.99,4.16,9.31,1356.73,0
51.31,3.67,11.14,1374.79,0
87.3,14.9,18.05,1123.96,2
41.76,4.64,6.33,1473.19,0
43.17,4.45,10.92,1402.17,0
42.84,4.7,11.14,1388.69,0
81.79,4.71,13.49,1293.23,1
54.86,3.58,9.95,1473.35,0
44.62,1.92,6.84,1384.53,0
55.72,1.05,9.98,1440.46,0
74.36,3.72,10.43,1404.71,1
42.8,4.44,7.54,1382.79,0
46.24,2.5,6.28,1431.79,0
51.15,4.74,9.61,1481.29,0
76.06,4.98,14.65,1362.85,1
92.74,10.87,23.11,1283.88,2
58.65,1.66,6.67,1386.38,0
56.43,4.98,9.56,1441.0,0
54.33,2.3,11.89,1365.67,0
54.42,4.65,10.9,1438.02,0
45.93,4.1,6.68,1459.37,0
65.93,3.96,11.23,1374.4,1
58.35,2.1,11.44,1392.08,0
51.92,2.25,5.02,1464.67,0
80.62,4.03,10.17,1328.56,1
69.43,7.64,15.27,1312.2,1
55.69,2.58,5.07,1451.08,0
52.4,4.72,11.23,1467.87,0
61.62,2.28,6.25,1385.91,0
57.17,8.26,12.19,1349.41,1
101.27,8.01,22.66,1262.75,2
49.57,1.04,5.18,1358.14,0
62.72,2.64,10.95,1387.39,0
48.92,2.42,10.8,1468.39,0
63.42,3.15,13.16,1310.11,1
55.93,3.96,6.27,1493.85,0
69.27,6.22,14.17,1392.42,1
69.14,8.21,10.33,1301.9,1
49.42,3.16,6.61,1384.13,0
47.77,5.0,10.24,1442.16,0
47.59,3.24,9.69,1354.0,0
49.48,3.18,5.57,1467.57,0
42.64,3.97,7.41,1354.11,0
42.76,1.88,8.25,1414.99,0
64.05,1.41,5.85,1455.26,0
47.81,4.34,5.28,1453.72,0
100.78,8.61,15.2,1258.24,2
63.94,2.45,5.33,1495.55,0
75.87,10.64,23.96,1160.42,2
62.69,4.62,11.47,1424.42,0
61.68,3.68,8.14,1423.19,0
50.59,1.19,9.19,1440.43,0
51.48,4.9,5.32,1492.65,0
56.89,2.66,5.87,1412.99,0
65.65,8.72,14.81,1330.09,1
43.1,3.54,10.63,1494.56,0
57.28,1.67,7.17,1425.5,0
75.33,6.4,15.97,1316.94,1
57.9,3.82,9.36,1498.52,0
76.56,6.0,10.19,1429.13,1
44.57,4.58,10.21,1365.85,0
40.18,1.14,6.03,1378.14,0
45.5,2.37,5.2,1397.24,0
55.46,4.36,15.77,1417.46,1
48.8,2.7,7.98,1490.48,0
58.99,1.82,9.97,1353.17,0
107.03,10.74,19.34,1254.55,2
98.25,8.05,16.04,1288.75,2
61.56,1.72,8.81,1492.58,0
47.54,1.8,10.42,1456.89,0
92.56,9.54,18.91,1235.12,2
44.53,2.08,7.93,1404.69,0
41.72,2.45,11.55,1479.39,0
48.39,3.72,8.5,1489.94,0
64.42,1.83,6.7,1400.6,0
62.3,4.95,10.82,1435.17,1
60.9,2.69,10.03,1414.42,0
50.49,3.46,5.06,1457.9,0
47.76,4.42,10.38,1428.52,0
60.59,2.0,5.98,1397.38,0
49.86,1.01,5.84,1430.18,0
43.22,4.52,8.0,1361.1,0
55.79,7.38,11.09,1383.92,1
42.67,1.61,5.43,1387.7,0
82.69,8.78,8.07,1442.89,1
104.65,10.17,16.96,1220.59,2
56.53,1.31,8.81,1456.4,0
60.48,3.7,14.71,1412.02,1
56.87,4.65,8.49,1412.16,0
46.25,1.73,10.48,1383.33,0
41.55,2.36,8.54,1374.29,0
42.02,2.61,6.21,1454.24,0
72.72,6.11,8.1,1412.75,1
64.3,1.74,7.86,1445.97,0
41.07,2.52,10.65,1394.28,0
44.57,1.57,11.62,1498.02,0
76.88,7.99,9.69,1388.84,1
63.82,6.45,11.32,1300.02,1
58.65,3.57,6.75,1426.1,0
58.66,3.71,11.47,1371.85,0
55.6,4.4,15.56,1345.49,1
79.11,4.12,15.14,1371.69,1
44.79,2.54,8.39,1403.25,0
46.34,1.91,5.08,1369.55,0
58.1,4.25,9.75,1441.04,0
78.23,7.36,15.18,1407.98,1
43.39,1.49,7.52,1423.41,0
63.95,2.47,7.29,1372.33,0
74.83,5.98,8.02,1384.29,1
43.39,4.25,11.5,1379.92,0
40.79,2.81,11.6,1487.59,0
68.3,6.52,15.81,1370.49,1
56.54,3.41,6.14,1385.07,0
59.24,1.52,9.0,1391.32,0
87.24,10.87,20.26,1275.21,2
56.84,4.48,15.0,1432.83,1
102.09,11.39,15.1,1253.45,2
79.22,8.2,16.1,1301.15,2
57.23,5.25,10.68,1448.84,1
95.14,8.95,20.48,1139.81,2
55.68,4.92,8.25,1472.62,0
62.05,1.79,7.52,1434.8,0
42.77,4.8,9.36,1359.0,0
64.61,3.67,7.0,1437.87,0
79.77,5.44,13.5,1331.54,1
75.47,5.43,12.44,1323.06,1
82.45,7.54,14.58,1316.8,1
52.52,4.62,9.42,1409.72,0
53.83,3.78,6.93,1435.48,0
55.34,1.95,5.74,1357.53,0
60.81,2.89,8.53,1384.39,0
54.27,1.24,11.72,1366.49,0
44.71,1.36,5.68,1465.26,0
51.85,1.16,7.48,1459.65,0
51.43,3.03,6.87,1361.15,0
53.57,1.52,7.63,1364.87,0
51.16,2.37,11.02,1469.24,0
89.07,14.05,20.49,1246.65,2
88.69,10.94,24.69,1252.81,2
40.73,3.86,7.15,1454.72,0
61.81,2.72,8.06,1406.9,0
77.57,12.9,22.3,1285.62,2
58.38,2.16,7.12,1467.45,0
64.02,3.25,8.94,1491.53,0
44.94,3.19,5.81,1353.47,0
60.88,2.31,8.42,1491.17,0
40.61,2.59,8.38,1375.38,0
46.8,1.03,11.85,1494.86,0
55.11,2.84,10.8,1474.43,0
57.66,3.15,9.88,1336.62,1
102.75,12.05,21.47,1304.72,2
44.22,3.32,7.61,1419.34,0
61.23,1.51,9.09,1409.09,0
50.13,3.38,5.75,1352.54,0
41.11,1.14,6.87,1378.52,0
61.81,3.75,7.42,1414.12,0
43.44,2.76,6.03,1485.25,0
64.8,1.22,8.44,1363.71,0
94.98,9.5,23.18,1293.58,2
56.29,3.85,9.82,1397.9,0
59.06,4.96,10.44,1394.39,0
45.53,2.82,7.32,1456.89,0
44.48,2.79,5.29,1421.63,0
52.89,2.96,9.67,1370.95,0
84.39,8.29,22.05,1199.22,2
48.09,3.26,7.5,1486.56,0
55.77,1.04,10.61,1360.03,0
47.88,2.43,7.84,1492.77,0
47.57,3.45,8.07,1459.01,0
42.78,4.11,10.31,1396.13,0
68.2,7.52,12.65,1343.71,1
49.5,4.49,9.64,1401.26,0
59.08,7.23,15.36,1377.98,1
62.84,4.16,7.57,1359.72,0
69.97,3.07,8.07,1340.69,1
99.13,12.74,17.16,1244.95,2
64.84,4.01,8.06,1442.73,0
41.24,4.3,7.28,1366.28,0
67.55,3.82,14.79,1444.84,1
42.13,4.99,8.52,1439.31,0
44.99,3.72,5.51,1354.6,0
59.73,4.63,9.86,1347.84,1
40.06,3.0,9.34,1466.41,0
56.2,4.63,7.92,1397.16,0
58.5,1.97,5.72,1376.34,0
40.59,3.57,9.25,1432.0,0
49.79,1.77,9.92,1451.75,0
55.83,1.33,9.82,1364.23,0
58.95,1.13,8.86,1495.43,0
49.94,2.1,11.89,1411.4,0
59.94,2.24,8.19,1351.74,0
58.38,7.42,10.2,1388.65,1
55.34,2.8,7.25,1361.6,0
62.98,4.6,8.14,1391.16,0
49.63,4.4,7.22,1375.42,0
45.8,4.19,8.94,1350.87,0
69.07,3.34,8.36,1306.84,1
51.27,2.33,11.7,1473.39,0
50.34,3.59,6.8,1415.21,0
55.19,1.85,8.32,1479.5,0
55.11,4.05,8.66,1384.02,0
63.21,1.26,8.85,1438.63,0
53.55,3.99,5.25,1493.63,0
75.97,13.01,17.21,1254.31,2
49.71,4.8,7.6,1375.05,0
82.84,5.95,14.66,1404.43,1
40.23,1.94,5.96,1441.82,0
46.58,2.77,9.49,1425.12,0
78.3,7.63,14.76,1409.37,1
48.39,4.18,6.28,1402.0,0
74.86,5.13,14.47,1330.1,1
64.04,1.77,11.37,1440.91,0
50.05,3.3,9.08,1462.5,0
60.8,2.98,5.83,1352.05,0
45.54,1.14,7.86,1393.38,0
46.68,4.47,10.39,1350.28,0
50.34,3.94,10.8,1359.34,0
61.01,4.48,15.62,1302.99,1
46.55,4.92,10.58,1395.27,0
43.69,2.4,10.81,1483.9,0
46.61,4.58,5.67,1411.72,0
57.93,2.58,6.63,1401.44,0
41.86,3.24,7.51,1364.5,0
57.62,3.97,11.21,1383.43,0
73.67,5.75,13.68,1448.82,1
62.31,1.74,5.55,1385.93,0
54.64,2.79,9.0,1370.02,0
48.38,1.15,6.99,1375.94,0
55.2,3.47,8.5,1424.07,0
61.34,1.97,11.13,1352.86,0
76.88,8.01,11.88,1444.67,1
61.43,4.71,5.65,1364.37,0
44.99,3.33,9.74,1499.59,0
70.29,5.53,11.18,1284.5,1
49.27,1.69,6.77,1481.64,0
47.82,3.62,6.62,1352.16,0
55.27,1.16,11.79,1487.8,0
56.52,1.97,11.57,1351.64,0
42.18,3.47,5.8,1401.78,0
62.84,1.94,9.04,1404.15,0
50.03,4.62,5.65,1420.97,0
49.12,4.93,10.84,1421.95,0
64.04,2.22,7.95,1409.41,0
64.78,1.51,5.73,1458.65,0
44.93,1.39,6.17,1488.56,0
53.14,4.43,7.23,1413.77,0
61.06,2.45,9.62,1420.62,0
42.95,3.39,5.62,1464.9,0
89.52,10.29,21.07,1304.7,2
59.7,3.7,7.88,1484.43,0
61.83,3.55,10.33,1374.01,0
52.12,1.66,11.62,1477.5,0
62.77,7.25,9.72,1286.86,1
74.95,4.6,8.94,1282.73,1
58.28,1.97,6.2,1429.48,0
47.13,1.76,6.17,1459.27,0
62.05,4.42,5.45,1393.39,0
103.68,8.51,19.49,1239.7,2
51.73,4.01,10.53,1424.85,0
89.24,14.29,16.71,1193.58,2
60.01,4.44,11.88,1367.36,0
44.93,1.57,9.85,1429.29,0
79.82,3.99,12.29,1294.22,1
47.13,4.39,9.57,1416.87,0
58.98,4.4,11.63,1367.91,1
55.17,8.95,9.46,1359.94,1
62.69,1.32,8.52,1426.96,0
81.33,13.98,19.92,1154.39,2
60.76,2.42,6.97,1476.13,0
62.56,2.18,5.06,1379.51,0
103.85,14.81,16.8,1146.97,2
48.27,1.36,8.94,1421.86,0
51.87,2.21,8.78,1387.26,0
61.51,1.79,5.02,1480.62,0
40.5,3.55,11.11,1376.44,0
53.08,4.43,10.01,1498.56,0
50.81,1.32,10.42,1387.97,0
55.69,3.26,9.29,1432.39,0
89.98,10.9,19.63,1125.55,2
82.16,7.77,12.67,1394.12,1
76.41,10.78,24.48,1154.92,2
40.1,2.08,8.49,1464.07,0
51.09,1.99,7.78,1497.91,0
41.65,2.25,8.97,1487.76,0
64.65,4.56,9.75,1389.25,0
49.48,4.64,9.31,1411.79,0
77.98,5.27,11.83,1311.64,1
62.41,2.53,9.83,1439.74,0
96.89,11.39,20.8,1264.63,2
55.16,8.6,12.09,1399.12,1
40.07,2.8,7.47,1433.24,0
55.5,1.1,5.56,1447.38,0
83.08,9.8,18.62,1289.08,2
105.74,8.83,18.39,1156.28,2
43.46,2.76,8.47,1410.55,0
57.68,4.27,12.02,1283.4,1
57.43,5.78,11.18,1407.84,1
81.13,3.12,14.55,1425.04,1
57.62,4.09,8.99,1390.62,0
61.87,2.89,7.55,1402.01,0
60.19,1.54,9.17,1401.41,0
41.92,3.33,11.27,1433.32,0
45.81,2.12,10.62,1489.38,0
75.22,6.99,12.78,1314.5,1
56.01,2.87,11.01,1401.36,0
52.58,4.06,8.4,1372.41,0
55.43,3.4,11.02,1350.5,0
86.9,13.0,22.54,1210.89,2
80.38,4.1,15.65,1344.03,1
81.26,11.38,24.09,1170.97,2
80.37,12.2,21.57,1192.17,2
52.61,2.04,5.06,1447.24,0
40.85,3.83,10.99,1370.73,0
76.59,4.6,14.78,1304.29,1
47.05,3.12,5.36,1373.78,0
61.14,3.77,8.01,1450.94,0
56.57,2.6,5.36,1387.91,0
56.32,6.14,12.6,1345.03,1
57.38,3.59,9.69,1446.76,0
52.99,2.01,11.99,1390.04,0
63.52,3.65,11.1,1474.12,0
42.79,3.64,9.73,1404.92,0
64.45,4.38,8.18,1466.27,0
57.05,8.73,9.54,1430.07,1
57.06,4.96,5.09,1395.92,0
42.03,4.11,7.45,1384.14,0
65.28,8.73,12.54,1292.28,1
48.27,2.85,5.55,1403.6,0
43.69,1.11,11.93,1391.83,0
58.52,3.41,9.7,1408.37,0
64.23,1.56,9.11,1380.15,0
58.41,4.27,8.61,1478.24,0
50.41,2.8,9.19,1360.76,0
53.04,1.45,10.57,1434.66,0
83.55,5.13,11.5,1394.12,1
53.84,1.98,9.12,1414.79,0
42.21,3.44,7.02,1374.05,0
100.1,9.75,20.91,1217.5,2
64.06,5.23,9.32,1315.56,1
40.34,2.75,7.02,1397.91,0
54.8,3.95,9.0,1360.01,0
76.2,7.56,12.19,1437.12,1
84.02,5.16,11.48,1351.65,1
83.55,4.38,12.94,1430.82,1
57.57,4.77,6.87,1416.02,0
58.6,3.01,5.47,1458.54,0
54.44,3.28,7.33,1397.33,0
64.33,4.04,11.77,1415.96,0
41.65,3.59,11.75,1432.78,0
55.91,4.75,10.5,1390.97,0
54.76,4.24,5.29,1489.3,0
52.35,4.13,9.62,1415.39,0
52.95,1.86,6.98,1410.05,0
77.3,13.19,18.78,1308.73,2
45.79,2.01,8.27,1484.67,0
58.15,4.38,7.84,1403.52,0
44.08,4.14,10.14,1407.65,0
56.38,3.41,5.19,1368.4,0
78.88,10.96,15.42,1262.78,2
78.17,3.74,9.79,1377.84,1
43.21,2.44,5.44,1496.95,0
54.39,1.11,7.68,1386.96,0
102.13,14.58,23.95,1231.54,2
50.21,3.52,7.33,1475.51,0
47.99,2.41,7.01,1477.99,0
83.89,5.99,12.93,1336.93,1
52.28,4.69,8.36,1352.1,0
47.14,4.47,6.57,1494.48,0
82.92,6.79,13.81,1420.07,1
62.47,3.84,11.8,1445.36,0
69.98,5.12,15.47,1289.23,1
41.65,4.2,6.1,1377.98,0
60.46,1.07,9.07,1482.12,0
45.92,2.78,9.43,1445.49,0
56.28,1.43,9.6,1499.91,0
73.24,7.57,11.59,1343.12,1
49.16,1.42,11.91,1362.88,0
82.17,5.36,10.51,1441.85,1
106.41,8.15,23.59,1302.27,2
55.04,4.87,6.56,1382.18,0
44.19,3.65,8.85,1368.31,0
56.26,2.32,7.74,1389.32,0
53.42,4.04,10.72,1400.58,0
82.37,4.6,11.7,1373.35,1
61.12,1.0,6.18,1354.56,0
59.67,3.47,8.69,1350.56,0
43.53,4.37,10.02,1473.21,0
65.39,7.65,10.1,1335.86,1
76.44,7.96,9.6,1285.88,1
60.24,1.97,11.18,1434.16,0
53.93,2.47,6.37,1387.28,0
57.76,8.01,10.89,1384.08,1
76.52,12.3,21.93,1123.62,2
52.44,3.32,7.3,1475.91,0
59.64,3.5,7.36,1472.67,0
109.09,8.44,24.23,1118.21,2
62.62,4.27,10.08,1441.47,0
45.21,4.06,11.64,1457.53,0
55.99,2.78,5.57,1406.67,0
76.21,3.24,12.37,1295.01,1
81.15,10.76,22.12,1279.39,2
86.28,13.9,23.73,1319.14,2
57.29,8.58,11.17,1436.67,1
53.5,3.3,9.04,1477.83,0
106.15,13.72,16.57,1313.26,2
47.3,2.96,5.77,1420.74,0
53.93,3.97,6.96,1434.74,0
78.53,8.54,11.01,1366.06,1
41.43,2.51,7.53,1451.07,0
57.57,3.98,6.77,1481.35,0
78.69,14.95,16.26,1137.6,2
43.78,4.14,5.85,1378.4,0
44.12,4.56,11.94,1403.55,0
42.95,4.51,10.86,1394.28,0
61.59,7.96,8.98,1385.77,1
72.39,6.12,15.45,1438.51,1
57.44,2.86,10.3,1437.67,0
43.35,1.5,5.33,1477.63,0
42.0,3.52,5.69,1440.96,0
60.07,4.99,5.21,1484.6,0
63.94,4.81,6.96,1459.73,0
66.62,7.31,14.41,1408.06,1
40.87,3.17,7.71,1365.16,0
58.67,3.25,5.58,1377.84,0
79.81,8.18,12.56,1427.38,1
43.49,3.11,6.22,1483.48,0
42.13,3.39,9.81,1383.05,0
53.61,1.82,9.87,1461.17,0
49.32,4.73,11.14,1409.14,0
51.73,4.73,10.04,1361.61,0
108.73,13.21,18.89,1290.34,2
48.2,4.51,11.05,1376.82,0
73.48,8.22,10.21,1312.64,1
50.74,3.97,6.89,1434.35,0
64.27,4.27,6.18,1470.49,0
62.29,4.68,12.8,1433.33,1
59.82,4.75,10.45,1440.84,0
61.68,8.81,13.09,1397.73,1
47.54,2.54,10.98,1462.35,0
45.19,1.15,7.98,1414.93,0
65.08,3.81,13.11,1341.35,1
43.13,4.23,10.0,1369.42,0
40.14,1.75,5.7,1404.5,0
76.26,6.48,8.88,1400.86,1
58.32,2.62,5.48,1467.56,0
57.62,1.82,11.26,1489.29,0
62.21,7.57,14.63,1353.24,1
44.61,2.45,7.34,1353.93,0
91.75,10.38,22.42,1292.9,2
61.6,1.38,7.56,1490.09,0
49.46,4.93,10.06,1394.93,0
40.76,4.43,10.13,1406.77,0
77.58,11.88,24.69,1215.08,2
46.77,1.12,9.24,1409.36,0
91.32,14.75,20.39,1151.73,2
59.62,1.37,11.18,1450.63,0
41.88,1.54,9.51,1400.95,0
50.51,4.72,9.95,1399.12,0
49.37,4.2,10.84,1395.63,0
63.04,4.03,10.12,1456.38,0
48.49,2.8,11.09,1381.65,0
46.1,2.19,8.92,1409.69,0
56.3,7.82,12.26,1346.59,1
58.25,2.23,6.84,1440.13,0
56.75,4.19,8.78,1400.6,0
49.34,3.15,8.17,1483.44,0
51.91,1.5,6.19,1477.82,0
46.59,3.45,7.41,1396.36,0
55.24,3.06,11.49,1428.16,0
57.35,2.86,5.49,1488.78,0
84.75,14.64,16.56,1185.63,2
53.39,2.25,6.58,1425.87,0
63.32,4.58,6.33,1401.52,0
78.51,3.68,15.3,1313.09,1
65.47,7.99,12.27,1307.04,1
55.1,4.82,7.52,1482.47,0
60.02,4.59,11.56,1401.08,1
102.01,14.29,18.34,1318.25,2
53.07,2.71,5.18,1366.18,0
42.02,3.63,9.58,1364.24,0
52.0,4.47,6.76,1365.14,0
42.16,1.97,10.16,1475.7,0
58.64,4.56,8.08,1401.38,0
75.17,5.18,15.67,1431.9,1
74.98,3.19,9.91,1418.09,1
48.26,3.26,10.95,1380.23,0
47.33,4.79,7.74,1382.53,0
67.59,8.89,10.8,1436.69,1
75.64,8.63,13.78,1312.38,1
41.06,2.99,8.81,1375.27,0
60.8,4.36,8.67,1306.61,1
55.97,4.38,5.1,1489.37,0
48.47,4.03,8.81,1481.53,0
64.21,2.81,11.62,1451.52,0
88.69,8.56,15.9,1229.97,2
61.43,3.35,10.45,1471.32,0
64.53,1.42,8.94,1350.91,0
60.76,6.47,8.53,1321.98,1
44.17,1.08,6.86,1395.96,0
47.77,4.48,6.19,1402.87,0
49.88,4.93,6.71,1406.46,0
53.05,3.34,5.06,1464.15,0
109.2,10.32,24.64,1165.97,2
46.56,3.31,8.84,1391.08,0
77.6,11.43,22.33,1110.12,2
58.71,4.66,8.04,1388.81,0
94.31,13.57,18.33,1230.38,2
63.17,3.79,6.8,1434.61,0
84.06,4.39,8.75,1324.72,1
62.65,4.01,5.16,1471.81,0
50.48,3.8,7.88,1425.7,0
55.98,1.8,10.79,1451.49,0
40.65,2.31,10.38,1365.62,0
44.82,4.09,11.23,1471.64,0
48.5,1.32,8.1,1389.16,0
61.73,4.34,12.3,1380.8,1
74.23,3.36,8.77,1286.45,1
56.82,1.32,11.66,1475.77,0
43.69,1.07,6.62,1400.15,0
57.07,5.48,10.61,1435.32,1
48.43,4.14,7.87,1452.69,0
53.95,2.99,9.22,1354.82,0
46.44,1.98,10.0,1428.21,0
67.45,3.04,14.32,1429.75,1
49.12,1.23,11.67,1397.6,0
43.69,1.29,10.69,1462.86,0
40.49,4.76,11.77,1395.7,0
58.43,2.9,7.63,1409.17,0
49.92,2.48,6.99,1486.76,0
96.94,10.33,19.27,1313.34,2
46.0,3.07,8.56,1383.97,0
62.82,3.79,6.53,1397.37,0
84.2,8.81,14.0,1302.11,1
44.29,3.26,9.92,1380.37,0
47.21,1.0,7.54,1441.03,0
106.59,14.95,20.51,1175.74,2
46.9,3.46,11.6,1369.9,0
59.83,4.08,9.67,1478.22,0
89.43,14.22,16.99,1148.71,2
44.09,1.38,8.31,1419.74,0
58.76,4.0,8.66,1391.38,0
44.06,4.58,9.8,1387.49,0
41.32,4.34,5.83,1356.77,0
59.4,3.45,5.49,1426.29,0
56.56,3.44,10.44,1432.74,0
63.37,4.33,11.94,1443.46,0
57.27,1.15,8.09,1467.88,0
79.24,7.61,8.91,1389.46,1
45.34,1.92,9.2,1436.49,0
44.17,1.7,5.07,1442.0,0
72.5,4.05,10.72,1334.02,1
102.46,12.57,19.34,1124.66,2
106.48,9.11,24.14,1293.26,2
73.26,8.83,10.99,1395.85,1
47.38,4.81,8.64,1377.38,0
40.38,4.59,8.69,1477.47,0
44.56,3.47,6.64,1361.99,0
95.25,14.91,18.72,1200.68,2
67.33,6.78,13.59,1400.89,1
62.76,3.42,7.53,1468.17,0
69.62,3.98,8.36,1319.35,1
52.86,4.1,10.13,1389.18,0
47.51,2.18,7.53,1443.4,0
55.34,1.67,11.94,1384.75,0
80.02,3.08,10.84,1406.28,1
41.57,3.81,11.21,1469.33,0
56.1,3.25,6.38,1386.52,0
54.14,1.08,5.24,1416.87,0
45.89,4.17,5.65,1415.62,0
71.14,4.3,10.48,1444.33,1
47.74,3.47,8.74,1382.74,0
56.37,3.63,11.52,1360.94,1
51.17,2.02,10.78,1422.79,0
44.97,1.99,7.14,1433.27,0
59.08,1.04,7.28,1382.15,0
81.03,6.28,15.29,1424.23,1
87.46,11.12,24.59,1233.9,2
54.59,4.94,5.67,1392.86,0
54.11,1.46,11.98,1413.83,0
106.8,9.75,22.2,1106.66,2
61.14,2.19,7.48,1485.89,0
102.33,9.98,20.64,1188.95,2
58.4,1.03,8.77,1469.07,0
76.1,11.25,24.88,1314.99,2
76.62,6.94,9.24,1325.56,1
60.15,2.12,6.34,1425.64,0
62.08,2.66,7.71,1448.95,0
71.7,8.3,10.46,1397.64,1
57.52,5.49,13.6,1442.64,1
55.33,3.63,5.18,1431.06,0
49.68,1.21,8.35,1461.0,0
42.44,3.87,11.45,1374.32,0
64.48,3.29,11.64,1416.62,0
58.34,2.24,6.41,1471.15,0
47.15,4.73,7.5,1366.16,0
44.66,2.33,8.95,1458.97,0
54.45,4.17,8.73,1411.38,0
56.55,4.0,10.28,1436.68,0
42.71,4.0,7.14,1492.72,0
68.49,4.17,10.94,1350.4,1
50.68,4.6,8.63,1425.88,0
40.55,3.51,9.08,1498.04,0
95.12,14.23,21.51,1204.55,2
45.42,2.63,7.68,1369.65,0
60.21,3.38,12.22,1374.1,1
98.45,8.09,17.05,1250.22,2
46.32,2.63,7.68,1469.2,0
98.29,8.72,23.23,1170.96,2
41.15,4.94,7.51,1383.08,0
40.69,2.09,6.89,1472.9,0
58.87,3.68,10.68,1468.15,0
42.81,3.29,10.47,1405.0,0
60.0,3.44,6.57,1441.96,0
48.04,1.68,7.06,1352.95,0
48.98,4.29,10.74,1421.6,0
96.03,12.84,20.61,1272.12,2
43.55,1.86,5.74,1452.46,0
88.17,14.46,20.45,1159.34,2
42.37,3.96,5.42,1391.65,0
109.39,11.18,20.65,1283.68,2
51.43,3.2,11.21,1365.7,0
55.85,2.88,7.32,1470.33,0
47.59,2.56,10.7,1351.56,0
54.09,5.0,9.51,1454.14,0
57.33,2.87,5.68,1420.3,0
60.23,1.59,7.4,1479.7,0
41.94,2.63,7.85,1359.9,0
81.05,5.83,12.11,1422.09,1
50.32,3.33,9.91,1381.53,0
49.83,2.19,9.51,1365.17,0
59.73,1.42,6.43,1355.71,0
58.32,1.06,5.1,1354.4,0
42.91,3.18,11.04,1452.77,0
55.15,2.89,7.71,1375.24,0
44.94,2.68,9.37,1444.33,0
73.22,5.28,8.45,1395.2,1
48.31,4.86,6.68,1485.25,0
41.42,1.43,6.93,1383.0,0
53.99,4.0,6.37,1405.19,0
46.84,2.95,5.58,1418.94,0
51.36,4.29,10.53,1470.03,0
54.1,1.09,7.88,1467.42,0
63.6,3.89,6.5,1495.67,0
58.1,2.62,11.77,1454.16,0
60.56,1.23,7.93,1418.76,0
53.03,3.07,5.76,1424.08,0
43.03,4.94,10.46,1408.54,0
46.89,1.94,8.63,1389.19,0
49.84,2.54,7.0,1499.77,0
60.2,5.86,11.74,1363.73,1
44.88,2.96,10.19,1423.89,0
69.96,6.65,15.18,1348.25,1
55.2,4.88,11.91,1446.35,0
105.39,12.38,23.19,1295.27,2
40.4,3.86,7.8,1353.4,0
78.03,12.33,17.48,1281.9,2
55.21,4.98,5.66,1391.45,0
84.52,7.61,11.34,1351.63,1
64.41,5.83,9.47,1396.48,1
61.81,1.37,6.96,1369.83,0
60.13,1.74,5.59,1415.44,0
64.85,3.65,8.9,1459.6,0
47.21,1.19,9.56,1365.12,0
48.04,2.41,10.67,1460.32,0
64.63,3.35,6.8,1434.56,0
61.95,4.47,10.64,1468.5,0
60.26,3.37,13.69,1402.84,1
43.33,3.62,10.62,1498.23,0
58.42,2.63,5.44,1481.24,0
55.96,5.99,14.89,1294.7,1
79.96,6.04,8.05,1328.8,1
75.8,14.45,20.89,1270.44,2
52.49,4.16,8.1,1374.87,0
50.5,4.76,11.71,1425.39,0
50.95,2.23,11.89,1472.11,0
51.76,2.55,7.63,1446.01,0
62.55,1.74,10.65,1352.73,0
42.26,4.89,9.43,1497.88,0
40.17,1.04,8.81,1415.29,0
42.61,2.22,11.8,1494.43,0
57.34,3.64,11.94,1307.32,1
46.37,1.63,9.85,1363.98,0
77.38,3.3,15.14,1318.6,1
77.87,7.55,10.01,1297.27,1
44.54,1.63,10.79,1356.29,0
105.53,12.14,20.72,1124.57,2
45.51,3.5,9.0,1377.73,0
83.85,13.39,24.37,1299.4,2
100.32,12.04,21.48,1106.45,2
62.38,4.16,11.81,1441.26,0
64.39,1.55,7.39,1397.9,0
51.77,1.82,8.17,1391.66,0
55.02,1.87,9.7,1380.66,0
70.71,4.58,9.13,1307.29,1
58.07,2.28,11.34,1369.0,0
51.06,1.18,8.81,1400.78,0
82.84,4.43,11.39,1282.49,1
71.84,6.14,8.92,1426.22,1
48.29,1.7,10.38,1410.0,0
57.1,5.51,12.66,1305.0,1
49.39,1.56,9.97,1478.18,0
63.89,4.8,13.93,1318.88,1
76.17,4.19,13.73,1400.47,1
60.36,4.58,9.95,1498.73,0
84.96,13.05,17.2,1293.13,2
63.83,4.46,7.08,1373.89,0
55.78,4.12,10.33,1406.3,0
40.48,3.84,6.65,1409.6,0
45.0,4.34,6.78,1412.57,0
62.18,1.98,7.79,1399.37,0
47.35,3.24,7.11,1375.07,0
78.56,3.1,8.38,1373.47,1
47.89,1.35,6.56,1378.21,0
96.0,9.03,15.07,1287.22,2
56.33,3.59,11.65,1478.63,0
62.39,1.14,11.04,1403.99,0
50.5,2.81,9.21,1389.9,0
55.59,4.32,7.52,1414.56,0
45.17,3.62,7.91,1376.95,0
55.17,3.63,9.05,1498.21,0
63.86,5.56,10.25,1355.82,1
60.09,3.4,11.82,1474.9,0
58.36,2.4,7.13,1380.27,0
48.41,3.86,9.35,1384.94,0
41.07,2.73,6.58,1413.07,0
47.69,2.89,10.16,1461.54,0
56.45,5.8,15.38,1448.52,1
57.21,1.95,6.2,1360.15,0
59.15,3.96,9.63,1474.09,0
44.16,2.13,7.82,1446.75,0
53.07,2.38,5.73,1493.74,0
58.75,4.66,9.77,1344.58,1
55.37,1.92,8.36,1357.67,0
88.26,10.61,19.07,1182.68,2
77.16,8.65,16.63,1230.95,2
59.11,6.48,12.04,1304.49,1
73.48,4.13,10.84,1413.24,1
57.82,2.46,7.44,1379.1,0
59.2,7.02,9.89,1354.52,1
53.72,4.76,9.76,1418.49,0
50.83,2.4,9.89,1368.81,0
50.39,3.59,6.01,1458.48,0
51.35,3.1,10.95,1489.74,0
63.2,3.09,6.34,1389.91,0
63.49,3.58,5.64,1353.14,0
83.02,9.01,24.13,1247.17,2
80.74,8.38,18.3,1201.57,2
55.24,3.7,5.49,1473.65,0
64.71,4.8,10.15,1495.66,0
75.26,9.84,17.0,1103.08,2
57.43,3.24,7.71,1413.04,0
52.85,1.41,10.79,1466.99,0
52.2,4.71,8.65,1423.14,0
53.6,3.96,9.24,1408.82,0
64.8,3.28,9.35,1420.65,0
75.06,5.26,13.06,1422.17,1
63.69,4.07,6.88,1438.62,0
85.45,10.61,21.68,1232.08,2
41.95,4.82,5.6,1465.68,0
98.77,8.52,24.93,1189.74,2
46.86,1.13,10.75,1391.36,0
53.47,2.58,5.75,1495.41,0
51.7,4.24,10.37,1425.77,0
59.73,3.13,7.05,1448.37,0
57.38,7.39,9.5,1425.89,1
51.86,3.24,9.4,1453.29,0
51.88,2.42,11.31,1368.52,0
57.06,1.34,9.39,1392.11,0
109.91,12.64,19.12,1204.52,2
80.03,14.32,15.84,1280.98,2
64.03,8.65,10.25,1437.56,1
45.07,3.36,8.97,1428.67,0
89.17,8.18,21.03,1163.73,2
52.21,1.26,8.4,1413.95,0
46.63,3.0,11.38,1368.99,0
96.13,8.54,15.76,1309.31,2
41.73,3.81,8.63,1424.46,0
46.83,2.17,10.18,1371.01,0
43.18,2.56,5.25,1464.25,0
82.81,14.46,19.26,1316.82,2
77.67,4.74,9.51,1418.38,1
55.97,7.51,13.24,1410.52,1
46.87,4.23,8.22,1431.99,0
59.58,2.27,8.61,1452.98,0
93.29,10.1,15.77,1210.14,2
45.25,4.46,7.92,1462.55,0
66.37,7.25,11.22,1298.88,1
49.43,2.65,5.28,1391.1,0
42.47,1.4,6.84,1386.88,0
84.11,7.89,8.28,1333.83,1
62.23,1.17,7.92,1439.03,0
42.06,2.31,7.97,1431.4,0
56.98,4.16,15.14,1350.65,1
58.32,1.94,7.6,1372.1,0
44.45,4.27,10.25,1434.15,0
49.44,2.18,11.96,1460.03,0
58.99,4.41,11.81,1390.0,0
68.19,3.01,11.32,1367.78,1
82.14,3.88,10.09,1449.28,1
70.77,6.75,14.06,1422.97,1
50.79,1.79,5.07,1402.4,0
59.06,2.85,7.35,1486.54,0
42.81,1.2,6.8,1370.35,0
61.7,4.36,7.61,1461.79,0
93.69,12.32,17.67,1291.64,2
57.52,4.06,11.51,1380.72,0
61.03,7.83,14.8,1329.16,1
63.0,2.96,11.08,1478.53,0
49.82,1.27,10.73,1430.74,0
58.8,1.56,7.44,1408.43,0
42.89,1.51,5.5,1454.04,0
85.64,10.78,19.62,1155.59,2
56.88,1.45,11.42,1383.87,0
61.98,3.9,5.79,1411.17,0
41.91,2.23,9.37,1442.48,0
52.96,2.63,10.73,1377.31,0
60.79,2.09,8.63,1394.81,0
56.54,6.16,8.86,1314.13,1
50.05,2.42,9.51,1377.4,0
48.19,3.74,5.43,1357.08,0
56.22,4.11,6.82,1474.09,0
50.12,1.3,10.08,1456.72,0
67.11,7.21,12.46,1425.0,1
63.76,2.53,7.97,1457.2,0
108.09,10.15,23.1,1230.67,2
64.65,4.28,6.97,1360.51,0
44.68,3.54,9.13,1447.79,0
42.5,2.8,7.28,1392.33,0
48.17,3.49,5.39,1353.58,0
66.8,8.07,8.38,1412.95,1
62.21,4.68,8.42,1415.25,1
91.76,9.6,18.82,1243.84,2
40.93,4.29,7.52,1369.06,0
58.73,3.26,8.14,1396.39,0
57.46,3.52,11.59,1469.34,0
44.3,4.93,7.04,1485.52,0
52.49,1.92,10.59,1489.66,0
54.68,4.76,9.28,1441.7,0
64.44,1.4,8.08,1496.6,0
58.85,1.3,8.66,1368.35,0
62.81,4.12,10.29,1441.01,0
63.49,2.58,8.47,1386.84,0
46.8,1.59,7.87,1361.28,0
75.5,13.56,23.54,1238.82,2
50.81,1.12,6.82,1355.05,0
40.46,3.44,11.45,1365.95,0
74.75,6.09,8.72,1389.26,1
49.48,4.12,5.94,1395.87,0
61.52,4.29,5.71,1353.78,0
62.49,6.65,13.5,1360.11,1
54.33,2.64,6.98,1391.28,0
60.36,4.07,10.62,1481.9,0
41.47,3.92,7.3,1448.02,0
55.34,1.21,5.7,1455.26,0
42.48,3.32,10.64,1389.26,0
78.67,4.17,15.47,1333.69,1
71.98,8.09,15.8,1442.71,1
43.3,2.76,9.51,1407.14,0
62.25,4.65,10.55,1376.42,0
42.51,3.22,7.29,1383.09,0
109.91,14.83,19.1,1155.07,2
64.9,4.96,6.65,1390.09,0
44.29,4.94,8.28,1480.1,0
80.07,5.39,11.58,1424.72,1
70.71,4.3,15.41,1411.51,1
64.14,1.38,10.13,1367.15,0
60.3,2.08,5.64,1400.36,0
57.18,2.44,10.79,1372.21,0
79.98,14.24,18.29,1102.78,2
48.63,2.79,10.58,1488.79,0
62.19,4.42,8.92,1483.32,0
48.82,2.36,11.46,1357.31,0
63.76,3.14,7.76,1477.23,0
46.78,3.24,7.93,1426.36,0
53.63,1.9,8.11,1422.63,0
42.66,2.98,9.26,1391.24,0
49.88,3.62,8.07,1466.4,0
44.64,3.7,5.55,1413.56,0
107.93,9.36,16.62,1152.92,2
44.32,2.47,6.13,1408.09,0
50.65,1.71,10.45,1480.72,0
52.52,2.53,11.29,1386.59,0
49.38,1.98,5.08,1480.8,0
50.2,1.06,9.08,1387.97,0
62.16,4.2,11.97,1433.05,1
49.68,4.26,6.56,1367.87,0
47.42,2.13,11.23,1495.07,0
56.11,1.67,11.83,1423.22,0
60.21,4.29,7.69,1418.87,0
107.03,14.58,15.32,1256.59,2
48.48,3.05,9.46,1431.43,0
85.91,9.3,19.03,1203.58,2
50.57,4.18,5.99,1369.55,0
66.71,3.07,10.82,1364.82,1
52.05,1.18,8.93,1411.41,0
61.86,2.97,9.92,1498.92,0
78.67,4.98,12.29,1303.31,1
53.42,3.59,9.97,1446.58,0
41.66,1.75,7.87,1367.73,0
44.91,3.46,11.96,1404.79,0
82.04,4.84,11.72,1427.05,1
58.22,2.64,8.52,1475.47,0
60.28,4.82,9.94,1406.21,1
56.3,3.83,10.45,1434.59,0
81.46,5.23,8.6,1442.92,1
52.14,1.38,6.89,1422.4,0
45.39,3.87,9.95,1439.57,0
43.36,1.38,10.82,1487.76,0
54.77,3.49,6.18,1391.59,0
56.69,3.44,9.99,1421.17,0
46.47,4.02,10.05,1371.13,0
55.43,3.86,9.7,1339.77,1
40.0,3.35,11.07,1398.64,0
92.85,8.27,17.64,1301.82,2
75.99,8.8,14.49,1293.17,1
75.13,8.8,12.9,1289.59,1
55.2,4.8,11.93,1422.62,0
55.91,2.26,8.56,1486.13,0
57.95,3.97,5.36,1383.17,0
109.95,11.04,17.27,1223.2,2
46.89,1.61,11.51,1376.52,0
40.94,3.33,6.61,1372.22,0
103.47,8.66,25.0,1233.11,2
93.1,8.82,20.28,1127.91,2
40.77,1.38,6.53,1425.53,0
58.22,4.45,6.92,1471.06,0
47.11,3.34,9.11,1416.86,0
49.91,4.03,9.87,1373.08,0
58.32,8.37,14.72,1395.4,1
55.73,1.03,11.87,1375.58,0
59.73,2.7,6.89,1479.3,0
41.98,3.26,11.36,1409.45,0
52.85,4.32,8.11,1435.63,0
86.53,12.61,20.89,1132.92,2
41.72,4.02,9.1,1476.32,0
65.16,4.05,11.37,1414.95,1
58.58,2.01,8.18,1407.88,0
42.74,2.96,7.65,1454.23,0
54.68,1.07,7.86,1378.02,0
50.5,1.56,8.42,1488.01,0
62.45,3.1,9.95,1387.83,0
97.49,14.14,18.29,1282.37,2
66.94,7.97,9.37,1285.18,1
44.28,4.55,11.12,1479.37,0
109.4,12.67,16.14,1157.91,2
64.75,2.48,7.56,1474.16,0
78.78,5.96,14.86,1372.85,1
52.65,3.12,8.6,1435.42,0
76.74,3.36,12.65,1302.13,1
95.25,8.41,22.8,1116.22,2
57.17,4.98,8.27,1458.55,0
103.74,8.01,21.36,1111.25,2
55.48,3.69,6.16,1442.31,0
69.64,5.75,9.57,1341.41,1
61.26,2.02,8.3,1462.73,0
95.42,10.81,19.62,1308.4,2
77.51,11.4,20.97,1154.48,2
61.91,6.58,11.22,1305.48,1
53.55,3.83,10.14,1374.7,0
46.72,3.17,9.43,1388.68,0
57.67,3.14,9.45,1379.47,0
68.06,7.16,9.28,1316.48,1
46.71,4.74,9.77,1449.79,0
46.17,4.63,6.75,1390.79,0
47.24,4.95,11.65,1436.17,0
62.5,3.73,10.33,1382.4,0
89.94,14.06,16.6,1268.74,2
77.32,5.49,8.95,1327.72,1
49.61,4.46,6.61,1453.71,0
74.31,4.85,13.69,1382.86,1
63.93,3.92,7.93,1462.13,0
48.46,1.04,6.4,1410.86,0
44.35,2.35,5.13,1410.05,0
55.59,7.55,10.89,1405.5,1
49.4,4.09,9.06,1410.24,0
59.25,1.86,9.36,1362.8,0
58.47,2.15,11.45,1483.27,0
57.42,3.9,10.85,1496.17,0
75.88,8.34,13.73,1449.64,1
40.68,4.67,6.53,1459.27,0
78.82,5.97,15.16,1325.5,1
41.63,3.25,8.52,1423.69,0
74.81,4.33,8.4,1296.88,1
81.63,8.75,14.94,1280.36,1
45.62,1.16,9.73,1382.2,0
63.02,4.29,11.75,1404.0,0
42.96,4.26,6.41,1463.23,0
58.45,2.13,8.03,1468.91,0
47.96,4.59,7.31,1429.7,0
52.76,3.53,9.92,1402.0,0
57.2,1.51,7.98,1387.08,0
52.24,3.11,7.34,1427.9,0
61.2,7.68,14.44,1419.76,1
64.4,7.38,12.13,1358.33,1
69.08,8.9,15.1,1431.32,1
84.14,12.47,23.28,1166.06,2
76.63,8.98,10.08,1405.03,1
57.82,4.67,9.67,1420.74,0
57.39,2.75,8.87,1433.65,0
54.13,1.38,10.84,1462.88,0
64.29,1.23,6.25,1451.73,0
59.67,4.62,8.8,1427.07,1
76.75,9.05,20.38,1226.67,2
81.34,7.76,9.0,1411.49,1
63.9,3.46,9.36,1301.58,1
50.2,2.74,10.14,1442.76,0
91.92,10.32,16.81,1153.78,2
62.21,4.07,10.68,1471.99,0
104.65,8.18,24.48,1258.63,2
53.56,2.48,9.88,1421.37,0
58.28,5.49,11.42,1359.68,1
68.76,6.56,10.14,1389.81,1
56.71,4.31,6.34,1434.45,0
50.39,1.1,7.35,1376.56,0
46.77,2.59,8.09,1442.82,0
48.71,4.78,7.0,1373.34,0
52.71,4.19,10.32,1400.11,0
59.18,2.61,8.36,1444.13,0
58.61,2.87,6.59,1379.9,0
103.74,11.04,22.27,1159.3,2
47.6,2.53,6.23,1458.44,0
44.51,3.51,9.49,1466.12,0
47.24,4.25,7.43,1449.13,0
78.63,6.45,8.72,1431.31,1
52.16,3.02,6.23,1471.91,0
51.41,2.48,5.85,1412.84,0
53.35,4.66,11.62,1384.82,0
108.15,10.51,16.41,1171.65,2
74.81,8.03,11.79,1401.94,1
42.11,1.69,11.04,1441.03,0
54.32,2.11,11.45,1437.48,0
52.81,2.51,6.83,1445.19,0
63.23,2.96,7.78,1436.67,0
54.61,1.07,6.37,1350.38,0
76.23,8.1,16.83,1250.65,2
40.15,1.31,11.17,1361.68,0
81.5,3.96,10.72,1336.99,1
100.11,13.34,17.01,1151.52,2
44.4,1.81,10.38,1411.81,0
70.03,5.18,11.46,1346.03,1
56.87,1.96,10.31,1464.0,0
46.78,4.31,7.5,1392.14,0
56.99,1.34,7.2,1350.81,0
54.01,1.11,11.76,1401.2,0
93.55,12.3,19.82,1120.6,2
58.76,7.64,9.9,1395.16,1
94.03,12.92,22.62,1251.5,2
82.5,14.94,16.09,1102.2,2
54.79,3.81,6.66,1426.85,0
56.12,4.64,9.95,1356.82,0
86.51,12.64,22.52,1278.63,2
60.33,6.21,13.71,1347.39,1
88.7,14.05,19.46,1297.51,2
44.02,4.05,5.0,1415.85,0
52.35,3.33,5.86,1483.4,0
60.43,3.22,8.71,1386.28,0
48.38,2.37,7.79,1393.67,0
73.34,4.07,11.01,1359.53,1
79.07,13.45,20.78,1228.81,2
49.98,3.24,6.69,1414.19,0
48.01,3.46,11.8,1433.71,0
41.83,3.65,9.17,1412.27,0
63.93,8.28,9.33,1324.97,1
75.76,12.71,21.09,1242.25,2
102.49,12.36,19.98,1292.48,2
98.06,10.56,19.7,1158.64,2
64.64,3.83,8.14,1351.82,0
60.82,3.79,9.84,1398.88,0
55.1,2.44,11.56,1421.89,0
70.74,7.65,9.88,1338.66,1
54.88,1.04,8.25,1494.52,0
52.29,3.93,8.97,1390.74,0
61.79,4.03,10.06,1363.02,0
44.67,4.32,10.37,1402.6,0
64.82,7.96,14.15,1327.88,1
56.39,2.09,5.36,1405.99,0
49.84,4.1,11.82,1390.66,0
99.35,14.61,18.17,1173.43,2
63.63,2.6,6.13,1360.26,0
79.56,6.53,10.58,1332.78,1
81.39,10.53,22.53,1244.71,2
43.16,3.63,6.58,1352.84,0
65.83,7.22,11.91,1384.05,1
54.82,3.05,7.51,1434.92,0
58.39,3.11,9.15,1307.82,1
58.22,8.08,13.89,1315.99,1
68.4,4.94,13.91,1384.44,1
46.99,1.65,8.37,1419.53,0
52.89,3.98,5.85,1383.24,0
55.29,1.96,11.07,1399.06,0
84.66,5.06,13.64,1391.77,1
61.98,5.24,8.71,1355.76,1
50.09,4.62,6.57,1452.67,0
93.59,12.78,17.37,1196.27,2
52.68,1.96,10.57,1362.63,0
93.11,14.27,18.46,1289.39,2
90.14,8.29,16.39,1117.39,2
76.38,12.59,21.4,1184.32,2
55.59,3.34,7.37,1394.38,0
62.48,3.25,9.63,1314.11,1
64.07,3.36,8.3,1436.01,0
57.0,5.34,13.36,1298.09,1
54.64,2.21,9.46,1405.11,0
55.22,4.5,11.19,1366.27,0
45.5,1.04,10.01,1401.67,0
62.27,3.58,8.48,1369.25,0
62.01,3.28,10.24,1356.77,0
89.55,12.21,22.1,1309.13,2
82.85,7.12,13.45,1318.04,1
50.15,3.42,8.07,1490.11,0
109.29,14.29,24.86,1255.35,2
58.71,1.85,7.82,1420.68,0
63.99,4.0,9.18,1333.53,1
55.43,8.28,15.63,1377.78,1
59.33,4.8,9.89,1364.92,0
51.94,4.97,5.62,1427.89,0
61.91,5.92,11.67,1339.25,1
60.09,2.92,9.27,1363.82,0
70.39,3.72,11.5,1387.19,1
43.79,1.37,6.68,1365.0,0
63.6,2.17,5.5,1375.43,0
48.93,1.56,8.99,1432.98,0
46.69,2.3,5.78,1415.72,0
43.82,4.38,6.37,1489.84,0
56.45,1.5,8.55,1352.81,0
74.54,3.87,12.76,1302.34,1
53.84,4.91,10.51,1462.12,0
48.29,3.63,6.61,1365.74,0
100.6,10.88,17.07,1139.6,2
45.59,4.73,7.41,1374.15,0
78.19,12.16,24.19,1308.93,2
69.55,3.43,9.32,1431.79,1
52.77,2.34,8.19,1374.97,0
59.26,4.98,10.39,1402.74,0
56.12,4.41,9.26,1477.98,0
55.35,2.88,11.28,1427.94,0
56.57,4.73,8.07,1402.94,0
53.18,3.96,9.17,1393.88,0
40.11,2.1,9.18,1469.89,0
51.55,3.01,11.97,1448.04,0
62.95,3.1,11.84,1426.02,1
43.31,4.45,9.3,1403.21,0
59.2,1.07,10.45,1429.02,0
46.01,1.38,7.2,1364.5,0
81.74,6.17,10.83,1290.19,1
81.67,8.01,12.87,1346.03,1
52.52,2.16,7.71,1435.16,0
55.15,3.23,9.56,1373.11,0
104.08,11.5,22.02,1224.72,2
45.56,3.07,5.48,1402.08,0
55.62,2.28,5.14,1378.77,0
64.5,7.69,9.4,1413.05,1
47.15,2.97,8.15,1428.09,0
58.06,2.74,9.57,1380.73,0
103.11,10.99,21.35,1288.39,2
84.45,12.55,19.96,1158.67,2
51.93,3.7,10.42,1494.97,0
74.28,5.7,12.68,1344.66,1
109.5,8.11,22.29,1160.05,2
63.89,1.6,8.99,1488.49,0
60.67,7.21,10.33,1330.57,1
54.17,4.73,9.66,1473.4,0
50.67,1.88,7.53,1388.96,0
61.28,2.98,11.41,1365.27,0
44.64,4.06,7.84,1480.88,0
76.2,11.23,18.86,1174.71,2
77.61,4.31,11.54,1385.03,1
53.5,1.79,11.67,1484.57,0
42.46,3.24,5.84,1381.74,0
47.14,2.19,7.68,1475.34,0
53.37,2.58,11.4,1477.69,0
74.73,8.15,10.21,1388.3,1
79.96,7.52,11.73,1408.78,1
62.59,3.4,10.14,1435.08,1
57.89,1.69,5.78,1372.89,0
45.47,2.45,10.53,1460.84,0
57.39,3.85,12.6,1382.6,1
79.78,3.54,10.4,1289.82,1
40.2,1.9,10.6,1485.71,0
59.22,4.03,9.69,1417.37,0
55.24,8.06,15.64,1401.74,1
46.7,1.11,5.01,1360.94,0
42.28,2.73,6.59,1388.13,0
76.72,14.21,20.62,1155.46,2
40.78,3.52,7.22,1460.46,0
63.61,3.57,9.7,1444.84,0
44.14,3.15,5.89,1430.43,0
84.89,9.08,17.87,1235.22,2
40.98,2.45,9.27,1367.89,0
62.04,2.8,5.43,1476.68,0
47.62,1.73,5.6,1457.12,0
64.9,2.96,6.54,1426.12,0
50.59,3.04,6.5,1432.77,0
81.65,7.62,10.29,1379.26,1
54.31,2.28,9.93,1448.21,0
59.57,3.69,8.48,1457.76,0
51.52,3.69,6.14,1422.97,0
61.93,4.78,6.04,1419.4,0
63.05,1.71,8.7,1470.54,0
75.9,5.3,13.33,1370.39,1
41.68,3.38,10.17,1354.87,0
43.21,3.31,9.85,1455.09,0
76.94,7.4,8.84,1326.04,1
90.54,13.29,22.51,1158.42,2
105.28,12.21,22.01,1162.75,2
53.01,1.38,6.79,1417.76,0
42.47,3.08,9.12,1459.48,0
58.67,1.58,11.26,1372.89,0
84.51,3.3,8.77,1402.48,1
62.69,1.86,11.88,1472.41,0
52.12,1.83,9.53,1437.45,0
61.91,1.13,7.2,1459.02,0
63.91,3.25,9.23,1467.43,0
62.36,2.9,11.62,1382.17,0
43.42,3.75,11.95,1409.35,0
55.31,3.95,10.37,1485.81,0
51.69,3.73,11.38,1473.82,0
63.27,1.02,10.24,1485.46,0
47.07,3.72,11.72,1437.16,0
55.29,5.42,15.26,1405.85,1
58.1,3.0,10.36,1479.53,0
45.26,3.89,9.66,1361.0,0
64.57,3.74,7.61,1364.55,0
45.51,1.87,11.12,1387.45,0
64.22,3.22,11.53,1451.35,0
63.9,4.84,5.36,1374.08,0
70.13,6.08,10.9,1426.98,1
54.69,4.36,5.12,1357.35,0
83.69,8.28,12.64,1355.58,1
60.72,2.64,9.61,1405.86,0
58.96,3.21,11.16,1446.51,1
55.53,1.99,11.32,1366.49,0
64.32,7.83,12.07,1326.68,1
61.59,4.51,9.69,1402.07,0
87.57,14.59,21.49,1295.85,2
48.15,2.79,6.31,1376.99,0
45.14,2.79,8.59,1411.92,0
61.52,1.39,6.68,1410.98,0
48.23,2.48,10.24,1479.94,0
66.52,6.26,15.25,1386.12,1
79.88,8.44,12.37,1356.94,1
66.88,6.53,10.06,1397.27,1
42.35,2.21,10.01,1448.64,0
66.63,6.46,14.65,1312.03,1
41.46,2.67,9.09,1359.91,0
58.77,1.94,6.71,1446.59,0
54.64,3.17,5.6,1358.55,0
80.8,9.76,16.63,1174.25,2
51.58,4.69,7.52,1441.79,0
93.01,10.37,23.29,1114.76,2
78.66,5.63,12.08,1438.52,1
53.63,4.06,11.27,1468.46,0
43.65,1.63,10.58,1474.35,0
50.38,3.76,5.99,1482.51,0
80.96,3.83,12.34,1396.22,1
64.05,5.12,11.13,1285.24,1
100.33,8.32,20.49,1175.48,2
61.19,5.62,9.45,1384.38,1
49.99,4.81,9.49,1394.72,0
79.41,5.96,9.64,1405.33,1
41.3,3.99,8.35,1458.18,0
42.8,2.25,7.92,1373.92,0
51.71,2.64,6.63,1407.99,0
50.59,2.23,11.34,1480.4,0
40.08,1.98,9.93,1364.88,0
56.85,2.04,7.42,1487.62,0
103.99,10.26,17.37,1157.78,2
97.33,9.36,16.19,1308.13,2
49.98,4.92,6.58,1441.82,0
79.6,8.54,11.45,1447.4,1
60.58,4.11,8.5,1381.9,0
55.99,2.83,7.8,1438.93,0
58.24,3.55,11.21,1420.83,0
91.46,8.2,21.9,1206.0,2
42.61,1.95,7.66,1421.39,0
50.2,3.82,6.59,1469.29,0
59.02,1.06,8.9,1406.92,0
58.67,3.5,6.29,1439.68,0
57.9,2.93,9.39,1425.66,0
102.08,9.67,24.63,1130.83,2
41.93,1.63,6.22,1359.51,0
43.42,3.61,10.17,1397.34,0
64.66,3.42,6.66,1365.27,0
41.54,3.24,9.38,1487.42,0
42.21,3.9,10.34,1431.33,0
47.22,2.51,7.75,1431.68,0
45.69,4.58,6.26,1481.85,0
51.5,3.66,6.2,1358.5,0
62.35,1.66,6.5,1436.07,0
54.02,2.57,6.2,1360.89,0
48.23,3.77,10.36,1395.61,0
59.83,2.08,11.14,1364.75,0
109.09,10.18,21.45,1153.09,2
57.99,4.42,6.8,1353.14,0
56.48,8.11,12.39,1313.54,1
61.55,7.68,8.38,1328.46,1
58.3,7.1,11.25,1379.92,1
53.03,4.87,11.44,1403.95,0
61.09,3.95,11.19,1438.39,0
106.22,9.5,16.17,1180.11,2
59.48,3.25,11.95,1418.36,0
76.87,8.57,10.66,1365.55,1
48.94,2.55,7.0,1455.85,0
56.59,1.71,11.73,1372.3,0
56.84,1.07,10.29,1389.8,0
64.51,3.22,11.57,1472.01,0
41.57,1.36,9.43,1444.61,0
50.03,1.65,9.82,1361.82,0
47.12,1.19,8.24,1464.89,0
58.1,2.58,7.71,1407.67,0
45.54,2.61,11.83,1441.17,0
50.82,2.73,5.25,1417.97,0
46.41,1.05,11.29,1370.26,0
55.54,2.03,6.58,1353.18,0
57.65,2.49,8.73,1496.57,0
52.27,4.6,11.86,1495.69,0
48.72,1.53,9.16,1437.33,0
43.76,2.94,5.81,1368.85,0
70.87,8.63,14.39,1449.65,1
104.47,10.96,22.4,1247.73,2
52.44,2.37,6.69,1409.78,0
81.14,11.97,20.79,1207.72,2
63.61,7.62,11.52,1393.93,1
70.13,8.43,15.78,1362.44,1
47.47,2.64,6.52,1494.9,0
56.33,2.03,7.56,1370.39,0
48.97,2.65,10.85,1427.01,0
50.73,4.59,7.02,1387.35,0
62.65,4.94,9.57,1332.52,1
63.12,6.77,15.34,1333.8,1
60.55,3.75,6.27,1393.5,0
55.46,3.63,8.39,1381.91,0
90.91,13.5,24.17,1250.33,2
53.82,1.46,5.88,1429.43,0
64.6,3.09,6.28,1353.31,0
98.4,9.73,21.1,1189.1,2
40.2,2.77,7.58,1450.47,0
55.68,2.58,6.14,1367.56,0
41.58,4.49,11.51,1445.0,0
45.96,4.4,8.9,1381.03,0
57.03,4.01,8.53,1484.11,0
42.24,4.65,7.71,1402.26,0
105.99,11.3,17.43,1148.99,2
54.19,4.69,9.39,1371.83,0
70.38,6.09,10.99,1297.6,1
53.7,4.09,9.72,1394.17,0
84.6,9.53,17.14,1118.75,2
63.3,1.4,8.09,1353.36,0
106.49,9.36,20.05,1232.4,2
41.59,4.33,9.19,1367.24,0
47.75,4.6,9.82,1497.9,0
80.43,6.72,12.01,1343.57,1
99.12,13.76,20.56,1271.49,2
59.42,6.29,13.69,1426.3,1
60.42,4.98,10.89,1401.92,0
49.68,4.79,6.41,1436.78,0
42.55,1.26,9.67,1448.64,0
46.99,3.74,5.54,1449.35,0
47.03,4.7,10.57,1482.62,0
42.37,4.9,7.0,1413.57,0
60.6,1.02,8.95,1400.88,0
79.93,9.57,20.58,1268.1,2
43.25,1.09,7.52,1467.56,0
60.02,4.89,6.5,1378.04,0
60.11,2.22,5.82,1374.67,0
48.67,3.8,5.63,1483.25,0
48.07,2.65,9.97,1427.52,0
44.48,1.89,8.72,1393.38,0
42.22,3.56,10.37,1392.98,0
84.96,8.4,14.21,1407.08,1
68.14,7.15,15.83,1320.92,1
70.08,6.46,11.94,1313.19,1
83.38,9.01,19.89,1316.84,2
63.61,2.54,9.84,1468.22,0
52.2,2.45,7.62,1414.67,0
88.87,12.86,19.89,1212.77,2
58.78,8.42,14.91,1358.98,1
59.13,2.73,8.39,1447.22,0
58.55,1.87,5.79,1446.9,0
48.25,2.72,9.27,1486.33,0
61.37,2.01,7.29,1430.57,0
92.82,8.81,19.7,1140.11,2
104.33,9.63,20.19,1245.01,2
68.78,5.15,11.95,1420.8,1
66.78,6.98,13.77,1330.48,1
71.43,6.66,8.73,1360.57,1
54.71,2.92,9.5,1359.73,0
103.74,9.43,16.86,1127.65,2
45.86,3.06,10.58,1474.87,0
43.08,3.23,7.4,1459.38,0
62.29,4.39,11.95,1451.91,0
56.03,2.49,9.45,1458.01,0
59.2,2.26,7.4,1387.82,0
44.15,2.33,11.58,1401.45,0
58.91,2.65,7.94,1363.24,0
71.29,4.55,10.84,1431.98,1
56.42,1.32,6.76,1458.29,0
53.57,4.4,7.34,1371.34,0
60.46,1.16,11.23,1498.79,0
59.09,3.3,10.78,1369.14,0
107.76,12.49,15.19,1264.68,2
43.22,1.96,11.02,1488.69,0
81.41,8.81,18.87,1186.64,2
57.19,1.15,7.04,1486.4,0
43.35,1.12,10.29,1443.05,0
68.82,3.76,9.7,1371.77,1
67.11,4.29,10.85,1328.3,1
45.86,1.1,8.2,1398.88,0
44.76,3.68,5.0,1470.88,0
46.85,1.32,5.6,1484.13,0
54.12,1.73,8.94,1448.15,0
55.69,4.6,10.03,1402.28,0
46.16,4.61,5.73,1497.4,0
46.23,3.29,11.17,1428.08,0
60.7,4.37,15.66,1297.92,1
54.96,2.5,7.62,1369.96,0
45.29,3.98,9.52,1488.49,0
68.18,3.88,8.8,1330.65,1
45.91,1.23,9.33,1469.36,0
48.24,4.37,5.37,1489.14,0
68.59,7.63,14.74,1400.85,1
60.66,3.23,5.38,1495.78,0
56.73,4.01,14.04,1397.11,1
63.28,1.93,5.61,1496.96,0
54.59,1.31,11.82,1497.93,0
65.43,6.15,9.17,1284.02,1
41.34,1.56,9.36,1381.17,0
45.89,2.08,5.64,1378.86,0
48.0,2.31,9.71,1429.62,0
78.06,10.88,19.65,1196.99,2
83.21,5.68,13.25,1346.38,1
48.45,1.49,7.07,1482.97,0
45.69,2.04,7.71,1470.43,0
105.0,13.13,24.34,1176.31,2
51.73,3.29,5.06,1360.16,0
61.36,4.43,11.32,1350.82,0
45.8,3.24,7.5,1386.03,0
50.81,3.49,5.52,1425.55,0
64.4,1.5,5.12,1465.52,0
42.94,2.78,10.15,1494.25,0
40.17,4.07,6.25,1357.87,0
72.14,8.92,12.72,1289.41,1
62.56,2.38,10.13,1448.8,0
103.19,8.99,22.69,1300.87,2
68.24,5.03,10.35,1315.95,1
57.78,4.1,5.0,1425.75,0
80.58,6.83,14.49,1339.65,1
55.26,3.83,9.62,1367.14,0
79.1,5.93,11.05,1421.33,1
78.0,10.29,19.44,1200.14,2
56.79,2.28,5.29,1376.08,0
89.84,14.49,22.24,1163.79,2
48.32,1.64,10.47,1455.08,0
47.17,3.71,6.72,1407.64,0
62.89,3.88,5.88,1403.18,0
42.77,3.8,5.45,1479.89,0
62.88,2.2,5.78,1452.23,0
82.31,6.84,9.61,1295.48,1
82.18,3.07,13.39,1288.81,1
47.62,4.17,8.65,1445.71,0
40.76,1.71,10.05,1438.63,0
92.48,10.36,21.47,1301.58,2
44.64,2.67,8.24,1410.97,0
42.01,1.11,5.77,1350.63,0
80.13,5.71,13.98,1331.3,1
51.86,1.67,7.48,1410.0,0
54.53,1.93,11.54,1463.34,0
48.55,4.7,5.17,1437.21,0
61.55,2.32,6.82,1461.5,0
49.04,4.03,7.58,1457.28,0
40.66,1.73,9.08,1413.21,0
109.18,14.31,16.27,1281.22,2
109.8,11.89,16.7,1169.54,2
79.2,3.02,10.56,1351.7,1
68.33,4.02,15.64,1325.27,1
101.73,14.43,21.99,1175.34,2
63.94,2.6,10.88,1378.28,0
63.35,1.58,6.43,1386.94,0
83.11,7.25,10.84,1382.01,1
75.62,3.57,15.38,1376.64,1
44.61,2.53,7.64,1385.69,0
55.24,3.34,7.59,1422.91,0
45.11,2.42,5.52,1478.51,0
75.94,6.53,13.58,1384.31,1
41.97,1.1,6.76,1363.74,0
75.93,3.49,11.35,1375.08,1
55.24,3.7,9.87,1459.34,0
59.68,4.01,11.45,1382.1,0
82.62,6.51,14.24,1408.03,1
58.94,7.78,8.95,1349.36,1
56.32,2.22,6.67,1423.22,0
60.92,2.4,7.08,1401.56,0
88.56,12.16,16.07,1131.06,2
107.89,9.14,23.53,1205.98,2
52.98,3.95,9.39,1387.55,0
43.2,3.96,7.78,1389.44,0
57.47,2.23,9.68,1437.16,0
54.07,3.78,8.48,1422.52,0
60.71,4.63,10.37,1366.37,1
46.17,4.12,7.64,1351.07,0
50.81,4.92,5.62,1488.33,0
63.76,2.87,5.55,1432.79,0
62.27,1.5,9.55,1397.98,0
59.39,4.72,7.51,1470.84,0
72.47,4.12,9.51,1311.32,1
63.96,3.39,9.45,1477.39,0
47.42,4.71,8.0,1490.83,0
60.85,1.68,11.52,1429.6,0
65.02,4.63,12.39,1402.72,1
77.92,4.49,8.29,1297.31,1
69.2,6.71,11.65,1432.0,1
43.81,4.95,10.22,1412.22,0
61.17,3.9,11.34,1494.61,0
79.59,6.96,8.1,1310.62,1
54.63,2.63,9.58,1492.86,0
47.1,4.68,7.99,1438.05,0
55.54,4.26,11.95,1354.45,0
51.88,4.97,6.04,1436.14,0
102.05,14.14,19.14,1210.47,2
80.08,6.54,13.06,1436.72,1
63.42,1.66,6.64,1389.52,0
48.55,4.64,11.38,1436.3,0
49.01,2.02,7.67,1437.05,0
54.48,1.23,6.05,1461.87,0
53.59,2.26,11.15,1454.63,0
55.6,1.93,10.03,1432.07,0
79.97,4.53,9.54,1304.7,1
61.75,3.54,6.15,1414.47,0
64.33,2.57,11.24,1444.67,0
55.64,2.61,5.47,1441.63,0
103.61,13.3,15.56,1101.51,2
70.63,7.29,12.45,1417.97,1
57.49,3.89,6.21,1354.23,0
50.78,2.71,6.3,1467.6,0
43.08,2.87,11.64,1412.78,0
49.01,2.89,8.93,1471.31,0
53.68,1.25,5.63,1474.41,0
47.05,3.43,7.4,1451.39,0
43.63,4.32,11.04,1429.2,0
93.02,11.37,24.96,1184.46,2
50.12,2.86,10.61,1399.87,0
59.11,1.27,7.69,1385.3,0
54.72,1.57,7.83,1354.99,0
83.15,8.21,14.95,1290.83,1
58.93,2.37,5.36,1401.55,0
64.95,4.02,9.35,1438.17,0
83.9,6.63,15.43,1397.37,1
66.37,3.25,14.83,1362.91,1
72.0,7.63,10.35,1365.52,1
93.9,9.31,20.27,1255.53,2
41.66,4.07,9.09,1467.29,0
70.45,3.78,9.72,1391.56,1
58.36,4.46,8.75,1393.36,0
70.74,3.08,13.89,1404.48,1
41.89,3.07,5.61,1400.56,0
61.66,1.09,9.76,1432.2,0
77.83,4.13,8.71,1398.82,1
56.55,2.08,6.05,1398.0,0
103.17,13.12,22.87,1233.19,2
63.1,6.97,9.84,1385.87,1
60.71,2.01,10.44,1493.57,0
90.5,12.2,19.76,1305.23,2
41.98,3.42,5.19,1425.19,0
58.82,4.66,9.98,1402.79,0
47.2,4.62,7.52,1359.45,0
47.98,4.63,10.14,1495.85,0
44.9,4.1,9.54,1441.78,0
54.08,1.28,9.17,1352.04,0
55.75,4.38,10.9,1398.71,0
56.37,3.8,11.04,1377.08,0
85.58,12.76,17.32,1221.03,2
41.68,2.84,5.33,1394.14,0
51.56,2.65,9.56,1431.81,0
40.38,4.86,6.76,1451.4,0
74.08,3.7,12.98,1373.62,1
50.79,3.29,6.27,1388.48,0
58.12,8.77,15.12,1325.96,1
84.43,14.92,21.7,1201.97,2
44.95,1.95,9.11,1496.99,0
55.65,5.3,8.55,1414.66,1
57.43,2.36,5.45,1425.82,0
75.86,12.42,23.36,1168.74,2
56.35,3.47,7.17,1362.87,0
40.85,3.91,6.63,1441.0,0
50.82,3.74,7.33,1358.49,0
51.64,1.96,8.29,1418.32,0
49.91,4.75,8.57,1420.11,0
69.46,8.29,13.89,1333.5,1
79.02,3.91,13.29,1426.66,1
61.61,2.89,11.78,1377.83,0
55.98,4.95,9.95,1362.56,0
62.7,1.39,9.24,1417.72,0
64.58,6.52,8.62,1323.84,1
56.08,3.41,9.55,1444.71,0
62.93,1.55,11.65,1416.9,0
79.06,14.69,18.14,1295.45,2
56.05,4.22,10.54,1457.95,0
56.6,3.51,15.93,1407.11,1
58.59,3.03,9.44,1360.64,0
42.79,1.73,10.62,1452.92,0
57.39,2.13,6.79,1409.54,0
45.1,2.98,8.21,1437.79,0
57.19,2.0,9.48,1481.62,0
55.47,3.4,9.29,1285.11,1
80.37,5.42,8.24,1355.93,1
49.17,3.3,8.22,1377.25,0
47.29,4.24,8.64,1355.31,0
48.53,1.91,9.38,1355.93,0
62.58,3.8,9.54,1445.07,1
63.52,1.5,11.13,1495.64,0
61.33,4.22,5.93,1457.09,0
52.81,2.4,7.62,1443.2,0
62.97,3.06,9.24,1447.57,1
83.57,8.92,18.02,1296.92,2
62.06,1.81,11.11,1358.96,0
47.67,1.41,5.44,1402.33,0
59.34,4.3,6.43,1451.58,0
62.15,4.47,11.58,1422.62,0
61.92,3.29,13.63,1446.22,1
51.75,2.53,5.83,1386.74,0
54.96,4.42,7.67,1461.01,0
40.71,4.64,5.06,1460.41,0
56.48,4.7,11.78,1385.39,0
59.76,2.83,8.72,1388.35,0
46.47,1.21,10.08,1368.2,0
69.95,8.79,12.03,1326.9,1
55.76,3.59,9.09,1377.52,0
43.35,1.48,11.46,1449.41,0
52.24,1.36,10.23,1477.12,0
41.2,4.53,8.11,1438.34,0
64.22,4.61,8.58,1485.85,0
50.7,1.39,9.33,1371.55,0
55.69,6.4,8.29,1294.49,1
78.92,6.95,14.8,1427.44,1
62.35,2.99,8.81,1493.47,0
59.48,4.68,10.29,1451.18,0
83.11,6.96,8.06,1325.15,1
45.84,2.06,10.94,1489.42,0
78.31,8.81,15.07,1364.63,1
60.21,6.03,11.39,1330.31,1
45.82,1.1,11.09,1353.19,0
46.32,3.52,10.34,1481.47,0
42.28,4.53,9.85,1443.51,0
72.81,7.84,11.42,1299.28,1
44.85,2.04,11.01,1471.7,0
58.63,6.13,13.8,1388.14,1
67.75,4.65,10.12,1371.15,1
55.71,4.05,8.51,1482.32,0
82.68,5.92,12.85,1410.02,1
90.97,8.79,24.93,1105.02,2
61.88,1.42,8.19,1384.39,0
56.12,4.54,8.91,1453.14,0
62.98,2.47,11.75,1410.28,0
58.91,3.16,5.54,1352.7,0
56.7,5.5,12.29,1319.57,1
51.17,1.87,5.7,1372.29,0
58.36,5.29,14.2,1350.95,1
62.67,1.3,5.35,1369.12,0
42.62,4.43,7.17,1495.69,0
55.58,3.67,15.92,1327.67,1
102.26,10.09,15.43,1256.49,2
44.01,4.58,7.05,1459.67,0
59.22,1.25,9.04,1367.88,0
84.26,5.78,13.78,1368.04,1
63.66,5.45,12.19,1302.93,1
64.64,2.47,7.46,1445.62,0
52.53,2.29,5.93,1406.46,0
45.38,1.05,6.69,1496.38,0
44.5,4.21,9.06,1493.41,0
59.5,8.68,12.06,1437.49,1
57.45,2.55,6.12,1409.72,0
80.71,8.35,14.41,1336.59,1
45.27,3.24,11.65,1441.3,0
83.0,12.44,17.22,1170.77,2
67.39,6.22,8.39,1280.4,1
55.98,4.51,8.67,1406.03,0
51.24,3.18,5.7,1489.82,0
61.81,1.23,9.57,1406.58,0
57.15,4.49,14.55,1416.52,1
83.26,4.3,14.17,1283.44,1
56.25,4.93,11.38,1415.87,0
51.62,4.91,9.75,1411.09,0
85.75,9.31,23.39,1263.19,2
84.16,4.01,11.28,1296.17,1
47.59,2.78,9.43,1445.6,0
64.13,1.2,11.23,1436.53,0
47.92,1.92,7.66,1438.94,0
67.87,7.55,10.97,1321.5,1
47.01,1.16,5.1,1403.01,0
66.68,3.07,15.24,1295.52,1
60.99,5.23,12.01,1403.33,1
63.55,7.47,14.19,1434.41,1
50.37,3.93,9.8,1474.99,0
53.51,4.4,11.7,1434.86,0
47.11,4.62,6.29,1452.2,0
46.62,3.04,7.13,1484.53,0
64.5,1.78,9.46,1436.34,0
41.95,1.1,5.39,1416.37,0
64.13,4.94,10.52,1418.12,0
45.4,3.36,11.39,1469.67,0
43.06,4.04,9.17,1441.36,0
58.25,4.05,6.66,1427.75,0
77.57,9.99,17.43,1154.68,2
58.06,3.74,11.74,1382.27,0
58.68,2.1,11.87,1431.09,0
81.62,5.45,9.1,1387.15,1
60.35,5.53,11.38,1409.19,1
53.67,1.41,9.5,1398.77,0
51.83,4.21,10.52,1464.0,0
56.59,2.64,7.82,1482.69,0
43.01,1.13,7.55,1400.64,0
42.03,1.08,9.4,1444.45,0
58.15,2.52,11.19,1387.83,0
44.02,3.77,5.02,1456.51,0
76.84,8.86,23.26,1308.13,2
56.33,1.55,10.77,1431.38,0
60.71,2.86,7.07,1466.23,0
63.08,3.94,11.73,1417.29,0
56.3,3.52,8.62,1406.88,0
51.2,2.62,11.89,1393.84,0
92.14,9.8,18.94,1287.17,2
63.58,1.72,9.64,1450.82,0
41.38,4.82,5.9,1454.62,0
41.36,4.22,10.67,1368.08,0
59.4,2.91,7.99,1393.25,0
83.95,6.39,13.37,1355.83,1
52.58,2.16,7.14,1469.48,0
57.45,4.16,7.07,1424.35,0
68.6,6.15,11.53,1348.13,1
62.99,8.32,11.02,1424.92,1
47.18,3.0,8.19,1401.66,0
89.44,13.74,20.43,1212.59,2
96.73,13.93,17.47,1262.67,2
93.41,9.82,20.73,1251.93,2
53.25,3.83,7.26,1355.54,0
53.62,3.21,6.59,1456.78,0
82.7,13.85,21.9,1291.35,2
97.33,13.38,18.69,1311.2,2
51.64,1.3,5.6,1423.33,0
56.42,3.48,8.49,1351.94,1
61.88,3.58,10.36,1470.67,0
46.95,1.09,11.36,1462.91,0
49.46,1.89,9.8,1457.74,0
52.88,2.3,6.98,1489.31,0
53.87,4.07,5.77,1416.54,0
64.68,2.78,8.72,1481.04,0
107.81,12.15,16.87,1280.05,2
60.52,4.12,8.59,1387.47,0
50.41,1.06,5.73,1484.44,0
46.93,2.48,8.22,1466.19,0
53.18,1.68,10.6,1422.66,0
71.63,6.67,11.36,1322.11,1
51.17,2.45,5.12,1428.31,0
46.59,4.62,5.11,1399.04,0
63.81,4.14,12.99,1362.08,1
59.63,4.57,11.69,1468.04,0
77.43,5.07,14.12,1386.68,1
41.4,1.93,9.43,1388.98,0
43.41,2.02,9.73,1400.56,0
43.62,2.23,10.36,1395.86,0
55.96,2.34,10.4,1363.91,0
64.16,3.04,11.91,1395.34,0
64.28,2.4,11.07,1363.98,0
53.54,2.08,8.48,1443.72,0
47.74,3.74,10.75,1413.07,0
50.55,2.18,8.4,1436.58,0
84.57,4.54,8.45,1418.64,1
83.03,7.98,11.22,1300.72,1
44.59,1.04,8.3,1414.3,0
55.35,8.8,11.79,1415.69,1
41.21,4.28,10.78,1438.2,0
47.24,4.12,8.43,1492.61,0
40.95,3.54,8.29,1391.27,0
80.97,6.13,15.42,1291.01,1
54.32,2.59,7.06,1397.37,0
65.79,4.95,12.14,1287.77,1
61.86,3.9,6.75,1483.26,0
41.09,4.2,9.99,1474.73,0
52.91,1.04,10.53,1388.92,0
53.72,2.6,7.12,1427.36,0
61.05,1.24,8.8,1447.59,0
72.29,5.05,14.48,1320.51,1
77.19,6.23,8.7,1437.43,1
45.84,2.69,9.9,1356.49,0
55.9,4.22,10.16,1355.32,0
50.24,3.84,6.8,1398.73,0
64.78,5.66,14.18,1386.32,1
52.24,2.75,7.03,1407.39,0
76.56,6.48,13.03,1295.99,1
41.13,1.87,9.05,1425.83,0
42.65,3.26,6.53,1441.77,0
64.03,4.62,6.37,1360.4,0
42.41,4.21,11.06,1437.56,0
57.05,4.16,11.74,1372.32,0
63.88,1.56,7.01,1369.4,0
46.66,4.58,11.61,1403.43,0
52.6,2.29,6.81,1419.6,0
64.93,2.65,5.7,1397.65,0
59.06,4.11,10.08,1355.87,0
76.27,4.15,12.5,1406.29,1
45.51,4.01,7.12,1391.53,0
56.02,1.73,7.42,1484.52,0
40.89,3.82,8.44,1364.14,0
47.89,4.06,10.23,1401.81,0
65.91,3.44,12.55,1374.98,1
43.5,3.05,6.7,1377.65,0
53.78,1.58,9.28,1489.99,0
53.27,3.58,11.24,1460.08,0
48.57,2.31,6.7,1441.33,0
56.57,8.12,9.59,1428.65,1
60.52,6.61,13.87,1340.7,1
52.67,2.39,11.96,1403.62,0
52.37,2.89,11.69,1415.06,0
64.62,4.64,5.2,1465.61,0
43.36,2.16,9.64,1441.97,0
63.68,1.3,5.3,1373.48,0
49.55,4.24,9.09,1408.58,0
44.38,3.78,11.84,1462.49,0
89.19,11.98,22.91,1253.37,2
49.0,3.63,11.55,1402.22,0
56.32,1.95,5.7,1386.48,0
54.07,2.25,7.07,1460.01,0
65.4,4.67,15.53,1391.72,1
59.87,1.92,6.11,1467.37,0
42.07,3.48,7.38,1478.39,0
57.85,4.44,6.08,1417.73,0
55.6,4.46,8.72,1355.15,1
43.85,4.91,6.69,1457.65,0
54.48,1.93,5.33,1491.78,0
57.18,7.93,13.65,1293.83,1
81.65,8.11,11.47,1408.97,1
81.47,8.42,11.15,1426.14,1
48.68,4.6,5.15,1449.57,0
55.7,2.66,10.47,1401.16,0
63.01,3.3,11.44,1356.96,0
57.34,1.91,5.53,1434.49,0
56.81,4.93,11.19,1420.94,1
64.75,1.86,7.92,1393.77,0
48.2,4.28,6.29,1419.69,0
62.79,2.47,5.32,1395.03,0
55.08,1.32,9.78,1489.89,0
58.96,3.34,9.66,1479.44,0
40.7,1.98,11.17,1412.39,0
62.26,3.2,7.89,1360.9,0
61.11,1.02,8.64,1382.57,0
62.12,3.71,9.56,1437.39,0
50.34,4.0,9.85,1498.6,0
60.06,2.91,11.33,1436.27,0
50.91,3.52,6.2,1464.68,0
45.59,2.76,8.32,1434.81,0
57.53,7.87,13.75,1404.03,1
51.92,2.56,11.21,1484.09,0
44.83,4.82,6.42,1471.23,0
48.88,2.12,9.72,1466.78,0
100.14,13.23,22.59,1289.77,2
54.58,3.43,6.48,1400.56,0
84.86,3.14,8.9,1383.61,1
62.97,4.07,9.09,1415.52,0
60.47,4.37,11.02,1391.73,1
41.15,4.54,5.47,1354.59,0
99.31,9.36,16.21,1214.57,2
55.43,4.6,10.53,1379.08,0
62.45,4.55,7.28,1485.14,0
61.62,2.59,6.85,1434.25,0
40.2,4.88,10.77,1442.33,0
64.62,4.3,9.44,1359.11,0
50.46,4.73,11.06,1356.78,0
61.9,4.62,8.45,1399.52,0
57.13,6.63,11.82,1334.09,1
58.49,2.98,5.2,1442.53,0
51.99,3.58,5.31,1361.81,0
58.55,1.57,10.75,1469.12,0
58.87,2.76,10.49,1496.44,0
42.51,1.59,9.91,1458.86,0
51.48,4.86,6.53,1438.18,0
64.06,7.11,11.46,1313.4,1
50.37,2.73,8.27,1455.72,0
42.9,1.8,5.36,1415.73,0
93.48,13.52,15.51,1116.69,2
45.41,3.19,8.9,1440.94,0
51.08,1.32,9.16,1412.83,0
58.12,3.58,6.25,1468.67,0
57.16,1.07,7.18,1445.67,0
46.32,4.65,5.65,1491.43,0
41.33,2.59,6.9,1499.9,0
45.89,3.58,8.69,1458.19,0
46.34,4.27,5.38,1454.88,0
54.13,3.42,11.55,1449.22,0
57.56,2.49,7.22,1450.69,0
59.66,3.88,8.49,1482.88,0
43.34,3.54,9.64,1462.0,0
42.63,4.13,9.51,1357.23,0
50.19,4.95,5.39,1371.33,0
59.39,8.0,12.32,1423.59,1
50.36,1.04,9.3,1368.36,0
82.01,4.31,13.0,1346.66,1
40.75,2.13,9.25,1403.2,0
52.38,4.39,8.54,1462.21,0
105.44,12.26,23.34,1203.52,2
55.19,4.54,9.17,1417.0,0
48.81,3.91,9.28,1362.18,0
55.18,3.76,12.3,1322.09,1
54.27,2.94,8.85,1423.77,0
57.24,4.14,9.15,1387.7,0
43.32,1.29,10.79,1413.7,0
74.37,8.83,15.29,1328.16,1
56.86,4.52,5.66,1431.02,0
44.17,4.12,11.93,1391.85,0
60.28,4.09,6.02,1419.57,0
55.95,4.86,8.3,1412.76,0
50.56,3.5,11.11,1418.41,0
82.06,14.55,21.88,1236.03,2
53.42,4.74,10.84,1476.38,0
40.82,1.54,7.24,1401.3,0
59.56,3.58,7.28,1449.65,0
54.38,2.8,8.95,1373.62,0
82.66,10.28,22.56,1186.63,2
44.14,2.58,7.21,1364.56,0
50.46,1.05,5.36,1450.3,0
42.2,2.4,5.23,1361.79,0
97.39,10.9,23.74,1221.92,2
56.28,1.83,6.51,1489.23,0
46.35,1.63,5.82,1481.85,0
47.65,3.7,5.95,1395.0,0
66.83,7.06,11.81,1448.94,1
47.88,2.38,11.25,1436.9,0
75.67,11.34,21.88,1259.0,2
48.48,3.41,6.54,1384.48,0
70.51,6.16,10.39,1423.27,1
48.43,1.36,11.73,1471.09,0
52.99,3.55,11.29,1391.98,0
62.83,3.73,11.4,1440.42,1
61.86,1.68,7.98,1378.08,0
84.88,4.52,11.9,1320.2,1
74.68,4.06,12.36,1447.39,1
72.89,5.82,15.31,1393.23,1
55.51,7.19,15.64,1400.06,1
64.62,4.51,11.27,1448.89,0
84.24,8.61,19.76,1288.47,2
44.17,4.19,9.92,1425.98,0
78.76,3.8,10.68,1430.42,1
83.84,3.7,13.68,1319.16,1
60.37,3.1,9.28,1344.09,1
64.67,2.34,9.95,1493.85,0
58.2,3.4,10.12,1465.46,0
84.52,8.81,15.31,1354.0,1
59.74,3.13,14.28,1292.72,1
55.67,2.43,11.97,1422.03,0
51.75,4.56,9.95,1359.33,0
60.86,4.74,6.3,1405.88,0
75.58,6.84,10.14,1440.95,1
50.01,4.67,7.51,1478.43,0
79.41,3.03,12.01,1399.82,1
82.56,8.71,8.68,1353.68,1
61.88,4.27,9.21,1462.98,0
47.45,4.38,9.22,1418.09,0
49.45,2.17,7.72,1425.08,0
45.71,3.64,5.36,1422.72,0
77.88,10.2,17.98,1319.13,2
55.62,2.79,6.43,1369.83,0
58.42,4.52,11.23,1418.19,0
74.52,3.55,12.62,1305.03,1
55.57,3.21,6.49,1450.43,0
48.98,1.92,9.06,1469.73,0
68.66,7.01,14.7,1308.85,1
60.9,4.03,7.25,1365.45,0
60.98,4.05,5.83,1386.83,0
71.62,6.21,9.56,1308.26,1
52.78,4.66,5.35,1471.66,0
105.04,11.0,22.51,1266.0,2
54.92,2.42,8.25,1399.21,0
61.58,4.87,10.24,1350.84,0
45.66,3.06,10.72,1436.35,0
40.74,2.06,10.1,1426.86,0
84.95,12.58,20.35,1231.19,2
48.55,4.72,9.05,1376.84,0
44.94,4.06,10.39,1472.62,0
57.4,3.91,9.07,1298.91,1
47.18,4.76,10.33,1495.88,0
59.55,3.57,13.22,1345.6,1
44.25,2.53,11.1,1404.47,0
47.53,3.39,7.08,1394.99,0
52.7,3.26,11.6,1389.99,0
60.23,5.48,14.16,1446.61,1
47.84,3.43,11.76,1485.17,0
52.26,3.13,10.47,1434.59,0
53.57,3.67,10.73,1406.15,0
55.01,6.58,15.33,1328.95,1
40.72,1.26,8.77,1457.82,0
51.84,1.69,8.04,1409.78,0
43.61,1.37,5.12,1481.03,0
108.39,14.4,18.7,1103.4,2
47.27,2.88,11.01,1395.74,0
63.12,1.91,8.46,1482.6,0
52.96,1.98,7.51,1498.43,0
42.37,2.39,5.26,1377.96,0
62.54,7.71,14.78,1381.73,1
60.14,1.65,7.05,1451.93,0
60.37,2.38,11.4,1373.16,0
41.24,2.07,9.58,1430.04,0
42.77,1.73,5.68,1386.37,0
84.69,7.85,11.75,1403.03,1
62.46,3.33,7.46,1384.89,0
56.38,1.42,11.3,1482.17,0
80.11,7.18,13.44,1385.16,1
54.91,2.46,10.65,1428.49,0
42.54,3.65,5.04,1374.12,0
107.07,12.45,21.3,1188.71,2
50.13,2.46,8.21,1397.73,0
43.35,2.91,9.26,1453.71,0
51.0,1.36,10.03,1382.06,0
40.27,4.52,8.11,1489.74,0
71.17,4.69,11.4,1286.39,1
72.45,3.38,8.3,1316.92,1
61.84,1.85,7.06,1455.99,0
88.18,10.05,17.39,1244.87,2
72.83,5.21,9.39,1391.02,1
96.27,10.83,17.25,1156.56,2
53.87,4.84,6.54,1399.62,0
51.87,1.99,9.06,1458.09,0
93.07,10.26,22.95,1159.58,2
75.18,3.07,8.47,1389.86,1
73.21,4.75,15.4,1373.82,1
100.07,10.98,16.91,1117.64,2
41.57,4.63,5.97,1429.86,0
52.89,4.68,8.48,1498.82,0
51.21,3.4,7.29,1467.14,0
61.35,4.34,7.35,1357.1,0
55.14,5.0,11.19,1371.36,1
57.18,3.25,8.81,1294.85,1
64.44,5.89,15.75,1394.27,1
62.83,1.89,9.63,1453.74,0
78.07,11.45,20.21,1277.0,2
54.84,4.11,7.19,1353.88,0
43.98,2.28,8.91,1352.73,0
60.19,1.99,5.44,1369.76,0
45.75,4.48,6.4,1454.61,0
73.53,6.87,8.23,1420.85,1
57.36,4.77,9.38,1372.26,0
54.9,2.74,6.15,1367.49,0
75.51,5.71,9.98,1305.8,1
59.96,2.31,7.1,1384.88,0
82.89,12.3,15.28,1304.99,2
53.28,4.73,5.58,1366.32,0
107.98,14.99,16.01,1233.45,2
57.94,2.11,5.57,1413.66,0
45.57,3.07,11.93,1393.94,0
82.24,8.93,11.97,1313.26,1
43.94,3.72,11.4,1371.45,0
61.39,1.13,5.53,1391.09,0
48.6,4.96,7.62,1464.12,0
99.27,12.7,19.67,1182.87,2
59.65,4.08,7.45,1405.78,0
53.31,4.82,5.26,1393.81,0
45.49,4.66,7.99,1448.06,0
105.2,13.27,24.83,1111.84,2
81.57,6.74,8.28,1361.82,1
55.79,8.47,10.45,1366.4,1
76.2,8.79,10.77,1429.36,1
88.59,12.94,16.4,1249.24,2
73.29,3.66,13.02,1311.75,1
95.4,13.69,18.27,1167.26,2
43.27,1.73,11.54,1374.66,0
53.09,3.03,9.25,1399.62,0
55.52,2.41,10.89,1420.69,0
53.07,1.03,10.81,1455.62,0
58.93,2.32,6.15,1425.44,0
59.05,8.51,13.34,1351.56,1
83.04,7.92,8.37,1299.98,1
48.16,2.01,8.1,1446.34,0
82.23,3.52,15.49,1420.34,1
41.49,3.14,5.01,1468.16,0
106.6,14.37,23.98,1280.38,2
72.93,8.56,11.19,1334.25,1
83.17,8.96,15.67,1281.01,1
50.74,3.92,6.7,1439.17,0
57.98,3.57,8.64,1452.27,0
98.36,14.8,23.32,1159.58,2
97.19,8.88,21.76,1171.52,2
46.51,4.43,7.62,1352.52,0
60.94,4.77,7.92,1419.08,0
55.83,4.69,8.47,1489.26,0
49.52,4.88,10.89,1475.75,0
100.58,13.95,15.48,1211.09,2
64.4,4.49,7.31,1438.17,0
56.07,3.77,11.1,1401.35,0
52.77,3.13,10.74,1427.6,0
40.0,1.29,11.47,1464.83,0
77.84,8.78,8.47,1338.78,1
44.21,2.81,11.96,1395.76,0
54.14,3.86,11.56,1486.84,0
45.84,1.17,5.13,1498.16,0
53.11,3.88,5.28,1434.53,0
51.65,2.24,11.14,1435.18,0
48.96,1.08,8.07,1383.62,0
76.34,14.49,16.81,1300.74,2
60.89,1.17,6.66,1483.46,0
43.81,3.92,10.69,1385.49,0
62.76,1.74,10.7,1431.88,0
79.52,5.05,10.08,1344.55,1
88.72,11.68,18.55,1231.15,2
58.86,6.2,10.47,1407.88,1
64.43,1.45,6.48,1420.96,0
54.65,1.57,7.08,1443.53,0
51.54,1.55,9.53,1357.07,0
65.91,5.09,11.74,1389.57,1
51.2,4.89,11.93,1447.53,0
55.11,4.34,13.36,1347.75,1
57.46,1.43,7.47,1459.79,0
59.44,6.05,13.18,1367.86,1
61.41,3.63,6.14,1360.59,0
78.5,7.68,11.66,1347.66,1
61.33,4.42,5.69,1363.61,0
60.65,2.17,10.66,1488.04,0
60.68,1.17,9.82,1472.17,0
58.16,5.18,10.11,1371.5,1
44.1,3.85,6.55,1462.33,0
66.66,6.51,15.25,1434.96,1
41.07,1.7,9.55,1374.07,0
61.04,5.91,12.86,1307.23,1
72.39,4.41,15.16,1287.69,1
74.56,3.09,15.56,1445.09,1
63.99,1.19,5.69,1356.61,0
56.97,3.46,9.82,1398.29,0
59.27,1.43,5.53,1459.23,0
52.0,1.44,6.68,1423.57,0
59.15,3.29,7.98,1461.61,0
95.97,8.41,19.54,1139.44,2
60.01,3.5,8.28,1382.62,0
73.78,5.03,13.61,1423.42,1
67.47,6.78,8.97,1373.73,1
45.81,2.94,6.02,1394.54,0
45.22,3.16,11.48,1354.06,0
59.89,7.35,11.56,1408.16,1
55.26,1.74,9.59,1418.49,0
84.77,5.32,11.72,1416.78,1
40.89,3.05,9.27,1378.69,0
50.55,4.68,11.15,1418.53,0
48.49,2.32,8.34,1388.9,0
77.53,12.23,22.7,1125.39,2
48.87,3.32,10.13,1359.47,0
59.3,4.04,5.99,1354.65,0
54.05,3.84,10.26,1377.89,0
64.8,4.01,11.73,1394.38,0
45.37,1.15,5.99,1487.6,0
63.83,4.85,8.89,1440.99,0
57.7,4.18,6.47,1410.74,0
61.31,3.83,9.35,1424.4,0
52.7,1.05,7.11,1490.04,0
97.74,12.25,20.13,1150.75,2
79.83,8.41,17.75,1104.19,2
48.54,2.97,11.48,1486.04,0
63.3,4.61,6.46,1388.84,0
41.81,3.98,9.98,1358.76,0
51.41,2.09,7.46,1364.15,0
76.22,4.14,10.93,1297.99,1
93.66,9.11,21.96,1274.52,2
66.91,8.44,12.36,1395.76,1
40.18,2.27,9.74,1422.61,0
61.84,4.33,11.04,1369.5,0
48.3,1.38,5.6,1448.76,0
73.92,5.56,15.22,1390.66,1
50.79,3.97,8.51,1472.11,0
91.61,13.71,19.32,1275.21,2
61.5,4.12,5.28,1422.08,0
62.16,5.71,15.88,1411.24,1
54.14,2.22,6.54,1362.09,0
50.99,3.79,9.44,1367.2,0
52.93,1.79,10.3,1446.18,0
53.31,1.41,6.21,1435.2,0
50.08,3.6,9.89,1445.72,0
40.25,3.89,8.75,1475.42,0
93.14,8.51,21.27,1155.7,2
48.28,4.91,11.04,1398.46,0
49.06,2.2,9.44,1482.5,0
47.26,4.41,5.71,1382.48,0
74.26,5.21,15.19,1407.45,1
50.18,3.6,7.49,1494.57,0
61.82,2.64,6.19,1463.49,0
76.9,7.5,9.57,1359.62,1
61.05,3.08,9.37,1363.37,0
57.04,4.75,6.48,1388.4,0
61.06,2.02,11.98,1403.29,0
50.71,1.96,9.41,1471.02,0
51.95,1.89,9.94,1378.62,0
56.51,1.94,6.97,1452.67,0
80.23,5.47,9.13,1298.34,1
45.61,2.33,9.38,1458.01,0
73.0,3.14,15.78,1330.7,1
47.27,3.41,10.43,1418.31,0
64.87,4.89,12.1,1439.92,1
87.71,8.44,23.98,1108.35,2
41.15,1.45,6.31,1425.63,0
47.25,4.38,8.45,1424.75,0
59.99,3.57,6.17,1450.55,0
62.25,2.42,6.46,1418.44,0
62.06,3.34,10.52,1417.48,0
74.32,7.28,10.22,1280.1,1
44.94,2.92,11.21,1434.96,0
44.38,4.4,10.74,1395.82,0
48.81,4.43,7.77,1379.87,0
72.97,7.58,15.65,1389.49,1
56.56,3.08,14.36,1361.11,1
95.74,10.66,20.02,1233.12,2
43.56,2.86,5.06,1385.91,0
52.86,2.87,10.18,1474.88,0
65.14,5.25,8.75,1378.31,1
62.57,3.35,11.21,1419.38,1
63.34,4.02,10.41,1318.61,1
43.17,1.48,11.96,1377.03,0
54.73,3.13,6.86,1484.92,0
64.41,2.27,8.73,1352.84,0
79.45,4.21,15.96,1360.88,1
74.2,7.47,8.61,1291.5,1
50.75,1.25,10.52,1429.43,0
70.76,7.15,15.07,1364.27,1
55.41,3.77,9.6,1397.4,0
103.39,9.54,20.33,1149.35,2
63.89,4.47,15.91,1291.31,1
52.0,2.28,8.92,1401.62,0
56.96,2.27,10.94,1492.07,0
57.8,3.73,11.88,1434.74,0
55.72,1.47,9.58,1392.49,0
81.76,5.6,15.28,1344.14,1
77.94,4.62,11.47,1362.86,1
54.79,3.44,10.03,1396.96,0
72.46,8.0,10.11,1315.68,1
59.65,6.23,14.13,1448.01,1
63.24,3.47,6.5,1458.77,0
63.38,6.86,13.55,1367.15,1
103.32,14.58,16.41,1115.66,2
58.21,6.4,10.05,1443.7,1
83.32,5.02,12.49,1296.16,1
44.49,1.5,11.4,1371.04,0
54.16,4.3,8.2,1472.19,0
60.32,3.34,10.18,1446.68,0
68.49,7.66,8.52,1362.89,1
55.95,2.51,9.38,1395.75,0
63.72,1.57,7.67,1433.21,0
67.77,7.74,9.89,1441.3,1
49.83,1.63,7.74,1394.61,0
44.94,1.03,9.95,1490.62,0
82.09,10.89,22.32,1255.14,2
41.37,2.6,7.36,1445.6,0
49.89,2.66,9.5,1449.31,0
52.87,2.74,10.79,1425.58,0
78.29,12.71,19.44,1290.99,2
73.48,3.94,14.83,1386.63,1
75.74,10.13,17.79,1178.36,2
48.27,3.17,11.71,1380.9,0
52.33,2.76,10.45,1412.0,0
80.73,8.5,11.45,1334.21,1
47.59,2.83,6.0,1488.18,0
54.86,3.8,7.57,1444.89,0
56.87,1.69,5.85,1467.55,0
82.56,8.38,15.36,1434.31,1
45.76,3.37,6.05,1373.79,0
63.23,2.55,5.46,1352.87,0
71.33,3.19,12.95,1289.42,1
45.97,4.64,11.46,1478.18,0
63.1,3.5,11.08,1452.67,0
51.07,1.86,7.1,1495.07,0
63.64,3.33,13.41,1390.3,1
55.08,4.84,11.2,1366.34,0
53.54,2.5,6.35,1354.6,0
102.35,13.06,20.33,1294.37,2
50.84,3.82,8.18,1419.0,0
48.23,2.77,6.35,1417.49,0
51.68,4.12,6.54,1409.48,0
58.47,4.84,9.75,1435.58,0
52.13,4.32,11.65,1445.14,0
61.84,2.23,11.57,1397.54,0
60.62,2.42,7.37,1351.77,0
63.57,2.17,9.72,1395.77,0
50.11,2.98,11.76,1495.6,0
59.82,1.01,7.41,1424.19,0
60.14,4.04,6.08,1372.39,0
56.79,1.49,11.99,1362.05,0
59.44,1.25,10.87,1482.35,0
41.0,4.94,7.68,1372.83,0
71.3,8.29,15.78,1305.1,1
55.88,1.18,7.62,1443.88,0
63.79,3.67,7.2,1493.19,0
83.95,6.49,15.27,1417.45,1
51.53,3.23,8.45,1477.11,0
78.08,6.58,10.7,1324.63,1
57.19,4.16,5.17,1491.55,0
68.91,8.66,14.58,1433.19,1
48.67,2.73,10.47,1422.63,0
55.65,4.4,14.06,1379.64,1
55.05,4.89,11.68,1384.08,0
54.7,2.7,7.29,1446.15,0
63.18,3.37,6.85,1453.11,0
61.18,3.16,7.9,1496.58,0
53.87,4.63,5.97,1385.53,0
76.18,5.94,10.06,1430.44,1
45.93,4.12,9.24,1380.87,0
46.99,2.33,8.9,1356.96,0
40.58,3.67,10.92,1403.19,0
57.03,7.25,12.35,1293.89,1
48.47,4.01,10.49,1384.45,0
57.23,4.93,7.7,1456.88,0
50.09,4.79,7.24,1377.5,0
59.06,1.24,11.98,1428.4,0
65.5,7.41,15.52,1295.83,1
43.01,1.57,9.63,1449.22,0
49.28,3.4,9.94,1453.26,0
62.46,4.59,9.8,1478.85,0
61.77,1.09,7.21,1377.7,0
62.63,7.32,9.55,1402.77,1
58.12,3.79,7.18,1364.95,0
57.15,8.1,14.63,1360.33,1
44.62,2.37,8.01,1474.64,0
76.12,7.2,15.33,1339.32,1
63.8,6.93,8.32,1383.63,1
84.75,4.43,10.97,1444.25,1
46.47,4.36,6.35,1471.27,0
76.86,6.48,10.56,1313.66,1
63.28,3.79,8.92,1469.2,0
42.57,1.36,8.36,1485.03,0
42.67,3.41,11.05,1438.11,0
62.08,3.7,7.59,1378.57,0
57.13,3.48,10.84,1440.09,1
42.4,2.7,11.54,1431.36,0
56.31,1.21,7.05,1419.14,0
41.94,4.84,11.15,1463.2,0
42.14,2.82,8.54,1442.41,0
61.29,7.38,8.81,1431.97,1
53.66,2.0,7.4,1477.81,0
57.23,4.91,10.55,1336.06,1
54.29,1.81,7.75,1452.93,0
44.37,4.68,5.31,1460.21,0
42.76,1.96,6.55,1498.02,0
46.94,4.92,8.45,1461.55,0
64.77,4.29,10.22,1381.21,0
50.33,3.7,9.61,1360.52,0
40.58,4.17,9.34,1378.84,0
89.7,8.8,19.68,1140.58,2
98.26,14.59,17.0,1108.95,2
80.76,7.49,11.51,1383.79,1
51.43,1.86,11.06,1437.92,0
63.43,1.43,5.69,1477.92,0
59.25,1.53,10.36,1472.84,0
55.62,1.29,9.3,1460.45,0
56.24,4.47,10.8,1443.91,0
40.41,1.7,8.42,1473.4,0
49.0,4.56,9.83,1371.81,0
45.03,4.84,9.29,1389.25,0
51.71,2.73,10.68,1493.05,0
43.67,2.17,8.55,1401.32,0
89.84,8.02,24.38,1103.11,2
48.85,2.28,11.56,1414.2,0
54.84,2.13,5.76,1452.63,0
49.44,3.84,11.51,1457.43,0
52.69,1.37,9.12,1397.71,0
63.29,3.33,8.77,1418.17,0
57.03,3.51,6.14,1427.19,0
63.18,1.42,10.35,1411.45,0
63.58,4.54,5.59,1427.5,0
67.78,6.11,8.04,1285.66,1
43.04,2.45,6.79,1426.0,0
59.18,3.33,10.29,1448.01,0
94.36,14.51,21.89,1303.81,2
75.72,3.68,13.26,1327.6,1
47.41,4.34,6.16,1357.97,0
50.25,2.28,6.81,1400.82,0
46.31,1.15,11.23,1469.51,0
49.79,2.86,5.53,1432.97,0
42.14,2.51,11.32,1417.86,0
43.65,3.88,7.96,1403.0,0
65.31,6.86,9.33,1374.99,1
48.77,1.21,5.83,1378.97,0
52.95,1.03,7.96,1457.71,0
40.66,3.08,9.07,1355.23,0
75.55,12.5,15.74,1101.42,2
52.97,2.55,8.28,1445.31,0
79.11,6.32,11.91,1299.37,1
48.27,2.08,8.58,1416.02,0
47.58,1.92,6.56,1445.78,0
62.43,3.14,5.94,1358.01,0
93.01,13.19,21.83,1286.98,2
63.05,1.61,8.97,1464.66,0
63.03,3.24,5.32,1411.18,0
84.86,10.67,15.92,1124.7,2
55.29,4.72,10.17,1458.46,0
70.82,8.58,11.87,1363.38,1
50.65,3.05,10.81,1489.37,0
62.22,4.04,8.76,1485.02,0
44.97,1.56,5.86,1479.45,0
62.72,4.7,15.99,1335.64,1
82.82,6.32,11.58,1444.55,1
50.73,2.1,10.38,1383.94,0
54.42,4.42,11.82,1415.92,0
74.4,3.17,13.72,1426.55,1
57.21,4.86,5.56,1408.21,0
90.12,11.77,19.46,1224.26,2
49.4,4.77,10.73,1438.15,0
45.95,4.95,8.51,1379.12,0
99.38,9.66,18.22,1302.82,2
57.24,3.38,10.24,1372.59,0
53.21,4.38,11.64,1430.78,0
41.87,1.35,11.28,1481.37,0
59.99,3.51,5.57,1481.04,0
47.33,4.59,5.09,1362.83,0
60.35,3.5,11.04,1373.99,0
81.34,8.55,12.07,1391.37,1
64.81,1.08,6.52,1467.0,0
69.29,3.57,13.81,1323.61,1
55.7,2.82,11.2,1408.23,0
84.44,13.74,24.99,1146.51,2
47.74,2.24,6.23,1471.94,0
55.54,4.11,8.5,1403.63,0
42.55,1.82,6.24,1385.62,0
52.22,4.05,11.06,1403.17,0
49.06,1.18,7.72,1433.32,0
58.73,4.86,5.51,1358.02,0
52.38,4.21,11.54,1390.46,0
60.47,3.96,11.42,1479.64,0
41.0,1.8,6.3,1388.21,0
81.43,3.91,8.65,1330.08,1
56.01,2.14,11.34,1390.59,0
40.33,1.71,9.41,1482.83,0
41.39,2.14,10.73,1361.98,0
58.65,1.9,7.35,1411.85,0
60.26,4.36,11.37,1426.39,0
53.4,2.71,5.77,1463.25,0
50.02,1.3,8.82,1450.46,0
82.53,9.43,16.82,1103.08,2
57.27,3.29,7.83,1404.54,0
83.92,8.58,14.1,1368.47,1
55.16,1.68,11.0,1489.64,0
58.85,1.86,7.27,1450.69,0
79.58,5.83,12.89,1387.05,1
52.9,3.03,10.28,1378.38,0
42.95,3.24,11.85,1449.11,0
56.45,4.39,6.22,1449.27,0
60.55,4.59,8.82,1394.1,0
54.21,4.19,8.68,1363.66,0
109.71,9.31,17.13,1208.22,2
53.35,3.52,6.17,1452.72,0
54.5,1.55,5.29,1406.94,0
80.14,14.8,24.47,1294.61,2
41.1,1.66,8.12,1381.38,0
47.87,2.43,11.76,1454.69,0
43.01,3.32,11.5,1424.51,0
57.8,1.71,5.56,1491.06,0
101.9,14.89,19.76,1118.55,2
42.37,4.41,5.76,1441.66,0
51.78,3.67,9.49,1371.66,0
46.89,4.95,6.89,1449.56,0
73.56,6.66,15.37,1322.3,1
66.49,4.7,15.45,1313.55,1
59.13,6.24,15.29,1431.72,1
45.71,2.1,7.2,1367.52,0
44.92,3.5,10.76,1404.31,0
51.98,1.1,7.39,1407.03,0
49.4,1.95,8.07,1409.75,0
40.17,1.53,9.05,1424.07,0
46.19,3.74,9.93,1403.7,0
44.22,2.31,7.12,1366.22,0
57.44,5.8,14.2,1290.35,1
55.38,4.3,8.52,1412.64,1
58.25,3.79,10.33,1418.62,0
63.58,1.4,10.98,1350.05,0
64.04,2.25,5.69,1429.02,0
58.85,4.53,6.2,1402.02,0
58.99,1.13,7.8,1497.87,0
78.61,11.22,19.19,1232.05,2
60.67,4.94,7.02,1494.17,0
40.04,4.35,9.2,1375.28,0
62.63,5.1,12.76,1430.58,1
59.37,5.89,13.97,1362.45,1
51.26,3.48,7.83,1372.28,0
44.99,4.03,11.38,1416.28,0
83.09,8.64,9.4,1428.71,1
80.94,6.42,13.17,1374.72,1
51.02,4.24,10.8,1374.51,0
43.97,2.34,10.37,1384.93,0
46.47,2.55,10.86,1372.56,0
49.39,1.53,9.25,1459.15,0
92.07,14.47,22.36,1318.54,2
57.66,3.48,10.45,1286.11,1
45.27,2.35,8.6,1439.79,0
62.39,4.02,10.84,1467.21,0
62.27,4.08,6.75,1497.18,0
63.6,4.12,7.55,1440.54,0
79.09,6.11,9.12,1394.1,1
53.18,1.96,10.32,1434.65,0
80.27,7.83,11.12,1400.52,1
90.81,11.6,24.49,1315.44,2
56.84,1.72,9.86,1384.44,0
76.33,9.98,20.48,1140.56,2
56.8,1.08,5.73,1469.99,0
89.41,9.53,20.14,1242.96,2
57.09,4.63,14.16,1361.75,1
57.93,2.41,8.2,1372.29,0
81.34,12.36,17.23,1167.59,2
52.35,4.45,9.59,1365.03,0
44.61,3.6,8.26,1489.71,0
58.11,2.49,5.74,1448.15,0
48.38,2.57,11.93,1381.18,0
44.58,4.09,6.79,1378.8,0
58.65,2.27,6.59,1494.7,0
59.57,8.49,9.06,1427.91,1
40.28,2.87,5.39,1367.82,0
59.3,3.14,14.6,1422.96,1
52.02,2.32,8.57,1440.93,0
96.79,14.68,18.44,1301.32,2
41.28,2.83,9.4,1461.71,0
41.96,3.24,7.32,1373.24,0
50.0,2.44,10.78,1417.82,0
49.22,2.48,5.37,1465.14,0
84.67,10.64,21.6,1172.58,2
83.48,12.64,23.39,1221.15,2
58.02,4.43,8.19,1287.45,1
75.48,11.08,21.48,1254.39,2
55.9,2.14,9.57,1381.56,0
46.34,4.48,8.02,1471.25,0
57.46,2.73,6.42,1382.09,0
57.36,4.28,11.31,1365.94,0
81.01,6.76,13.35,1301.47,1
78.53,13.76,24.32,1251.05,2
53.28,4.81,6.08,1436.0,0
50.36,2.79,10.94,1400.68,0
52.14,4.78,6.71,1366.19,0
55.29,1.28,11.05,1392.82,0
58.25,3.98,8.31,1492.04,0
64.01,3.26,9.49,1467.3,0
55.73,6.53,15.88,1441.02,1
90.16,12.65,23.51,1226.16,2
41.24,4.5,9.2,1366.11,0
58.92,7.74,9.0,1415.02,1
55.12,5.19,9.35,1408.75,1
65.54,4.0,8.27,1345.57,1
57.15,1.09,5.38,1429.9,0
61.34,4.21,9.63,1398.73,0
73.6,6.2,15.15,1414.06,1
47.96,1.17,11.86,1449.97,0
59.48,3.44,9.9,1475.72,0
51.17,4.64,8.44,1426.77,0
44.54,2.87,8.98,1417.91,0
56.46,2.06,5.08,1427.84,0
46.45,3.26,8.53,1380.47,0
62.87,2.45,9.06,1444.84,0
58.44,4.13,6.11,1412.85,0
45.42,4.46,11.0,1492.73,0
67.33,5.23,10.37,1305.91,1
80.89,5.81,13.01,1392.18,1
49.23,3.0,6.48,1375.97,0
58.35,3.48,11.78,1379.59,0
46.19,3.4,6.8,1400.02,0
61.04,1.73,11.15,1428.94,0
52.42,2.04,7.58,1354.75,0
51.75,4.34,5.71,1444.72,0
62.88,1.17,6.64,1471.28,0
47.7,1.17,8.19,1461.93,0
40.55,4.64,6.51,1444.36,0
58.89,3.42,9.82,1392.35,0
65.01,4.52,12.35,1293.38,1
44.97,1.34,8.69,1399.02,0
54.02,3.24,8.17,1488.71,0
40.11,4.9,7.45,1388.73,0
64.43,1.79,5.77,1436.55,0
66.7,8.06,12.1,1426.58,1
71.22,7.26,10.51,1360.1,1
64.84,1.11,5.35,1398.7,0
60.59,2.41,10.06,1466.6,0
46.14,3.62,5.43,1415.51,0
40.32,3.24,8.69,1457.9,0
82.85,6.17,14.03,1354.68,1
53.4,2.24,10.7,1452.71,0
47.83,1.16,5.35,1457.69,0
55.84,2.53,9.29,1472.06,0
55.28,4.88,9.4,1380.14,1
60.43,2.43,9.57,1433.57,0
44.98,3.18,11.82,1454.27,0
52.25,4.9,10.34,1477.76,0
81.11,9.74,24.06,1101.21,2
57.89,4.22,6.82,1395.09,0
48.53,4.96,10.03,1427.08,0
56.03,4.07,7.34,1361.43,0
41.99,3.83,8.21,1433.47,0
85.71,11.88,19.66,1319.76,2
47.95,3.11,10.47,1465.34,0
45.36,3.95,6.32,1436.02,0
55.11,1.26,10.13,1420.33,0
76.54,8.66,13.55,1439.87,1
58.84,1.88,7.72,1479.86,0
48.64,1.67,11.17,1432.27,0
48.0,2.29,5.92,1420.98,0
58.63,2.87,9.2,1373.38,0
74.39,4.15,10.28,1367.53,1
40.22,2.29,7.68,1464.16,0
51.61,4.81,7.53,1481.62,0
52.4,2.52,8.99,1469.4,0
46.95,2.97,8.06,1390.36,0
54.95,1.11,9.4,1450.98,0
53.54,2.4,6.7,1450.81,0
51.67,2.32,10.62,1472.82,0
56.22,4.48,10.24,1480.31,0
52.99,3.31,10.2,1385.23,0
74.0,5.65,10.65,1301.47,1
41.7,3.73,5.33,1387.58,0
48.42,1.27,10.62,1471.05,0
85.62,13.47,22.66,1252.16,2
69.89,3.43,12.24,1284.1,1
57.37,2.64,10.84,1469.3,0
59.47,1.02,10.24,1471.56,0
55.18,4.03,7.98,1361.04,0
59.93,2.75,11.72,1390.77,0
56.15,1.46,5.65,1449.0,0
76.76,8.99,15.3,1396.39,1
109.19,14.97,21.69,1305.18,2
49.36,4.48,10.46,1371.8,0
58.97,6.28,12.37,1295.21,1
108.39,14.17,20.64,1242.33,2
47.88,3.65,6.1,1396.33,0
64.92,1.69,6.02,1487.26,0
57.38,1.42,9.65,1392.93,0
72.12,8.27,9.57,1308.39,1
96.98,13.88,16.48,1288.17,2
48.44,2.55,10.27,1449.18,0
57.47,2.94,6.35,1438.89,0
63.41,2.78,6.91,1368.4,0
56.64,2.67,5.29,1457.99,0
51.89,3.58,8.9,1446.59,0
62.11,7.42,10.31,1380.76,1
47.73,3.01,8.91,1386.01,0
72.25,5.43,11.94,1373.44,1
46.74,3.82,11.5,1473.68,0
54.33,3.98,10.41,1487.98,0
44.56,3.45,7.88,1448.07,0
50.8,3.26,8.24,1477.12,0
80.57,6.47,14.93,1412.36,1
75.52,4.13,13.19,1367.55,1
66.91,3.94,13.9,1341.28,1
63.15,7.44,14.23,1421.3,1
55.33,8.31,8.6,1424.7,1
46.09,2.84,11.35,1480.8,0
55.1,4.97,11.75,1474.38,0
61.18,5.5,10.49,1413.86,1
95.36,8.72,20.73,1231.48,2
58.77,3.84,6.43,1477.04,0
43.08,2.6,7.45,1465.93,0
42.79,2.96,9.92,1363.05,0
40.56,4.33,5.39,1380.84,0
61.9,3.82,5.18,1351.43,0
84.74,6.27,15.7,1292.85,1
77.33,8.42,8.07,1316.84,1
54.1,4.57,11.96,1495.39,0
51.47,3.45,6.74,1395.1,0
45.55,1.48,7.36,1491.44,0
48.6,2.12,7.9,1457.11,0
73.1,5.16,11.55,1420.51,1
50.65,4.78,6.52,1388.51,0
61.49,2.83,6.84,1386.26,0
64.19,4.98,5.82,1477.43,0
59.57,4.38,10.59,1426.27,0
43.75,2.75,6.39,1408.98,0
44.96,4.45,9.31,1498.35,0
73.98,7.34,12.78,1389.31,1
76.48,7.36,8.47,1370.8,1
52.33,1.33,6.37,1491.56,0
57.07,3.43,11.03,1414.52,0
54.57,2.95,6.31,1484.21,0
82.28,4.88,13.53,1326.18,1
105.49,13.36,22.88,1246.3,2
59.18,7.35,12.12,1299.06,1
63.3,8.53,13.67,1413.5,1
107.87,9.9,20.1,1138.6,2
58.31,1.93,10.69,1438.26,0
60.9,2.97,7.85,1442.21,0
63.19,1.38,7.6,1456.34,0
41.4,3.6,7.3,1441.84,0
106.62,13.6,16.14,1117.22,2
51.8,1.38,9.21,1478.26,0
41.09,1.87,11.8,1496.89,0
66.87,7.87,12.11,1286.68,1
47.28,1.88,10.37,1428.57,0
89.15,10.76,18.03,1201.35,2
64.7,1.61,8.33,1447.06,0
65.43,6.99,14.36,1437.62,1
77.16,3.38,11.1,1328.07,1
62.07,8.61,15.64,1443.01,1
51.87,2.39,9.39,1357.91,0
97.95,11.79,22.65,1284.82,2
50.88,4.81,10.03,1489.52,0
43.65,1.74,6.43,1385.81,0
69.29,8.93,11.52,1390.43,1
48.69,4.51,6.41,1361.74,0
90.78,8.91,16.1,1242.45,2
62.67,6.73,8.48,1400.22,1
57.36,6.93,9.21,1290.59,1
49.88,3.85,6.39,1483.53,0
79.19,14.06,18.91,1185.15,2
55.06,4.75,8.91,1350.84,0
63.26,1.3,7.91,1459.42,0
103.23,14.89,22.54,1186.5,2
73.33,7.84,12.34,1387.02,1
64.8,4.74,12.19,1293.45,1
47.45,1.64,10.81,1495.72,0
42.28,1.59,8.56,1488.28,0
63.9,4.69,8.2,1476.93,0
47.96,2.03,5.15,1390.94,0
41.94,3.8,11.06,1471.12,0
51.1,3.5,8.42,1410.27,0
89.92,13.52,21.56,1125.72,2
109.91,13.42,19.04,1208.78,2
47.88,4.5,7.43,1434.28,0
59.21,8.32,13.84,1307.99,1
41.16,1.62,7.54,1353.11,0
61.26,4.55,8.63,1475.95,0
42.81,1.89,9.69,1375.94,0
45.87,4.98,5.03,1445.95,0
52.5,4.73,8.98,1422.42,0
82.07,3.3,12.19,1285.58,1
63.71,2.57,7.51,1374.36,0
42.39,2.42,6.76,1487.33,0
53.69,1.58,5.94,1491.57,0
59.64,8.17,10.64,1342.58,1
57.22,7.86,9.39,1395.5,1
49.96,1.17,10.11,1446.14,0
63.62,3.62,9.86,1440.73,1
42.36,3.96,10.6,1458.81,0
63.34,1.21,6.87,1392.75,0
55.78,2.33,8.88,1388.64,0
56.24,1.95,9.11,1468.83,0
74.16,5.33,11.41,1292.8,1
58.2,2.99,8.06,1459.43,0
51.77,1.2,6.34,1468.58,0
60.12,3.07,9.8,1487.2,0
45.16,2.46,8.52,1453.56,0
40.83,1.42,6.47,1495.51,0
49.49,2.97,5.21,1438.95,0
51.39,2.3,10.83,1425.74,0
50.34,1.82,11.14,1373.74,0
61.75,3.42,9.3,1429.79,0
83.27,7.06,9.7,1341.22,1
97.5,9.83,20.2,1314.5,2
40.16,3.49,10.57,1493.57,0
59.67,3.99,8.57,1334.39,1
76.35,13.27,20.25,1181.1,2
64.18,3.45,10.1,1401.75,0
40.99,2.05,5.69,1409.14,0
48.39,3.52,6.39,1354.51,0
54.36,4.33,9.82,1353.17,0
52.92,4.04,6.98,1402.96,0
44.69,1.68,11.09,1412.95,0
55.27,4.14,9.67,1397.71,0
64.15,1.82,10.19,1432.0,0
63.03,6.57,12.16,1354.54,1
62.95,5.69,12.3,1392.82,1
49.19,1.23,5.78,1427.38,0
51.76,2.72,9.01,1363.59,0
56.8,1.01,5.77,1402.63,0
104.63,11.88,21.09,1281.32,2
63.44,3.3,7.47,1412.91,0
62.17,2.51,10.25,1364.52,0
90.6,10.92,19.6,1245.16,2
52.34,4.5,11.21,1351.64,0
90.5,13.31,16.26,1303.83,2
49.0,1.06,8.94,1368.56,0
60.53,2.58,9.74,1475.22,0
84.56,6.25,10.17,1396.22,1
55.82,4.9,7.17,1419.15,0
64.1,3.57,5.16,1414.53,0
45.69,1.69,9.67,1441.42,0
63.63,4.55,10.01,1399.0,0
46.61,4.72,9.6,1367.15,0
55.09,4.58,11.06,1483.56,0
42.9,2.55,9.38,1393.63,0
59.8,2.3,10.01,1370.31,0
41.74,2.3,5.61,1498.33,0
62.03,3.46,10.76,1431.94,0
63.4,3.78,8.99,1364.58,0
43.77,2.84,8.81,1492.61,0
45.81,4.56,10.73,1436.23,0
52.5,4.27,6.1,1496.59,0
56.97,2.45,9.16,1351.52,0
83.33,6.66,13.73,1409.53,1
47.0,2.01,5.5,1495.83,0
42.92,1.87,10.38,1390.72,0
58.79,3.32,14.14,1393.21,1
48.9,3.53,11.39,1480.2,0
61.87,4.96,9.27,1441.93,0
53.72,3.15,8.96,1492.31,0
47.19,4.9,10.25,1467.01,0
75.77,14.88,15.86,1279.17,2
43.08,2.76,10.68,1397.27,0
56.06,4.14,5.81,1428.43,0
51.39,3.06,8.64,1492.56,0
87.52,11.24,23.98,1110.35,2
45.99,2.74,6.47,1481.3,0
64.37,4.3,10.33,1377.16,0
44.21,3.7,7.95,1430.67,0
46.29,3.25,9.08,1436.54,0
55.87,1.66,11.17,1414.12,0
53.85,3.61,10.81,1380.96,0
62.88,3.35,5.19,1494.45,0
40.79,4.71,9.91,1412.1,0
65.43,7.07,12.53,1325.39,1
62.6,4.98,7.53,1373.1,0
40.01,4.85,8.09,1351.96,0
54.0,1.99,11.84,1469.49,0
60.05,2.74,11.09,1377.1,0
54.54,4.43,7.16,1473.25,0
43.71,3.14,5.33,1443.0,0
45.84,2.06,10.73,1471.61,0
54.29,3.76,7.71,1477.25,0
62.56,1.27,8.74,1371.32,0
78.37,6.79,12.11,1400.48,1
62.27,1.38,11.92,1492.36,0
50.37,3.77,8.45,1396.28,0
49.03,2.63,9.76,1358.5,0
61.32,4.37,10.24,1301.66,1
45.52,3.2,9.79,1397.11,0
61.28,2.98,8.36,1438.86,0
63.24,3.08,9.52,1376.74,0
60.49,2.31,7.45,1439.45,0
62.23,3.7,10.79,1431.53,0
44.85,3.87,11.64,1449.24,0
57.39,4.7,9.99,1405.26,0
61.24,2.34,6.34,1419.8,0
58.98,3.04,10.55,1463.24,0
95.4,11.23,22.92,1135.41,2
87.36,8.71,22.59,1164.91,2
55.8,3.46,8.86,1387.58,0
49.78,2.11,9.05,1428.42,0
41.28,3.2,5.45,1376.38,0
73.08,5.52,13.03,1295.74,1
53.54,4.89,10.0,1422.15,0
56.79,1.7,6.98,1386.92,0
45.78,3.04,11.21,1454.06,0
62.19,2.99,11.92,1365.51,0
57.35,1.86,9.12,1397.18,0
88.93,10.32,21.24,1281.63,2
48.49,2.24,11.68,1467.54,0
79.43,10.94,19.81,1182.79,2
109.25,13.45,15.2,1219.56,2
85.28,10.91,22.87,1220.13,2
76.86,4.37,15.65,1284.29,1
53.57,2.01,7.42,1377.24,0
42.07,1.01,11.72,1499.42,0
88.65,13.54,17.46,1162.02,2
61.06,1.44,10.56,1377.45,0
63.17,1.13,10.41,1357.81,0
53.65,4.83,10.23,1477.52,0
50.36,3.25,7.06,1381.36,0
64.83,1.73,6.5,1393.34,0
67.47,3.8,12.31,1407.18,1
80.45,7.22,9.94,1384.6,1
82.76,13.02,21.09,1261.44,2
42.38,4.41,7.03,1451.8,0
105.82,14.7,18.89,1293.11,2
63.15,2.78,10.88,1444.22,0
51.46,1.63,6.24,1356.44,0
93.68,10.02,21.58,1160.55,2
46.06,3.73,6.37,1445.98,0
45.32,2.5,6.9,1363.25,0
55.96,8.79,11.35,1322.05,1
75.52,13.66,24.38,1273.65,2
43.68,3.17,7.7,1416.38,0
63.73,4.85,10.89,1454.36,0
44.23,4.18,5.01,1392.36,0
57.28,6.37,11.2,1417.1,1
70.05,7.19,11.62,1320.41,1
41.14,1.86,10.45,1444.75,0
64.13,1.61,7.06,1465.15,0
84.22,5.28,8.52,1447.96,1
65.43,7.71,9.79,1411.29,1
43.43,1.69,5.38,1448.5,0
83.88,10.81,21.43,1213.97,2
41.42,4.07,9.91,1399.7,0
49.36,3.48,10.34,1460.33,0
48.93,2.38,8.64,1416.1,0
50.75,1.07,8.78,1498.39,0
41.83,2.32,7.46,1439.94,0
44.48,4.17,6.93,1492.22,0
54.13,3.23,5.11,1448.11,0
56.69,4.75,9.56,1373.78,0
57.22,3.48,8.09,1386.05,0
60.23,4.04,11.78,1490.36,0
48.17,1.04,10.79,1470.15,0
60.51,8.41,12.05,1291.42,1
64.55,4.14,11.28,1415.81,0
53.97,1.01,7.56,1370.82,0
59.15,4.72,5.51,1352.25,0
47.44,3.24,6.81,1360.94,0
71.04,6.03,8.58,1320.59,1
62.78,4.54,6.31,1409.88,0
63.95,1.26,10.42,1396.44,0
75.72,6.94,11.53,1389.09,1
75.05,3.95,9.92,1434.9,1
57.08,4.85,7.1,1479.22,0
42.42,4.22,6.34,1418.71,0
82.24,4.41,15.27,1332.61,1
72.35,3.88,14.49,1388.11,1
56.27,4.25,8.04,1368.68,0
83.98,6.09,11.79,1408.43,1
100.5,14.69,17.77,1229.3,2
48.62,3.58,8.63,1386.43,0
42.28,4.0,6.23,1405.78,0
48.89,3.09,8.71,1453.1,0
58.05,4.09,6.05,1416.62,0
46.44,1.91,8.85,1360.53,0
62.81,2.81,6.58,1374.27,0
43.95,1.78,7.3,1463.54,0
65.51,3.5,13.8,1332.96,1
43.43,2.53,11.91,1374.15,0
52.6,3.91,8.35,1393.11,0
58.12,2.83,6.33,1462.05,0
63.12,1.22,8.4,1486.92,0
50.78,1.21,11.95,1426.14,0
58.37,3.13,7.02,1423.92,0
43.04,2.87,5.02,1410.27,0
80.56,6.04,11.92,1341.51,1
42.08,1.02,7.81,1463.58,0
46.07,4.97,6.38,1436.33,0
70.18,8.74,9.09,1445.52,1
83.79,5.93,8.88,1373.15,1
44.72,3.03,8.7,1471.59,0
57.82,1.17,5.9,1365.92,0
69.59,3.95,13.75,1336.3,1
80.86,6.7,15.43,1365.01,1
46.26,4.25,5.9,1488.86,0
64.33,2.86,10.93,1359.36,0
72.05,3.65,10.98,1321.26,1
49.78,2.6,10.35,1424.92,0
87.66,10.06,21.01,1148.65,2
101.51,9.13,19.77,1258.03,2
62.49,2.34,7.06,1480.92,0
44.77,3.21,7.85,1408.51,0
57.69,2.72,5.64,1494.36,0
60.65,2.25,7.69,1486.42,0
57.8,2.64,10.0,1451.28,0
46.54,4.7,6.26,1485.73,0
55.57,5.79,15.21,1318.13,1
50.4,4.16,8.07,1414.79,0
60.38,3.2,11.08,1464.49,0
52.09,2.93,5.62,1470.35,0
60.26,4.42,6.9,1411.32,0
57.29,3.65,5.27,1405.24,0
43.29,2.53,6.43,1446.6,0
47.91,4.9,6.8,1418.42,0
63.97,5.71,9.02,1416.43,1
70.58,4.23,15.02,1429.53,1
58.63,2.52,7.12,1418.9,0
47.32,2.12,10.07,1488.1,0
61.37,1.66,6.62,1426.85,0
51.52,4.6,6.54,1461.21,0
96.82,14.29,16.68,1237.88,2
51.96,3.05,7.8,1489.48,0
45.66,1.65,10.49,1493.44,0
51.37,2.88,9.95,1491.1,0
78.19,12.54,19.13,1189.24,2
83.65,7.35,13.56,1398.01,1
43.24,3.7,10.91,1435.85,0
42.76,4.69,10.26,1438.47,0
57.01,1.49,5.8,1411.64,0
93.21,12.74,22.79,1128.82,2
67.12,7.1,8.81,1302.6,1
62.39,4.53,5.28,1450.45,0
46.65,1.54,7.87,1438.55,0
62.78,4.97,5.74,1384.96,0
46.23,4.56,10.03,1360.95,0
57.67,8.17,14.5,1285.68,1
78.67,5.11,11.24,1346.93,1
53.14,1.37,8.06,1437.27,0
44.87,4.74,5.73,1459.44,0
55.0,3.01,11.79,1367.97,0
43.23,3.15,11.56,1396.25,0
54.64,3.18,6.64,1445.67,0
65.62,6.93,12.3,1395.11,1
84.18,7.58,12.87,1342.12,1
58.26,1.38,8.7,1393.69,0
53.43,1.85,8.17,1375.59,0
71.12,6.44,15.95,1305.93,1
56.58,4.19,7.24,1446.8,0
46.87,2.58,7.95,1411.65,0
46.58,3.22,7.88,1492.16,0
62.82,6.7,15.39,1296.32,1
88.6,14.72,24.71,1141.38,2
90.25,12.77,24.92,1190.14,2
56.12,4.63,8.96,1469.97,0
82.91,7.39,14.21,1291.42,1
47.81,2.02,10.88,1479.94,0
50.04,4.2,6.43,1433.26,0
56.4,4.64,5.65,1389.53,0
44.15,1.22,5.74,1485.19,0
74.01,4.52,12.44,1369.69,1
74.77,8.93,10.12,1394.25,1
40.44,3.15,9.4,1499.2,0
43.33,1.82,10.37,1394.31,0
91.49,14.98,16.57,1255.97,2
62.1,1.07,7.84,1488.93,0
53.95,2.22,5.61,1350.21,0
46.84,3.95,5.36,1357.39,0
60.77,3.45,9.23,1421.9,0
105.07,9.6,17.2,1144.26,2
55.5,3.88,14.64,1389.75,1
60.92,3.29,11.99,1393.03,0
58.06,2.71,9.45,1489.23,0
77.83,5.5,8.53,1397.9,1
57.25,4.54,6.45,1487.73,0
80.99,8.01,20.95,1309.65,2
76.87,3.57,11.43,1284.96,1
61.13,1.04,6.54,1449.83,0
41.94,4.99,6.89,1371.16,0
63.54,2.28,7.34,1475.98,0
47.71,2.45,12.0,1466.69,0
77.11,4.03,11.78,1448.1,1
48.33,2.97,9.01,1385.75,0
48.46,1.03,9.76,1473.82,0
49.74,3.07,7.27,1443.4,0
57.37,3.27,10.57,1460.25,0
47.31,1.18,10.47,1355.89,0
61.82,5.75,14.55,1435.62,1
93.43,10.02,22.91,1135.05,2
61.82,1.16,11.0,1354.15,0
61.41,3.09,7.54,1387.16,0
61.23,1.55,5.22,1490.16,0
50.3,1.11,6.05,1426.84,0
77.3,13.61,17.42,1143.46,2
46.89,2.94,6.62,1498.93,0
42.09,3.57,8.87,1356.05,0
55.26,2.68,11.2,1463.28,0
60.22,5.96,13.5,1390.84,1
51.22,4.45,11.09,1420.6,0
84.96,6.78,14.36,1412.9,1
49.11,2.32,6.65,1498.98,0
52.72,2.86,11.66,1491.73,0
50.63,1.11,11.18,1385.96,0
64.13,4.33,10.02,1421.85,0
56.87,3.21,9.35,1403.74,1
108.26,8.03,18.17,1284.22,2
80.27,5.41,11.44,1305.19,1
40.53,1.11,11.24,1458.38,0
45.04,4.64,10.32,1451.46,0
64.92,2.4,11.73,1365.2,0
46.06,3.7,10.09,1419.63,0
50.67,2.92,10.17,1402.81,0
46.87,3.04,11.17,1356.43,0
50.14,4.87,6.41,1436.94,0
62.74,2.71,9.41,1355.3,0
53.87,3.61,8.54,1388.52,0
64.34,1.92,10.41,1400.85,0
78.4,7.98,10.15,1396.78,1
62.7,3.59,8.35,1472.21,0
59.76,8.29,14.97,1284.97,1
54.68,3.67,5.16,1409.39,0
61.3,3.21,8.93,1481.5,0
77.9,12.18,23.78,1117.55,2
44.82,1.28,7.59,1428.65,0
103.4,8.77,16.22,1230.78,2
80.23,3.63,15.6,1311.02,1
55.76,1.06,10.94,1458.45,0
47.35,2.1,11.09,1371.76,0
64.56,1.72,9.14,1363.45,0
49.01,2.56,10.33,1419.01,0
59.22,4.51,5.73,1407.73,0
50.36,1.18,10.49,1451.81,0
101.75,10.24,24.52,1242.04,2
74.79,7.6,12.6,1324.33,1
42.92,2.17,6.78,1467.15,0
54.52,3.86,11.42,1455.82,0
57.68,5.51,15.03,1440.6,1
46.5,2.25,9.3,1359.67,0
56.36,4.27,8.83,1369.94,0
60.56,4.41,7.8,1499.17,0
73.06,5.73,10.85,1441.0,1
43.58,3.52,9.65,1491.29,0
54.93,4.38,7.7,1487.22,0
48.64,3.7,9.19,1366.37,0
64.57,3.3,11.81,1354.06,0
43.33,1.63,11.64,1481.94,0
50.93,2.07,9.23,1480.7,0
70.35,7.24,9.54,1397.03,1
55.84,1.99,7.13,1465.62,0
63.8,3.8,10.28,1463.63,0
44.74,3.28,11.54,1401.78,0
41.5,3.25,11.7,1376.3,0
48.08,3.18,8.86,1403.48,0
59.15,2.78,7.42,1417.68,0
43.65,3.21,9.54,1408.53,0
90.77,10.6,19.61,1283.61,2
55.89,8.21,9.95,1402.7,1
41.94,3.89,8.88,1369.07,0
46.25,4.06,6.26,1489.24,0
69.4,3.55,9.65,1311.94,1
54.39,1.47,6.89,1410.59,0
51.62,4.65,9.49,1419.56,0
40.67,3.94,9.38,1437.11,0
54.04,1.04,7.25,1465.3,0
84.84,7.91,12.45,1362.41,1
46.73,5.0,9.13,1452.17,0
41.85,3.38,8.77,1476.91,0
70.84,5.32,12.9,1411.3,1
46.89,1.2,11.38,1482.48,0
44.44,1.13,7.36,1414.13,0
59.77,2.28,9.38,1482.9,0
58.37,4.71,9.4,1468.48,0
54.99,2.33,5.06,1380.03,0
55.15,2.53,5.71,1437.37,0
45.27,2.28,5.94,1471.4,0
45.28,4.01,5.36,1423.88,0
40.45,1.9,7.72,1366.76,0
41.24,3.9,5.78,1441.25,0
50.04,4.06,11.41,1412.02,0
80.67,7.98,11.18,1393.57,1
67.29,5.51,12.22,1283.25,1
76.14,5.64,15.03,1303.41,1
45.92,3.51,10.81,1412.34,0
53.64,3.74,9.92,1469.02,0
43.75,3.98,9.16,1361.78,0
63.32,3.42,9.62,1410.27,0
48.3,4.28,11.78,1355.97,0
45.77,4.02,10.1,1371.3,0
88.95,13.9,22.05,1233.19,2
61.73,2.4,7.92,1388.76,0
60.97,4.36,10.08,1492.87,0
75.84,4.63,12.72,1341.37,1
55.81,4.75,10.85,1357.9,1
80.87,4.4,8.76,1445.86,1
57.31,3.03,11.32,1407.1,0
82.88,12.64,21.1,1301.32,2
45.63,1.78,5.99,1443.36,0
49.71,4.94,5.46,1436.67,0
52.64,4.59,9.33,1468.29,0
64.2,1.93,11.42,1366.35,0
74.39,7.6,13.91,1360.88,1
60.16,3.65,7.29,1406.39,0
49.95,3.95,5.18,1431.15,0
55.08,3.68,9.59,1416.88,0
46.61,2.34,10.9,1354.09,0
51.09,1.35,7.01,1467.22,0
51.39,4.46,5.98,1358.19,0
45.9,4.01,10.16,1353.34,0
58.84,4.64,8.57,1457.82,0
54.82,1.48,7.28,1434.45,0
50.23,4.97,5.01,1379.58,0
70.0,6.42,13.7,1412.19,1
52.55,4.12,6.53,1480.69,0
58.95,1.06,5.81,1356.9,0
70.52,4.5,14.05,1429.24,1
81.49,4.22,12.7,1399.19,1
53.13,1.26,11.81,1404.01,0
55.78,2.54,7.38,1445.17,0
68.15,5.29,15.46,1401.58,1
60.14,3.47,5.95,1406.1,0
43.48,1.04,8.81,1496.37,0
65.45,6.81,9.71,1322.94,1
64.0,3.08,7.8,1428.21,0
82.71,14.52,22.37,1104.16,2
64.77,3.19,9.53,1487.89,0
46.05,3.86,5.64,1379.89,0
40.09,1.97,8.57,1406.99,0
58.56,1.88,7.58,1404.6,0
50.43,1.64,6.2,1412.72,0
59.37,8.21,13.15,1319.0,1
68.6,6.14,13.56,1418.11,1
62.25,3.41,10.54,1325.36,1
60.73,3.16,5.07,1451.54,0
62.52,3.41,5.22,1444.97,0
60.94,4.27,6.06,1455.83,0
43.23,3.26,5.34,1481.06,0
59.89,2.72,8.18,1481.9,0
48.87,4.58,8.55,1452.33,0
97.45,14.14,21.76,1178.54,2
42.5,2.09,10.71,1406.75,0
42.66,2.24,8.87,1498.2,0
40.23,2.74,7.51,1430.86,0
84.25,8.38,10.33,1335.54,1
63.89,8.6,9.75,1291.84,1
47.51,2.34,5.65,1443.0,0
63.28,4.29,9.47,1370.52,0
44.17,2.72,6.0,1483.51,0
43.99,1.66,7.0,1468.93,0
76.25,7.91,12.35,1394.78,1
84.96,12.63,16.12,1186.3,2
83.29,12.86,24.75,1311.7,2
54.08,4.05,7.23,1406.03,0
82.19,8.82,11.41,1448.31,1
89.54,14.49,16.63,1144.89,2
64.42,2.16,7.86,1361.6,0
53.2,1.86,11.19,1362.81,0
82.32,8.91,17.04,1269.19,2
92.39,13.31,15.64,1191.7,2
63.47,2.24,8.59,1366.33,0
93.14,8.52,16.1,1184.37,2
63.73,3.04,6.3,1423.2,0
82.08,12.93,23.42,1218.77,2
50.74,1.95,7.75,1399.94,0
59.86,4.53,5.41,1465.86,0
63.19,3.37,10.95,1476.14,0
55.34,3.01,14.61,1449.46,1
72.08,7.02,13.97,1302.63,1
57.98,3.67,10.24,1378.34,0
49.06,2.96,10.72,1394.95,0
62.31,3.12,8.38,1453.42,0
49.69,1.96,7.61,1366.66,0
41.76,2.11,7.27,1491.77,0
53.97,2.39,5.36,1412.66,0
83.08,8.94,11.17,1448.46,1
56.53,3.43,5.76,1448.4,0
80.06,3.98,14.83,1396.75,1
61.17,4.1,9.51,1480.57,0
41.79,2.64,7.18,1451.57,0
43.16,1.91,6.63,1497.78,0
50.31,2.12,9.31,1461.04,0
50.61,1.58,10.82,1402.3,0
61.62,4.84,8.97,1452.34,0
63.82,2.83,8.71,1470.72,0
64.15,4.04,11.66,1455.38,0
56.9,4.79,8.08,1398.26,1
43.58,2.5,10.58,1405.11,0
55.23,3.43,6.82,1459.08,0
56.15,3.53,5.77,1419.32,0
64.23,4.54,11.49,1499.24,0
60.32,4.78,5.22,1486.56,0
63.7,1.28,8.55,1399.34,0
43.03,2.21,5.71,1453.82,0
78.75,6.85,11.03,1339.26,1
40.44,1.57,6.56,1429.18,0
64.84,3.58,8.97,1427.29,0
49.47,1.57,6.9,1497.68,0
77.1,9.87,18.01,1140.54,2
84.65,3.73,13.21,1280.41,1
94.93,11.2,23.43,1105.34,2
54.96,1.98,5.41,1458.21,0
70.12,3.07,10.09,1334.96,1
45.31,1.94,7.29,1392.27,0
54.35,2.76,8.24,1493.16,0
75.35,8.72,12.09,1435.35,1
40.18,3.45,11.81,1478.39,0
95.91,9.66,19.97,1148.2,2
42.88,1.35,10.47,1373.4,0
79.29,9.48,15.3,1195.47,2
49.33,1.2,9.11,1418.89,0
57.72,2.0,7.27,1400.13,0
64.05,2.54,11.31,1473.1,0
94.14,11.73,22.13,1293.43,2
64.07,4.68,5.74,1484.89,0
103.09,12.41,21.97,1318.1,2
52.75,1.94,11.14,1375.99,0
61.65,8.42,11.93,1395.41,1
41.01,3.45,10.64,1415.67,0
64.39,2.33,9.17,1363.53,0
44.74,4.47,10.08,1381.98,0
58.78,3.71,6.39,1424.1,0
58.37,1.1,9.09,1491.22,0
53.34,2.95,10.03,1421.01,0
66.81,4.64,8.03,1402.37,1
49.73,3.23,9.04,1374.83,0
60.89,4.9,9.25,1371.75,0
56.22,3.26,7.56,1446.33,0
58.61,6.27,8.05,1335.18,1
76.33,3.13,15.99,1437.77,1
51.64,3.17,7.01,1438.62,0
48.89,1.64,11.03,1407.88,0
41.22,4.61,8.38,1392.14,0
82.22,8.53,12.28,1366.96,1
52.97,3.81,7.55,1495.77,0
70.65,3.97,11.07,1379.47,1
93.63,10.31,24.38,1180.23,2
44.02,3.93,8.02,1416.89,0
42.81,1.08,11.39,1401.86,0
55.05,4.94,7.04,1477.21,0
47.31,3.76,5.0,1358.95,0
64.91,3.95,10.96,1364.8,0
55.11,2.21,6.4,1431.39,0
52.66,3.78,7.14,1410.36,0
93.85,14.13,16.25,1208.63,2
50.59,3.13,5.14,1427.34,0
60.2,4.05,10.58,1415.34,0
43.53,4.28,11.2,1385.2,0
63.14,3.23,14.78,1426.86,1
42.28,1.31,7.79,1473.24,0
64.96,1.9,6.42,1438.4,0
67.57,5.92,14.42,1330.36,1
56.51,1.41,5.14,1364.36,0
50.72,3.16,9.88,1455.32,0
63.29,4.63,10.47,1352.91,0
62.58,3.33,14.14,1349.68,1
51.62,3.68,11.75,1499.89,0
57.62,2.5,5.92,1385.58,0
53.91,3.59,10.34,1490.89,0
46.79,4.78,7.22,1359.51,0
66.59,7.52,15.65,1283.97,1
80.74,8.99,9.93,1286.86,1
41.74,1.7,10.99,1384.08,0
73.86,8.14,12.12,1310.63,1
55.96,3.5,9.18,1373.91,0
62.2,1.06,11.64,1484.84,0
49.15,4.52,5.92,1368.34,0
71.72,4.54,13.21,1299.77,1
102.07,13.87,18.67,1267.38,2
45.26,4.06,6.77,1479.83,0
56.77,4.02,5.77,1420.17,0
62.94,4.53,6.16,1376.01,0
64.99,4.39,6.82,1379.27,0
47.12,2.2,7.65,1391.09,0
61.45,7.29,14.4,1338.84,1
59.75,1.16,8.02,1407.34,0
57.78,3.85,5.81,1435.54,0
56.04,2.31,9.83,1359.16,0
46.16,3.03,5.99,1453.74,0
41.63,2.22,8.01,1391.28,0
46.43,4.79,6.19,1494.85,0
51.17,4.11,6.54,1374.68,0
44.82,1.76,10.38,1389.84,0
55.27,8.54,14.92,1372.62,1
51.69,2.99,8.06,1408.93,0
72.56,7.34,10.91,1364.36,1
41.76,2.39,11.85,1403.08,0
50.22,1.69,6.1,1387.54,0
79.69,8.6,12.35,1314.05,1
41.58,3.09,9.57,1375.71,0
79.33,3.2,11.74,1389.93,1
63.96,1.36,6.62,1356.99,0
64.68,4.46,13.9,1405.13,1
59.02,4.54,14.99,1323.52,1
63.64,3.7,10.48,1405.02,0
54.91,3.42,5.11,1368.78,0
40.99,2.69,11.78,1469.34,0
78.69,3.55,11.96,1289.78,1
56.09,1.81,8.67,1450.43,0
93.43,10.12,18.63,1114.61,2
63.14,2.5,10.31,1429.54,0
57.99,2.77,9.59,1401.05,0
51.61,3.22,10.61,1381.67,0
73.71,7.57,8.31,1422.31,1
43.53,2.76,6.97,1464.68,0
83.93,4.22,12.19,1328.81,1
45.96,4.04,11.11,1392.2,0
42.2,3.85,11.81,1430.62,0
54.56,3.21,11.02,1365.24,0
81.1,6.47,11.44,1389.07,1
47.78,4.11,6.8,1369.61,0
78.12,11.58,24.19,1298.91,2
109.61,12.22,22.09,1309.28,2
69.7,7.51,12.12,1294.7,1
64.43,2.63,11.1,1467.36,0
84.88,6.05,10.76,1311.6,1
64.06,2.08,8.1,1364.34,0
42.98,1.9,8.5,1476.07,0
47.29,4.1,5.9,1473.44,0
77.1,6.46,13.39,1362.47,1
79.08,5.92,10.39,1388.48,1
77.92,4.75,8.65,1281.94,1
99.12,12.79,18.18,1120.66,2
62.47,1.79,5.69,1453.6,0
50.9,3.12,11.92,1399.4,0
62.11,3.7,7.39,1431.53,0
90.91,9.38,16.6,1204.06,2
60.72,7.84,13.26,1312.77,1
46.34,4.76,11.34,1435.02,0
60.82,4.69,8.44,1459.37,0
76.6,3.59,9.2,1413.94,1
52.17,4.06,11.24,1400.59,0
57.94,3.72,10.82,1356.24,0
54.95,2.06,8.69,1427.62,0
40.23,1.92,7.94,1368.21,0
62.68,3.68,8.92,1366.65,0
57.04,2.22,10.17,1419.45,0
53.8,1.84,5.19,1457.9,0
48.54,1.64,10.37,1358.83,0
42.04,2.19,8.6,1410.94,0
40.15,2.54,10.95,1497.38,0
62.14,2.17,5.95,1418.5,0
42.54,4.0,7.19,1457.59,0
61.79,3.07,7.07,1458.13,0
52.56,3.25,7.36,1360.75,0
68.26,6.93,10.68,1367.72,1
51.73,2.07,5.71,1375.12,0
51.31,4.52,7.95,1475.94,0
42.55,1.83,10.71,1421.98,0
51.31,1.15,6.82,1381.97,0
57.83,2.48,8.83,1395.51,0
76.51,9.15,16.32,1259.72,2
56.58,4.52,14.73,1441.69,1
59.52,4.48,8.45,1392.74,0
51.01,3.08,9.42,1470.1,0
51.05,2.39,10.23,1484.03,0
47.16,3.6,11.79,1350.67,0
40.67,5.0,5.24,1409.27,0
58.73,3.78,8.85,1434.98,0
56.56,1.6,5.12,1409.54,0
53.93,4.37,5.12,1380.53,0
40.96,3.46,10.8,1373.63,0
101.45,13.53,16.05,1283.99,2
64.1,4.64,10.06,1430.01,0
49.98,2.0,5.01,1447.57,0
56.24,1.34,6.27,1421.37,0
51.49,3.38,9.17,1405.99,0
59.58,3.68,9.19,1378.82,0
55.63,4.92,5.29,1426.81,0
41.0,4.34,6.47,1399.25,0
96.07,12.08,22.48,1278.59,2
83.78,8.84,20.85,1313.25,2
41.74,4.52,7.32,1402.55,0
75.12,6.44,15.74,1403.83,1
62.12,3.77,9.66,1404.8,0
75.75,13.17,24.59,1289.7,2
100.88,11.79,24.33,1205.26,2
53.85,4.05,8.76,1476.12,0
64.17,2.13,9.12,1499.01,0
51.98,3.88,6.15,1463.3,0
74.53,6.2,10.59,1336.61,1
45.73,1.93,11.31,1475.09,0
43.15,4.92,9.72,1477.03,0
103.06,14.86,22.47,1245.53,2
66.58,7.1,8.86,1347.48,1
42.31,2.83,7.76,1480.06,0
63.64,4.94,13.43,1375.74,1
49.39,3.86,7.07,1459.54,0
77.01,3.89,10.79,1316.84,1
79.93,4.69,12.38,1294.15,1
57.16,2.2,8.97,1442.43,0
57.6,2.93,5.94,1389.71,0
68.38,7.25,13.85,1309.57,1
47.34,1.6,7.58,1412.28,0
43.34,2.3,5.45,1447.7,0
82.43,4.59,15.23,1334.51,1
71.36,4.32,10.7,1344.86,1
53.57,4.79,6.0,1350.29,0
51.75,3.58,10.1,1350.53,0
57.19,3.69,11.65,1405.73,0
54.76,3.52,7.4,1414.31,0
40.92,3.4,6.74,1439.73,0
50.03,1.64,9.01,1432.01,0
57.43,2.08,7.0,1435.56,0
54.2,2.12,9.62,1448.73,0
62.62,3.56,6.59,1382.87,0
81.69,6.98,14.92,1290.76,1
44.44,1.2,9.78,1387.66,0
43.91,1.95,10.88,1454.41,0
58.58,3.89,5.95,1475.41,0
53.56,1.59,10.22,1351.25,0
40.1,2.98,5.7,1463.16,0
41.26,1.18,10.04,1416.67,0
80.54,4.41,12.8,1425.5,1
50.29,1.81,9.89,1368.59,0
55.39,1.83,5.28,1370.83,0
63.09,8.12,9.42,1342.43,1
81.19,6.0,13.84,1385.26,1
78.22,8.73,18.94,1204.0,2
61.24,2.84,9.57,1434.77,0
45.9,3.14,11.67,1393.1,0
79.41,5.54,11.79,1325.07,1
41.34,2.72,10.52,1457.29,0
57.46,1.67,10.72,1420.56,0
59.94,1.14,9.9,1353.44,0
78.13,8.83,21.99,1266.9,2
49.69,2.15,6.88,1479.16,0
40.65,1.54,11.74,1432.43,0
48.32,2.56,7.08,1490.17,0
59.17,8.03,12.77,1439.49,1
58.53,4.64,7.54,1498.41,0
68.63,5.26,11.58,1351.18,1
52.04,2.34,11.55,1365.41,0
55.04,2.19,10.0,1463.85,0
54.68,1.13,5.75,1432.5,0
84.13,14.07,21.44,1104.47,2
50.18,3.3,8.0,1389.54,0
40.41,3.05,6.59,1446.78,0
83.81,11.48,18.01,1162.66,2
76.16,5.1,11.87,1421.57,1
58.61,1.95,10.93,1461.45,0
49.37,3.5,10.56,1392.09,0
54.31,3.78,6.01,1489.9,0
53.37,2.55,10.14,1365.41,0
81.33,13.59,18.34,1260.79,2
46.64,1.88,7.45,1470.71,0
53.15,1.93,5.33,1435.88,0
97.76,10.22,24.66,1294.17,2
109.65,12.07,16.09,1201.01,2
60.26,1.52,10.05,1362.35,0
53.77,3.78,7.83,1459.72,0
81.05,11.36,15.6,1236.56,2
55.28,4.99,11.83,1494.96,0
56.08,4.83,9.37,1454.23,0
52.15,4.76,9.6,1393.55,0
42.7,1.28,9.12,1428.1,0
57.01,2.61,5.8,1457.85,0
42.29,4.51,6.86,1369.43,0
50.91,1.23,11.83,1413.77,0
62.86,5.69,9.21,1395.25,1
77.21,12.22,15.57,1296.63,2
44.52,3.67,9.06,1447.27,0
59.79,4.23,8.25,1377.12,0
48.24,2.39,7.91,1406.74,0
43.47,2.88,11.99,1373.83,0
51.85,2.66,10.9,1384.5,0
61.52,4.37,11.13,1465.33,0
48.91,4.92,11.88,1383.48,0
46.59,4.94,5.39,1403.79,0
71.57,7.7,13.58,1434.28,1
58.17,6.04,14.52,1439.15,1
61.43,4.62,6.94,1497.53,0
55.88,1.89,10.19,1357.87,0
75.63,11.9,22.87,1219.09,2
56.57,4.86,11.41,1425.43,0
77.93,14.31,16.26,1186.45,2
57.9,4.64,6.26,1385.63,0
40.91,2.89,8.95,1359.86,0
55.53,2.1,5.12,1432.91,0
41.02,1.06,6.4,1397.73,0
46.84,3.36,5.99,1388.91,0
43.76,1.87,7.0,1407.73,0
48.91,4.99,8.72,1406.29,0
82.29,4.46,12.64,1361.89,1
49.53,2.65,10.09,1417.75,0
78.31,8.23,9.73,1294.25,1
56.25,5.99,13.51,1322.89,1
53.23,4.17,11.8,1495.02,0
61.03,1.14,11.82,1447.23,0
72.31,8.34,12.78,1417.73,1
78.06,7.28,14.62,1297.08,1
49.47,4.29,11.51,1386.45,0
81.16,13.22,18.07,1149.74,2
62.87,1.83,9.66,1361.8,0
46.97,1.64,6.37,1495.95,0
50.03,1.67,6.93,1387.82,0
63.82,2.05,11.36,1492.53,0
54.19,2.41,9.08,1433.8,0
55.3,3.16,5.48,1383.65,0
51.89,4.37,7.58,1401.86,0
48.71,3.81,5.13,1450.57,0
49.05,1.31,11.55,1438.48,0
80.64,12.18,18.42,1201.11,2
50.81,4.31,5.17,1451.3,0
94.08,12.31,24.33,1304.95,2
60.57,4.63,10.22,1392.37,0
63.77,2.06,6.27,1484.92,0
53.85,1.63,6.27,1437.38,0
60.23,1.92,8.24,1494.28,0
89.17,8.75,23.22,1146.68,2
47.52,4.0,10.56,1380.37,0
62.21,3.55,8.96,1435.38,0
75.77,5.76,9.08,1333.52,1
81.81,4.54,11.36,1421.88,1
90.96,12.72,21.87,1292.39,2
59.45,4.58,10.07,1419.78,0
84.43,6.42,10.08,1354.29,1
62.24,6.51,13.51,1303.83,1
48.34,4.64,9.28,1451.47,0
50.24,4.12,10.4,1384.22,0
77.21,3.86,14.03,1410.72,1
101.33,14.05,21.51,1288.38,2
103.73,11.97,21.57,1297.65,2
51.11,2.24,10.84,1419.62,0
66.45,7.94,10.67,1354.82,1
55.95,1.29,11.62,1414.91,0
63.15,8.42,15.99,1436.28,1
73.78,5.45,10.03,1426.15,1
75.14,13.43,15.31,1267.47,2
63.89,3.32,9.87,1488.65,0
61.35,2.76,10.93,1483.96,0
41.91,1.4,7.68,1400.77,0
107.74,8.74,22.03,1107.31,2
50.36,3.76,7.41,1391.59,0
80.71,11.91,20.56,1197.36,2
51.8,2.96,10.93,1474.79,0
56.51,4.7,9.32,1456.9,0
63.16,7.15,10.11,1439.64,1
64.32,3.24,6.78,1384.51,0
60.24,2.88,5.81,1475.76,0
53.3,2.93,9.92,1360.2,0
63.68,2.63,10.4,1422.58,0
53.2,3.73,5.88,1403.14,0
60.76,2.68,6.36,1392.73,0
70.94,3.41,10.95,1430.44,1
44.47,4.3,10.62,1401.02,0
45.27,4.83,5.06,1499.67,0
45.03,2.17,9.16,1471.47,0
60.71,2.18,5.1,1460.68,0
83.11,8.09,11.19,1448.29,1
88.31,11.68,15.03,1168.31,2
41.94,1.23,8.4,1493.67,0
63.51,2.56,6.43,1367.88,0
50.45,3.26,9.54,1402.54,0
51.19,4.94,9.44,1403.1,0
61.37,2.86,9.63,1353.62,0
78.34,11.15,18.37,1291.55,2
56.69,3.13,6.03,1456.36,0
44.86,3.78,10.5,1477.55,0
56.5,2.16,5.99,1373.5,0
44.11,3.44,9.03,1464.18,0
72.93,4.01,9.4,1363.71,1
45.92,4.12,6.92,1473.39,0
64.2,2.79,8.51,1387.0,0
51.79,2.42,7.49,1476.34,0
60.87,4.9,5.95,1384.72,0
54.35,3.0,8.43,1418.42,0
52.29,4.63,10.32,1350.27,0
50.27,4.51,8.69,1400.13,0
42.45,2.07,5.2,1481.54,0
58.49,1.12,9.86,1490.19,0
62.24,3.8,6.41,1414.46,0
74.56,3.72,12.59,1346.92,1
54.45,1.68,10.0,1453.48,0
40.13,4.04,5.25,1461.86,0
55.04,2.41,9.89,1482.31,0
57.15,4.8,6.88,1471.72,0
57.17,7.14,12.27,1344.46,1
59.72,4.86,10.32,1428.14,1
59.32,3.87,9.28,1477.88,0
102.12,11.14,20.31,1298.11,2
44.59,4.03,5.15,1472.53,0
48.96,3.23,7.89,1375.35,0
107.4,14.36,20.12,1179.23,2
68.87,7.28,13.89,1303.51,1
46.11,4.61,5.7,1448.42,0
40.47,4.77,7.31,1410.62,0
41.74,2.27,8.81,1447.9,0
54.76,3.03,7.08,1434.75,0
62.39,1.65,11.97,1367.83,0
50.66,1.29,11.25,1441.71,0
48.71,1.75,5.09,1376.1,0
58.72,1.05,6.93,1473.75,0
56.49,3.86,9.58,1464.1,0
75.49,5.33,8.46,1402.65,1
78.21,10.32,22.09,1310.84,2
84.55,8.67,9.58,1428.81,1
41.31,2.02,9.47,1478.88,0
92.75,11.15,17.48,1121.75,2
63.72,1.24,11.29,1395.67,0
81.37,6.37,10.6,1370.03,1
64.66,1.87,6.28,1438.23,0
53.9,2.8,6.25,1383.51,0
46.31,2.12,11.64,1403.89,0
49.25,3.13,5.14,1426.15,0
43.99,1.7,11.43,1366.59,0
74.28,8.63,15.86,1440.97,1
53.78,2.24,7.64,1397.36,0
80.49,4.4,10.52,1420.27,1
63.82,3.42,9.24,1369.2,0
59.95,4.46,8.2,1421.27,0
52.72,2.01,11.32,1464.96,0
57.19,4.97,11.43,1452.49,0
55.01,3.33,9.41,1476.68,0
59.07,2.71,9.39,1459.14,0
71.01,3.63,14.38,1442.02,1
43.75,1.05,5.73,1397.07,0
46.9,1.91,6.75,1459.59,0
70.65,8.6,14.45,1397.81,1
56.66,2.54,10.62,1460.78,0
53.22,3.36,7.09,1355.26,0
41.81,4.4,6.49,1450.31,0
59.83,5.06,11.43,1360.94,1
52.7,2.68,5.13,1468.91,0
58.75,1.84,11.29,1380.77,0
52.87,1.17,5.49,1351.11,0
51.28,1.65,10.56,1454.05,0
71.52,4.06,9.19,1377.58,1
107.71,10.52,18.52,1222.08,2
75.48,10.49,17.81,1157.71,2
62.61,2.23,9.89,1402.08,0
50.82,1.1,5.94,1398.44,0
76.24,4.53,14.9,1431.89,1
47.81,4.64,11.78,1424.52,0
42.54,4.44,10.17,1408.26,0
58.94,7.4,15.54,1336.42,1
108.04,10.66,22.26,1190.32,2
61.89,4.37,6.23,1485.64,0
54.32,4.52,7.93,1431.94,0
54.37,1.37,9.76,1451.72,0
55.58,1.31,5.31,1366.01,0
60.02,4.25,6.06,1374.21,0
49.14,1.97,11.32,1495.49,0
41.87,2.49,5.37,1443.74,0
41.17,3.15,6.64,1395.17,0
52.86,1.73,10.67,1420.83,0
40.57,2.09,11.03,1355.49,0
52.58,1.78,11.01,1451.54,0
52.96,1.15,8.98,1488.12,0
80.2,4.75,15.45,1374.0,1
58.34,1.14,5.78,1382.24,0
47.82,1.64,11.27,1439.32,0
77.6,3.39,14.11,1411.7,1
71.84,8.3,12.22,1368.0,1
45.02,3.14,5.68,1417.56,0
54.27,4.09,11.5,1389.17,0
42.66,1.52,5.44,1363.15,0
46.35,1.3,7.06,1478.94,0
60.57,3.37,11.98,1468.03,0
78.17,12.67,17.83,1240.82,2
87.94,13.59,15.32,1151.08,2
70.62,6.1,10.23,1414.79,1
49.94,1.3,7.54,1411.21,0
63.4,3.69,8.37,1471.45,0
43.29,2.75,6.43,1478.3,0
76.59,5.88,12.19,1285.1,1
87.36,14.77,23.75,1228.54,2
58.88,2.84,10.89,1459.27,0
63.73,3.89,10.07,1438.78,0
48.27,1.12,10.8,1423.73,0
44.0,4.35,7.92,1469.54,0
47.17,2.36,8.61,1375.36,0
46.99,4.46,10.91,1443.73,0
50.85,2.49,8.36,1404.73,0
97.99,11.05,22.9,1279.94,2
41.85,1.81,5.65,1359.48,0
56.58,3.72,11.52,1499.54,0
79.15,11.3,17.37,1319.19,2
63.05,1.85,7.65,1414.79,0
72.2,5.93,10.05,1360.74,1
79.45,6.58,8.42,1371.65,1
79.81,4.22,9.75,1408.96,1
63.57,8.53,15.32,1373.99,1
103.15,8.46,21.93,1225.82,2
40.4,1.05,9.39,1361.01,0
43.86,1.1,9.52,1445.54,0
74.7,7.25,8.07,1317.0,1
51.0,1.7,11.78,1381.97,0
63.84,7.24,10.95,1416.34,1
70.13,4.25,12.9,1328.5,1
45.03,1.5,7.42,1370.63,0
48.88,3.73,9.64,1457.3,0
51.65,3.62,5.72,1388.03,0
96.24,9.7,23.3,1102.76,2
62.18,3.11,11.14,1471.65,0
64.1,3.61,10.48,1398.83,0
80.65,4.43,12.44,1420.92,1
45.25,1.69,9.48,1487.91,0
58.33,1.09,5.63,1364.17,0
48.02,3.83,11.09,1467.72,0
57.65,2.62,7.31,1480.84,0
47.8,4.62,9.1,1382.23,0
53.5,1.79,8.02,1425.26,0
64.56,3.99,9.03,1477.62,0
54.36,1.33,9.69,1420.47,0
67.93,4.49,12.94,1400.15,1
43.79,2.72,9.91,1453.71,0
51.57,3.83,9.07,1424.23,0
58.71,5.31,10.67,1427.13,1
47.05,2.77,6.2,1480.99,0
97.17,12.51,21.72,1108.75,2
88.29,12.47,16.61,1315.7,2
73.51,6.16,10.6,1321.43,1
42.62,4.55,11.42,1398.74,0
62.06,5.36,10.98,1432.8,1
51.38,3.99,11.42,1400.57,0
44.83,3.43,11.19,1487.69,0
52.63,3.59,11.07,1442.03,0
44.95,1.35,10.02,1484.19,0
60.36,3.49,6.34,1410.72,0
83.22,4.81,14.89,1363.11,1
56.21,5.32,11.25,1308.36,1
55.6,2.01,6.5,1472.15,0
52.73,1.43,8.76,1472.92,0
69.62,8.37,14.4,1352.29,1
51.69,1.22,11.43,1497.05,0
56.72,3.74,7.01,1354.12,0
61.45,3.95,6.51,1409.89,0
93.54,9.69,20.01,1249.52,2
50.74,2.88,6.1,1354.66,0
76.7,9.47,20.66,1235.42,2
40.11,4.52,6.16,1368.95,0
80.0,5.5,13.77,1364.72,1
49.9,3.78,7.72,1417.3,0
60.73,2.13,11.11,1366.89,0
48.46,3.98,9.62,1390.58,0
43.26,4.9,11.08,1483.99,0
51.07,3.12,6.88,1480.81,0
51.73,2.39,11.04,1478.14,0
63.97,2.11,11.11,1408.32,0
97.39,9.21,21.83,1193.98,2
60.53,3.02,8.65,1427.86,0
61.19,1.17,8.5,1376.94,0
57.71,7.17,15.41,1316.27,1
54.81,3.69,5.26,1478.3,0
52.91,1.08,6.98,1357.98,0
52.94,1.67,11.85,1406.26,0
56.9,4.43,11.74,1444.25,0
51.5,2.06,8.16,1465.36,0
48.08,1.91,7.48,1360.41,0
55.7,2.1,11.37,1445.08,0
41.18,1.96,7.42,1474.97,0
57.18,4.12,6.77,1394.59,0
46.8,1.67,5.87,1469.58,0
50.66,3.46,5.57,1363.17,0
55.61,4.39,5.07,1389.85,0
80.54,8.37,20.79,1316.37,2
56.55,1.38,5.16,1432.3,0
40.6,1.61,11.18,1351.81,0
60.72,5.12,11.15,1435.82,1
45.75,1.03,11.78,1438.82,0
44.07,1.6,8.52,1459.31,0
62.47,3.75,5.95,1367.41,0
47.8,4.21,11.03,1370.6,0
62.4,5.36,15.61,1409.45,1
78.14,3.44,10.87,1299.7,1
104.07,14.76,16.24,1260.79,2
54.24,1.89,10.3,1396.43,0
72.81,7.07,14.31,1364.74,1
48.56,4.93,9.41,1412.42,0
51.62,2.37,8.09,1419.12,0
45.67,2.72,5.67,1361.19,0
60.44,3.64,9.42,1412.73,0
60.77,2.33,6.64,1474.9,0
40.26,4.67,9.8,1453.44,0
47.52,3.31,7.63,1430.23,0
73.43,8.48,9.86,1300.59,1
98.06,8.04,18.59,1212.89,2
51.53,3.15,8.74,1380.54,0
63.16,3.84,7.93,1427.59,0
64.63,3.07,7.98,1405.24,0
41.59,2.3,7.6,1422.13,0
63.99,4.41,11.05,1411.02,0
56.28,1.81,11.23,1478.86,0
99.06,8.24,23.27,1162.62,2
70.8,8.67,12.71,1368.89,1
105.65,13.61,24.43,1121.67,2
97.03,14.12,15.01,1216.65,2
59.81,3.0,10.95,1444.31,0
50.69,2.1,10.55,1369.3,0
41.73,2.26,11.89,1484.92,0
50.76,1.61,7.88,1468.46,0
56.61,2.37,9.4,1387.66,0
64.96,2.12,9.13,1392.31,0
59.6,3.74,9.77,1432.9,0
63.09,7.95,11.99,1293.1,1
74.19,4.14,10.22,1293.47,1
41.01,2.3,8.28,1372.19,0
105.4,13.78,20.01,1277.56,2
78.45,8.19,14.0,1300.5,1
60.91,3.2,6.32,1458.06,0
50.54,3.39,11.63,1378.93,0
52.51,3.76,9.88,1447.3,0
49.55,1.31,9.18,1480.14,0
98.38,14.44,19.46,1306.06,2
42.59,2.61,10.1,1466.97,0
75.28,14.45,15.54,1158.47,2
46.73,3.36,9.27,1373.1,0
43.88,1.06,11.38,1358.42,0
54.21,1.37,7.57,1389.78,0
56.16,3.75,6.79,1440.08,0
64.97,6.47,9.92,1415.55,1
62.04,3.12,13.14,1305.99,1
80.51,8.88,15.81,1411.29,1
52.69,3.77,9.41,1470.56,0
43.94,1.28,5.07,1395.9,0
75.54,4.27,9.91,1327.82,1
52.68,1.17,6.04,1497.99,0
64.3,7.52,14.1,1318.74,1
83.02,5.21,13.49,1382.44,1
60.44,2.48,7.06,1474.22,0
42.56,2.06,5.92,1394.21,0
81.97,3.41,10.42,1334.44,1
48.88,1.19,5.11,1421.55,0
62.21,1.86,9.51,1370.16,0
58.47,3.49,7.71,1382.53,0
53.19,1.82,5.84,1426.65,0
43.19,2.89,11.78,1495.71,0
69.01,8.01,9.42,1307.06,1
47.13,1.5,10.05,1468.79,0
63.69,1.56,10.34,1366.3,0
64.78,2.82,10.96,1382.45,0
48.29,3.0,9.52,1426.59,0
56.17,2.13,8.73,1368.68,0
77.16,3.85,10.78,1388.55,1
48.33,1.94,5.84,1394.27,0
85.42,14.65,16.52,1118.03,2
48.64,4.39,5.08,1446.17,0
53.32,1.87,8.6,1388.3,0
59.24,2.15,9.93,1440.87,0
48.49,3.08,10.1,1350.1,0
50.95,1.53,11.91,1399.96,0
71.04,8.66,8.63,1367.43,1
47.31,2.58,8.86,1393.91,0
49.17,4.55,11.55,1488.26,0
50.8,2.64,8.53,1405.03,0
78.45,8.58,9.97,1378.08,1
66.83,6.92,11.73,1380.77,1
105.59,10.51,15.45,1286.04,2
47.34,3.56,7.91,1439.19,0
53.31,1.3,9.89,1443.57,0
48.18,2.68,8.4,1489.4,0
49.22,3.2,7.92,1377.98,0
61.12,1.09,10.7,1392.28,0
44.81,3.98,5.89,1365.58,0
53.53,2.28,8.69,1432.84,0
44.34,3.85,10.78,1365.1,0
41.66,4.5,11.57,1442.69,0
104.21,14.82,22.54,1196.22,2
71.63,7.88,12.98,1391.06,1
57.28,2.69,8.82,1439.17,0
102.29,13.66,15.12,1271.11,2
47.06,2.51,5.72,1457.85,0
55.74,3.13,10.59,1363.07,1
58.21,2.38,9.7,1470.81,0
63.43,3.35,9.89,1428.78,0
65.29,7.1,8.2,1397.31,1
53.59,2.89,6.88,1358.4,0
45.98,3.39,8.74,1389.1,0
60.44,5.75,12.7,1367.39,1
84.65,5.33,8.38,1416.2,1
61.31,4.03,9.27,1404.63,0
47.53,3.31,8.49,1436.93,0
47.37,1.2,8.41,1403.32,0
67.61,8.21,12.21,1360.0,1
62.37,3.71,9.54,1358.84,0
83.16,7.83,14.8,1373.59,1
55.13,2.76,11.19,1414.0,0
42.47,3.71,8.94,1479.46,0
86.95,13.48,17.74,1307.37,2
58.67,3.39,11.32,1380.09,0
60.11,2.65,6.87,1375.2,0
59.29,1.51,11.79,1385.9,0
43.24,3.51,8.57,1451.66,0
57.69,1.12,11.09,1370.8,0
45.29,3.46,10.06,1458.35,0
45.11,3.13,10.31,1436.92,0
60.68,6.29,8.19,1409.92,1
57.9,2.67,10.3,1384.05,0
75.54,4.6,13.34,1437.14,1
63.27,4.8,11.64,1491.55,0
72.11,7.85,9.22,1313.14,1
40.95,3.88,6.96,1457.17,0
45.23,2.48,8.39,1442.74,0
61.55,3.62,12.94,1309.55,1
77.01,8.47,11.1,1367.48,1
58.69,1.53,6.25,1463.81,0
45.07,2.53,7.89,1417.31,0
63.02,4.89,9.24,1422.19,0
60.0,3.21,7.78,1369.76,0
63.23,4.5,5.94,1375.92,0
42.38,2.13,5.65,1479.92,0
63.51,4.83,10.69,1402.62,0
43.9,4.34,8.56,1433.55,0
55.72,2.65,6.27,1437.29,0
40.94,1.17,11.09,1451.76,0
41.76,4.79,9.02,1426.17,0
49.61,1.42,11.33,1411.23,0
57.17,4.62,7.61,1437.74,0
49.93,2.49,7.88,1456.51,0
40.02,4.48,10.55,1444.1,0
50.99,3.04,9.25,1391.41,0
41.39,3.44,6.69,1408.02,0
63.68,5.81,12.96,1349.9,1
49.0,2.03,6.57,1376.96,0
53.18,2.61,9.12,1363.38,0
44.97,3.03,10.9,1429.21,0
63.91,2.78,8.49,1467.22,0
40.15,4.2,7.97,1446.36,0
64.89,4.59,7.05,1431.16,0
55.88,3.61,6.23,1487.89,0
45.28,1.16,6.03,1494.83,0
54.04,1.68,6.38,1397.82,0
70.29,4.8,9.21,1328.39,1
48.2,3.58,10.65,1459.75,0
59.64,4.74,5.65,1470.57,0
59.81,3.29,12.85,1349.82,1
46.34,1.42,7.26,1430.73,0
56.41,1.27,10.47,1426.88,0
72.16,8.23,13.16,1440.85,1
47.7,3.82,6.41,1451.01,0
55.13,4.84,12.03,1344.09,1
52.98,4.24,7.99,1455.24,0
61.7,4.17,9.02,1362.55,0
55.78,3.62,13.29,1329.51,1
77.6,6.39,9.67,1429.27,1
68.24,3.11,8.6,1366.77,1
41.45,2.49,10.04,1433.22,0
46.89,1.7,10.42,1492.02,0
73.06,8.36,11.55,1383.21,1
40.63,1.89,9.73,1488.94,0
54.65,3.38,11.5,1392.97,0
62.08,4.36,7.42,1442.7,0
45.05,1.74,11.26,1448.14,0
48.79,3.66,10.44,1417.08,0
49.7,4.21,11.31,1380.52,0
54.8,2.4,6.5,1367.47,0
58.04,3.61,12.39,1390.81,1
52.94,1.04,5.01,1364.65,0
87.6,10.58,23.53,1260.41,2
43.37,4.14,5.22,1498.88,0
59.42,4.39,6.27,1414.55,0
40.85,4.05,5.23,1418.29,0
46.11,1.55,10.94,1442.47,0
49.82,4.89,11.93,1411.59,0
64.43,8.87,14.07,1289.81,1
53.14,1.56,11.4,1489.31,0
41.95,4.82,6.73,1478.95,0
45.53,2.08,10.62,1356.62,0
45.37,2.8,9.85,1475.69,0
40.06,2.66,10.1,1469.82,0
41.22,1.35,10.61,1486.71,0
48.46,1.29,11.97,1493.4,0
54.06,3.8,11.98,1355.05,0
54.42,2.86,5.83,1497.09,0
62.8,8.65,12.24,1421.33,1
47.82,1.38,9.09,1499.05,0
57.52,2.39,8.19,1433.66,0
61.41,1.45,11.42,1488.03,0
109.2,13.56,21.59,1227.12,2
62.05,1.56,5.89,1395.6,0
78.87,5.47,15.88,1395.43,1
49.82,3.78,11.57,1431.35,0
48.39,1.33,8.85,1390.69,0
45.72,3.58,5.91,1479.11,0
42.33,4.14,8.29,1417.05,0
49.71,1.63,8.66,1461.68,0
86.52,14.2,23.48,1146.35,2
96.4,10.6,22.72,1137.5,2
52.86,2.2,9.51,1486.26,0
54.85,4.45,9.09,1381.99,0
74.28,6.07,10.04,1357.34,1
46.29,2.48,5.14,1428.6,0
58.65,1.54,7.2,1367.78,0
56.32,2.47,10.42,1485.6,0
79.05,9.49,15.9,1293.05,2
64.44,4.28,10.44,1476.77,0
57.06,4.56,15.79,1319.3,1
56.07,1.7,10.88,1487.13,0
54.69,4.01,7.31,1423.25,0
41.04,2.29,8.92,1478.69,0
75.77,3.23,12.6,1407.02,1
53.93,3.45,11.06,1472.87,0
61.04,4.81,8.49,1464.08,0
62.56,3.13,9.09,1392.05,1
78.49,5.49,12.01,1399.08,1
42.52,2.24,9.65,1449.87,0
81.76,7.99,8.35,1419.55,1
60.07,1.99,11.3,1486.62,0
60.51,4.99,10.42,1383.2,0
42.07,2.94,7.12,1434.51,0
94.14,11.31,23.33,1220.14,2
73.83,8.75,9.91,1372.62,1
76.83,5.55,12.35,1437.06,1
64.67,3.08,14.75,1440.11,1
56.47,1.59,8.29,1395.15,0
74.37,4.11,9.65,1322.67,1
56.34,1.84,7.28,1353.17,0
62.21,2.3,5.93,1423.39,0
61.56,1.21,9.67,1468.66,0
56.13,3.6,10.77,1412.66,0
56.99,2.4,7.2,1452.63,0
43.55,4.54,7.37,1454.83,0
51.57,4.47,10.09,1461.41,0
49.52,4.61,5.15,1421.2,0
68.53,8.9,10.34,1295.66,1
59.56,1.33,9.96,1461.41,0
60.07,5.35,14.58,1315.01,1
86.16,12.51,18.17,1124.35,2
54.07,2.0,10.72,1366.58,0
53.66,1.8,7.87,1429.8,0
52.85,3.04,7.58,1489.94,0
86.58,13.33,20.31,1148.42,2
42.36,2.37,5.83,1421.36,0
63.06,3.05,10.87,1398.57,0
63.41,1.33,5.55,1475.35,0
61.73,3.19,6.3,1473.39,0
45.55,4.52,9.72,1424.84,0
48.64,4.13,10.49,1459.83,0
51.73,4.7,7.78,1443.74,0
46.66,4.89,8.52,1478.47,0
62.3,6.34,8.31,1393.36,1
63.4,6.84,10.53,1356.61,1
47.53,2.0,7.61,1388.2,0
99.16,8.72,17.45,1230.92,2
71.4,8.51,11.89,1414.41,1
46.5,1.19,7.84,1443.47,0
42.98,3.99,9.21,1404.63,0
55.7,3.19,6.62,1401.57,0
57.59,4.43,12.45,1400.63,1
54.52,4.31,7.19,1357.53,0
61.25,2.71,9.28,1442.09,0
56.55,3.06,5.25,1477.91,0
51.79,3.21,8.99,1381.52,0
48.41,1.94,8.36,1432.77,0
54.93,4.95,9.4,1489.34,0
60.21,3.26,11.22,1427.13,0
48.15,3.33,7.97,1433.8,0
94.42,14.49,18.34,1172.11,2
50.47,2.48,6.91,1356.11,0
53.74,4.95,7.28,1395.28,0
64.36,3.77,8.93,1405.05,0
73.81,3.11,12.87,1363.55,1
59.37,1.49,6.8,1491.61,0
54.46,4.33,10.63,1479.96,0
58.17,4.69,9.46,1492.78,0
48.67,2.37,10.78,1383.85,0
48.71,1.52,7.54,1441.24,0
57.68,8.16,10.49,1280.25,1
41.01,2.47,6.84,1372.5,0
51.53,1.94,11.65,1404.2,0
62.89,2.99,7.79,1462.56,0
57.82,4.27,6.27,1405.64,0
58.29,4.01,10.23,1401.75,0
77.65,8.02,18.81,1232.24,2
68.28,5.91,14.22,1345.0,1
56.89,8.05,14.24,1433.41,1
96.06,13.73,23.84,1150.18,2
41.42,3.14,6.99,1392.49,0
70.54,7.83,13.64,1321.44,1
62.79,2.61,9.44,1413.63,0
48.73,1.29,10.21,1434.15,0
54.35,4.6,10.46,1467.95,0
59.48,3.9,11.66,1460.72,0
48.86,4.25,8.46,1499.2,0
72.75,4.15,13.33,1385.97,1
48.07,2.88,8.83,1411.27,0
60.86,2.68,9.04,1480.94,0
50.6,4.66,10.07,1472.34,0
55.43,3.4,9.1,1446.28,0
46.94,3.13,9.39,1445.97,0
59.72,1.84,6.73,1435.26,0
53.26,3.63,9.02,1371.59,0
55.1,2.31,11.11,1416.65,0
45.97,4.34,10.05,1385.11,0
59.74,2.66,9.13,1358.35,0
71.75,5.55,15.25,1298.9,1
58.95,5.66,13.06,1374.26,1
82.49,8.52,13.63,1388.27,1
67.2,3.64,15.98,1304.71,1
58.28,1.86,11.9,1462.35,0
41.88,4.58,10.62,1370.93,0
48.64,4.05,11.68,1405.72,0
41.13,4.6,11.67,1460.31,0
86.47,10.6,22.6,1174.54,2
63.25,1.74,9.87,1494.7,0
52.43,2.39,9.84,1366.1,0
48.32,2.11,9.59,1367.98,0
48.95,5.0,7.69,1387.17,0
54.3,4.86,11.13,1481.39,0
42.71,1.83,9.25,1459.83,0
60.58,3.97,9.93,1360.1,0
46.6,1.85,5.92,1386.29,0
56.92,3.07,6.74,1440.98,0
58.57,3.95,8.65,1360.27,0
58.08,3.67,6.56,1359.58,0
59.8,2.86,10.53,1455.61,0
78.23,7.02,14.08,1446.5,1
45.67,2.0,8.53,1407.89,0
44.71,2.06,9.9,1493.87,0
46.84,4.92,9.17,1456.46,0
48.05,1.85,7.29,1367.96,0
42.59,2.77,10.65,1395.03,0
41.68,3.37,10.4,1474.23,0
50.18,1.73,11.85,1371.86,0
56.48,7.22,11.3,1332.23,1
81.51,5.5,10.77,1289.8,1
43.89,4.84,5.26,1496.64,0
52.57,1.81,11.33,1463.18,0
47.72,4.38,8.45,1474.15,0
52.0,3.8,6.36,1423.24,0
48.27,1.99,11.92,1408.41,0
43.43,2.1,9.43,1496.45,0
60.08,3.12,6.24,1389.31,0
43.57,2.48,10.85,1420.08,0
62.28,4.22,6.29,1394.39,0
47.77,4.74,10.84,1434.77,0
57.24,1.04,7.14,1409.82,0
44.47,2.67,10.17,1390.85,0
50.27,1.84,11.84,1446.84,0
75.87,13.85,18.65,1285.16,2
47.91,2.62,11.45,1362.08,0
60.2,2.04,10.59,1390.73,0
47.46,3.49,8.98,1430.74,0
48.92,1.66,8.53,1474.53,0
61.91,2.51,11.32,1355.54,0
61.07,2.03,6.99,1493.99,0
83.42,9.68,15.83,1304.27,2
41.06,4.88,9.94,1400.39,0
47.36,4.79,10.35,1371.02,0
44.26,4.47,8.86,1485.63,0
51.62,3.59,9.26,1360.58,0
62.33,3.22,5.96,1408.3,0
57.59,4.49,6.34,1360.61,0
40.0,4.55,5.05,1466.05,0
64.2,4.46,7.03,1451.26,0
56.29,4.14,13.31,1296.72,1
48.4,3.29,8.91,1403.9,0
56.94,6.73,9.88,1374.78,1
71.77,3.28,15.13,1339.33,1
56.32,1.47,7.04,1448.48,0
77.16,6.75,15.89,1370.71,1
43.57,2.57,5.69,1493.62,0
56.92,3.21,6.49,1422.34,0
53.66,3.3,9.93,1444.41,0
55.49,3.65,10.85,1382.32,0
52.57,2.26,6.26,1462.51,0
102.4,12.17,24.06,1232.08,2
49.72,4.63,10.99,1427.4,0
60.41,7.8,9.29,1406.1,1
41.68,3.29,7.53,1402.63,0
103.93,14.0,24.07,1189.89,2
51.88,1.21,11.71,1375.21,0
84.17,3.56,12.73,1363.58,1
41.23,1.08,11.52,1387.81,0
62.12,1.17,6.49,1453.99,0
59.15,6.92,11.81,1406.37,1
41.72,3.2,7.92,1481.66,0
49.63,1.45,11.63,1429.53,0
44.73,3.72,5.58,1433.26,0
50.29,2.38,6.56,1465.58,0
82.37,12.36,21.32,1261.28,2
86.59,8.83,20.7,1299.4,2
87.0,10.1,21.85,1277.21,2
64.42,4.33,6.12,1428.07,0
54.81,1.11,5.63,1373.52,0
86.53,14.9,15.46,1209.09,2
42.21,3.71,5.45,1439.42,0
56.57,1.3,7.01,1413.72,0
102.8,13.61,19.33,1115.64,2
80.14,3.84,10.52,1352.23,1
76.47,7.34,9.36,1333.56,1
82.46,3.53,14.89,1414.81,1
61.66,6.02,15.52,1377.13,1
61.38,5.49,12.22,1365.77,1
54.31,2.2,10.49,1396.86,0
81.39,10.13,21.36,1261.27,2
78.99,10.21,15.91,1189.62,2
78.73,3.13,8.99,1424.97,1
54.33,4.87,11.88,1417.47,0
53.51,2.78,6.37,1351.94,0
52.39,1.23,5.62,1389.45,0
57.09,6.93,13.42,1363.54,1
80.96,8.27,14.27,1349.36,1
48.77,3.92,9.79,1358.0,0
70.75,4.71,14.48,1311.64,1
50.47,2.73,5.38,1427.48,0
52.53,1.2,5.24,1432.67,0
55.69,4.74,7.09,1403.87,0
60.61,4.95,10.07,1391.75,0
41.1,2.71,5.68,1461.7,0
51.49,1.75,9.45,1425.01,0
48.03,4.34,5.68,1487.1,0
56.45,3.2,5.78,1404.68,0
52.87,2.29,6.08,1417.98,0
52.02,4.7,10.04,1366.73,0
57.27,7.97,11.42,1381.33,1
42.88,3.78,8.09,1491.75,0
45.46,2.98,5.01,1479.41,0
46.96,1.22,9.66,1422.86,0
51.27,4.03,8.82,1447.72,0
52.65,3.24,10.1,1403.23,0
57.76,2.46,10.83,1418.14,0
52.2,4.59,8.19,1360.44,0
60.95,4.62,7.08,1361.09,0
90.03,13.7,18.89,1287.2,2
62.81,3.94,5.63,1480.04,0
44.75,1.25,8.51,1354.23,0
45.37,3.18,6.03,1472.62,0
64.37,1.53,7.74,1414.56,0
48.61,1.93,6.0,1423.01,0
57.39,3.79,9.93,1423.88,0
71.43,8.31,13.7,1373.98,1
40.34,1.31,7.74,1373.1,0
46.99,2.28,11.78,1450.29,0
55.05,2.14,5.96,1400.98,0
57.21,4.4,7.86,1496.98,0
72.87,5.83,11.29,1339.31,1
40.35,3.32,6.01,1381.65,0
84.48,7.21,12.49,1349.55,1
51.31,2.28,6.98,1479.12,0
54.27,4.66,8.68,1370.56,0
50.67,2.88,11.5,1446.16,0
61.45,2.24,9.61,1434.97,0
91.92,14.04,20.89,1182.57,2
61.89,2.58,7.16,1426.33,0
72.96,5.48,15.66,1371.99,1
49.07,3.45,11.15,1493.32,0
63.62,8.28,8.39,1319.28,1
60.64,2.14,11.49,1495.49,0
56.43,1.06,5.45,1364.95,0
54.08,1.4,7.91,1478.63,0
53.67,2.9,11.46,1360.91,0
50.4,1.18,11.06,1479.83,0
70.44,7.98,15.62,1365.21,1
89.93,10.45,19.48,1279.07,2
44.42,3.32,11.33,1398.03,0
76.93,14.62,16.59,1182.94,2
47.95,4.83,10.52,1458.6,0
74.24,7.2,11.78,1434.3,1
52.67,3.77,8.11,1428.58,0
44.2,3.95,11.04,1382.51,0
44.13,4.91,5.76,1489.79,0
49.98,1.61,11.95,1489.05,0
42.72,1.48,7.17,1355.65,0
57.83,3.1,6.56,1476.93,0
103.32,13.74,16.95,1131.53,2
63.84,3.22,15.04,1420.25,1
82.97,3.38,11.15,1384.49,1
94.9,13.42,23.59,1254.22,2
57.64,4.89,5.31,1364.07,0
64.02,1.85,11.98,1454.64,0
50.7,1.79,11.38,1376.19,0
64.39,3.56,10.76,1369.88,0
46.18,4.89,7.78,1439.85,0
65.9,4.05,11.64,1364.72,1
68.36,6.09,10.87,1380.8,1
63.39,2.83,5.89,1414.91,0
53.51,2.84,7.31,1467.9,0
73.49,4.9,8.37,1387.48,1
73.67,5.86,14.23,1319.98,1
73.16,7.07,14.93,1428.55,1
69.01,5.35,13.79,1434.63,1
41.95,1.77,11.38,1352.89,0
50.55,1.25,11.0,1351.98,0
42.35,3.13,10.23,1411.84,0
51.0,3.87,10.77,1438.58,0
56.07,1.41,11.33,1435.29,0
44.53,3.72,6.27,1428.77,0
95.01,8.73,16.93,1319.74,2
77.01,7.62,8.09,1350.75,1
45.45,3.65,9.44,1439.02,0
61.02,2.31,11.9,1407.73,0
57.44,8.34,12.63,1441.61,1
42.77,3.71,6.5,1450.05,0
64.18,4.8,11.89,1479.97,0
57.77,4.74,11.6,1432.75,0
79.61,3.25,11.01,1374.74,1
51.78,2.59,7.17,1417.7,0
40.66,3.34,11.58,1436.32,0
63.4,2.4,7.66,1419.43,0
52.38,3.67,9.92,1375.79,0
57.48,3.84,10.34,1360.08,0
84.64,4.34,15.11,1371.43,1
73.58,7.82,11.45,1413.59,1
97.76,9.48,16.65,1181.92,2
53.98,4.29,10.69,1412.57,0
80.24,7.02,13.13,1441.34,1
105.08,8.77,24.47,1193.14,2
56.15,3.4,10.0,1358.51,0
51.71,3.51,9.75,1442.91,0
57.56,6.9,13.23,1442.56,1
102.07,9.7,15.4,1316.8,2
55.96,8.64,15.14,1371.04,1
64.68,4.17,11.95,1495.24,0
53.01,3.12,10.58,1495.25,0
60.6,1.41,11.6,1469.26,0
64.46,5.89,11.91,1385.06,1
45.81,3.14,6.39,1426.26,0
60.06,1.97,11.4,1383.15,0
43.35,2.82,8.47,1388.39,0
49.9,4.03,8.18,1411.84,0
74.03,6.18,9.74,1300.64,1
63.34,6.95,14.57,1414.72,1
42.2,3.65,9.21,1447.14,0
79.44,6.87,10.93,1331.69,1
60.87,4.94,8.68,1375.75,0
56.13,3.31,5.8,1421.55,0
52.43,1.54,8.47,1375.37,0
46.61,2.03,8.54,1408.66,0
62.31,3.83,5.06,1366.16,0
54.44,2.74,11.63,1490.43,0
55.65,1.22,10.86,1426.79,0
46.18,3.15,7.04,1372.07,0
54.06,1.3,7.44,1383.88,0
56.44,8.42,14.82,1393.53,1
55.34,4.59,10.67,1437.47,0
63.62,3.17,7.15,1397.26,0
47.71,2.95,9.25,1488.97,0
59.81,1.52,10.34,1360.25,0
41.42,2.5,8.25,1441.37,0
60.64,2.6,7.91,1420.35,0
44.1,2.57,10.09,1382.61,0
64.73,2.81,5.88,1382.22,0
60.6,3.59,11.78,1457.09,0
56.34,2.68,11.66,1484.17,0
56.58,3.05,14.3,1373.93,1
59.51,3.85,9.25,1490.27,0
59.32,6.73,8.64,1398.09,1
74.87,8.03,14.15,1388.56,1
67.65,6.55,8.85,1310.4,1
47.75,2.51,9.28,1375.16,0
58.29,4.83,6.54,1482.93,0
44.51,1.51,8.47,1402.13,0
54.69,2.41,8.38,1439.6,0
52.3,3.07,11.15,1484.23,0
79.9,8.97,11.43,1428.6,1
43.31,3.53,9.37,1373.49,0
55.52,4.36,10.11,1419.43,0
49.93,1.45,6.24,1425.09,0
65.97,8.92,8.54,1293.55,1
46.57,3.3,10.76,1466.8,0
49.41,4.27,9.37,1493.64,0
54.32,3.87,10.22,1485.75,0
55.62,4.7,9.52,1443.73,0
64.22,2.94,5.45,1432.75,0
65.61,8.4,14.3,1292.57,1
76.13,7.12,8.45,1298.66,1
58.53,5.86,13.41,1432.51,1
63.54,6.01,9.64,1330.49,1
90.3,14.24,20.83,1193.77,2
54.55,2.68,6.44,1413.55,0
75.54,8.07,12.8,1302.84,1
40.33,1.98,9.14,1418.46,0
63.13,6.26,15.77,1334.18,1
40.23,2.84,8.42,1353.39,0
99.44,12.95,19.53,1278.49,2
76.7,7.28,10.15,1414.64,1
44.76,2.93,11.48,1375.7,0
74.69,5.8,15.72,1429.44,1
42.13,4.46,5.33,1407.1,0
75.48,11.82,15.76,1163.01,2
50.62,1.21,5.89,1364.44,0
59.16,5.92,9.99,1308.58,1
60.74,1.53,11.55,1462.71,0
47.23,2.24,6.75,1427.25,0
88.62,9.69,17.26,1208.18,2
50.03,3.38,7.01,1477.19,0
40.93,4.37,5.36,1375.62,0
48.84,2.26,8.44,1398.11,0
51.92,3.52,10.8,1467.52,0
53.03,4.59,6.37,1353.38,0
52.97,1.19,6.16,1460.71,0
42.84,3.69,8.64,1465.85,0
47.44,4.99,9.77,1411.27,0
61.49,2.03,6.59,1422.11,0
46.68,4.45,5.09,1377.23,0
52.24,1.04,11.78,1462.73,0
61.94,4.47,5.4,1404.14,0
44.3,2.22,7.25,1373.94,0
47.96,2.98,8.9,1355.43,0
63.83,1.75,11.86,1376.34,0
41.92,4.16,9.1,1423.41,0
55.99,1.01,6.77,1391.81,0
40.38,4.57,11.45,1459.96,0
52.9,2.38,9.71,1492.65,0
77.57,4.39,15.88,1365.39,1
64.64,3.22,15.34,1303.74,1
51.45,1.91,9.3,1387.93,0
48.57,4.88,9.86,1410.2,0
60.27,2.75,5.87,1434.67,0
47.82,1.24,9.91,1351.47,0
56.99,2.26,7.4,1369.79,0
44.41,4.23,9.61,1400.12,0
52.86,3.48,11.6,1444.22,0
64.15,6.52,15.32,1334.51,1
69.75,4.45,10.23,1405.16,1
51.81,3.32,6.54,1428.91,0
45.12,3.47,5.91,1350.31,0
63.92,3.4,10.1,1397.3,0
48.17,1.69,9.21,1456.83,0
67.39,6.67,13.14,1407.37,1
40.04,4.6,7.0,1388.66,0
42.98,1.13,8.73,1450.79,0
77.1,4.11,10.42,1364.47,1
47.38,4.73,9.37,1469.5,0
54.08,2.18,7.12,1413.67,0
44.93,2.96,6.1,1453.91,0
42.61,4.62,9.11,1441.52,0
56.89,4.84,6.78,1481.25,0
44.99,2.79,9.47,1381.83,0
55.09,3.96,10.74,1412.49,0
53.11,3.68,6.89,1391.63,0
58.72,3.39,5.53,1412.12,0
55.02,3.78,7.54,1473.6,0
47.28,4.71,5.61,1418.9,0
52.06,1.76,11.56,1351.55,0
59.63,1.78,10.74,1447.31,0
82.18,11.23,19.61,1278.37,2
59.81,2.66,5.65,1422.65,0
62.51,3.68,6.13,1356.89,0
77.77,12.08,24.15,1102.13,2
62.84,3.73,9.89,1497.82,0
62.44,1.32,7.44,1441.58,0
51.8,4.19,5.33,1373.78,0
41.34,3.04,7.58,1430.2,0
53.17,3.94,10.29,1361.05,0
107.62,8.76,20.58,1121.36,2
60.47,2.37,10.95,1498.76,0
77.73,10.99,20.32,1297.71,2
41.37,1.82,7.93,1382.95,0
46.05,3.73,9.22,1382.46,0
73.33,7.92,11.23,1317.66,1
56.49,2.15,6.95,1383.73,0
41.57,4.86,5.16,1438.49,0
76.48,8.83,10.48,1439.54,1
45.3,3.13,6.24,1445.25,0
72.88,8.36,9.38,1351.52,1
57.5,1.76,10.45,1491.64,0
87.38,11.53,24.05,1120.28,2
42.94,2.01,11.45,1437.24,0
43.04,4.76,10.81,1464.73,0
46.49,4.22,7.84,1422.87,0
62.02,2.35,6.9,1477.69,0
80.37,14.49,20.22,1241.51,2
61.19,3.82,5.88,1446.68,0
85.6,13.28,19.74,1297.7,2
43.57,3.86,10.69,1490.26,0
65.78,5.88,15.73,1321.17,1
58.06,4.62,11.19,1426.31,0
41.58,4.55,11.52,1438.02,0
58.89,2.81,11.71,1389.12,0
50.54,4.51,5.49,1369.18,0
50.55,1.53,5.92,1447.13,0
60.26,4.18,8.13,1302.41,1
62.9,4.66,8.3,1469.71,0
108.13,9.17,17.62,1278.56,2
55.53,3.57,7.79,1497.66,0
69.9,3.04,12.73,1415.67,1
60.75,3.3,14.99,1292.84,1
83.38,8.8,14.62,1410.46,1
54.11,2.56,9.42,1492.11,0
42.24,1.37,9.85,1382.1,0
83.26,8.26,9.67,1364.33,1
46.01,1.77,11.43,1365.27,0
82.17,3.72,12.26,1328.37,1
75.37,4.68,9.94,1283.05,1
45.32,3.69,5.82,1359.25,0
84.22,5.74,8.78,1410.13,1
83.23,11.21,18.85,1184.01,2
51.6,2.42,6.94,1377.9,0
82.91,8.45,8.46,1314.97,1
63.94,3.78,7.27,1450.48,0
40.38,3.76,5.69,1367.32,0
58.28,4.71,10.25,1416.29,0
40.68,4.91,11.7,1413.34,0
43.12,4.19,9.49,1481.21,0
58.35,8.84,13.55,1326.34,1
47.88,1.24,9.81,1435.17,0
53.85,2.05,10.83,1401.91,0
47.18,3.65,8.52,1400.21,0
61.53,7.06,14.43,1375.52,1
62.86,1.14,6.71,1379.06,0
58.29,1.86,8.13,1496.49,0
61.03,3.65,8.14,1377.39,0
42.88,3.42,5.82,1400.58,0
101.5,8.72,17.31,1186.72,2
47.95,3.22,10.11,1356.35,0
65.32,4.38,10.48,1354.74,1
41.87,2.9,7.95,1416.66,0
46.04,1.01,8.92,1438.6,0
41.02,2.34,9.38,1469.01,0
52.62,2.95,6.14,1424.18,0
45.28,3.75,6.54,1415.8,0
43.37,1.45,11.0,1381.5,0
61.4,5.56,15.52,1352.86,1
63.0,1.44,9.13,1459.3,0
61.75,4.57,9.51,1428.82,0
40.19,2.16,7.3,1432.1,0
40.13,2.91,9.56,1352.08,0
45.87,3.48,5.12,1445.21,0
49.74,4.81,7.24,1480.21,0
50.73,1.71,11.75,1366.14,0
65.71,6.81,9.49,1407.39,1
54.9,2.64,10.87,1377.78,0
49.81,2.75,11.33,1402.24,0
58.63,1.93,7.84,1390.37,0
55.14,3.72,9.5,1479.17,0
41.05,1.22,5.72,1423.02,0
87.12,10.43,22.38,1199.49,2
95.6,10.17,21.74,1285.87,2
59.62,2.73,6.41,1447.67,0
44.75,1.16,7.74,1470.36,0
61.09,1.24,9.18,1457.56,0
77.49,5.29,14.63,1293.73,1
77.01,8.97,19.51,1184.67,2
56.33,1.21,7.19,1372.41,0
57.01,3.55,8.5,1427.92,0
61.39,2.92,10.79,1472.57,0
79.23,6.91,14.73,1328.82,1
45.1,4.19,5.26,1470.93,0
106.82,9.65,23.04,1190.07,2
49.02,1.73,11.26,1372.21,0
59.82,2.96,10.12,1407.21,0
62.35,4.94,12.0,1306.92,1
40.32,1.0,9.31,1378.35,0
77.28,13.75,21.46,1242.42,2
41.64,4.1,6.53,1483.36,0
49.33,1.91,5.51,1440.52,0
44.27,1.91,9.03,1413.52,0
92.51,11.82,23.33,1218.28,2
49.33,4.55,8.17,1397.29,0
63.76,1.38,10.38,1380.53,0
44.03,3.13,11.8,1403.59,0
55.42,3.84,7.78,1377.52,0
62.48,1.64,7.3,1419.7,0
60.72,4.47,8.66,1486.88,0
54.97,1.57,9.21,1492.8,0
55.86,1.18,5.99,1438.41,0
82.49,8.1,14.38,1447.75,1
50.74,3.96,9.38,1462.2,0
66.67,4.48,13.43,1383.85,1
55.51,3.18,10.18,1455.89,0
48.74,4.75,8.94,1476.43,0
63.3,3.33,12.14,1287.17,1
56.51,1.47,6.31,1429.21,0
76.85,3.0,15.63,1418.42,1
43.68,3.67,8.46,1462.84,0
46.64,2.83,10.52,1478.06,0
53.81,2.38,5.2,1419.15,0
50.8,4.92,5.47,1427.81,0
71.9,3.27,14.41,1289.27,1
59.44,4.43,10.91,1403.95,0
80.4,8.16,12.96,1406.47,1
72.67,5.87,8.14,1345.07,1
49.19,3.74,10.38,1378.08,0
100.38,14.97,18.02,1293.27,2
59.58,6.46,12.85,1352.1,1
81.32,11.98,24.15,1107.47,2
82.41,4.38,12.7,1293.32,1
43.77,3.53,9.72,1372.3,0
52.5,3.79,7.57,1479.58,0
61.89,1.43,10.54,1375.61,0
42.36,3.87,7.21,1448.79,0
40.95,3.42,8.39,1365.87,0
53.51,1.2,5.44,1378.1,0
58.54,1.52,6.35,1368.96,0
55.49,4.67,8.25,1365.53,0
57.47,4.15,6.97,1403.47,0
59.58,1.85,10.13,1467.8,0
106.43,14.99,23.69,1254.96,2
46.64,3.63,7.73,1370.39,0
49.0,2.1,8.58,1496.89,0
41.73,2.14,5.65,1424.92,0
52.04,1.68,10.11,1385.63,0
77.52,8.32,16.5,1184.56,2
68.14,4.76,14.82,1357.6,1
76.86,3.63,14.65,1395.97,1
55.12,3.67,8.88,1402.7,0
62.09,4.01,7.65,1446.03,0
68.35,6.05,11.33,1356.4,1
43.01,2.82,8.19,1430.75,0
61.48,2.55,11.13,1401.02,0
51.19,1.63,8.72,1392.23,0
61.8,3.31,7.42,1470.45,0
59.99,2.02,8.87,1426.5,0
82.41,11.42,15.72,1223.58,2
62.11,4.94,11.85,1381.43,1
58.15,3.73,5.95,1371.43,0
52.73,3.22,10.77,1425.69,0
60.87,2.97,6.72,1492.53,0
50.5,2.54,10.96,1465.71,0
73.7,6.87,13.71,1329.74,1
52.5,2.65,11.09,1444.71,0
63.05,1.15,10.99,1384.62,0
41.76,4.56,6.39,1463.54,0
69.14,6.28,12.87,1297.56,1
52.59,2.47,8.46,1414.1,0
46.33,4.03,7.36,1472.43,0
83.4,3.64,9.24,1440.61,1
42.84,4.29,9.91,1381.91,0
55.58,3.67,8.83,1380.79,0
75.91,7.21,10.88,1329.91,1
56.67,3.89,12.61,1405.7,1
43.62,4.21,7.15,1465.74,0
51.1,4.13,9.76,1445.27,0
52.79,3.92,6.47,1388.08,0
60.43,3.98,9.27,1313.02,1
60.92,3.6,9.3,1400.12,0
44.75,2.93,6.44,1377.28,0
60.07,2.12,6.94,1475.08,0
62.15,4.58,7.08,1384.5,0
60.48,7.12,10.82,1446.69,1
48.87,3.92,9.19,1486.97,0
50.88,4.4,5.75,1434.74,0
41.28,2.61,9.72,1417.55,0
64.28,6.86,15.06,1348.37,1
52.06,4.37,10.97,1476.88,0
44.58,1.49,8.4,1373.92,0
56.54,4.6,10.49,1467.14,0
61.82,4.35,11.59,1396.17,0
106.37,9.65,17.63,1315.92,2
45.51,1.75,10.46,1402.52,0
73.36,7.95,10.04,1407.46,1
40.53,3.89,5.23,1439.29,0
57.82,4.74,5.45,1378.84,0
62.93,7.36,14.7,1413.32,1
48.9,1.68,5.74,1486.01,0
62.3,4.48,11.99,1437.78,0
48.13,3.99,9.55,1477.38,0
82.93,7.86,9.17,1407.1,1
45.32,4.58,6.08,1463.89,0
43.53,3.6,6.34,1411.79,0
94.3,12.9,19.07,1220.5,2
74.13,7.61,13.16,1282.88,1
63.56,4.44,14.3,1289.58,1
50.63,4.25,11.43,1440.07,0
59.84,7.1,11.45,1381.29,1
42.58,3.13,5.69,1468.58,0
40.49,3.94,8.41,1471.98,0
49.46,2.33,5.07,1375.43,0
58.05,4.81,10.27,1376.92,0
53.44,4.98,7.79,1442.31,0
58.96,2.79,9.95,1398.33,0
78.11,11.34,15.62,1238.65,2
43.69,2.68,6.1,1478.18,0
54.63,3.19,9.48,1388.92,0
50.62,4.63,8.55,1378.19,0
56.27,3.62,6.78,1386.97,0
54.02,4.68,11.4,1351.62,0
55.76,5.13,14.24,1375.86,1
59.05,2.65,8.33,1452.09,0
47.78,3.04,11.04,1412.5,0
53.62,2.95,7.67,1457.83,0
60.08,5.84,15.77,1343.3,1
84.15,3.26,14.81,1416.63,1
49.68,4.64,11.79,1376.05,0
42.08,3.05,7.29,1400.34,0
64.18,1.5,8.55,1357.74,0
64.25,4.33,6.49,1377.27,0
62.23,4.52,10.3,1434.52,0
74.58,8.52,14.66,1399.9,1
82.99,6.94,11.51,1287.63,1
64.72,4.63,8.86,1453.93,0
77.98,4.86,14.58,1311.08,1
60.55,4.4,6.48,1448.6,0
46.19,4.06,7.6,1462.4,0
66.6,4.66,9.51,1338.9,1
62.77,4.15,10.9,1478.85,0
58.46,3.12,8.0,1472.07,0
64.17,3.38,10.61,1389.69,0
43.68,1.55,11.14,1488.19,0
48.51,3.04,9.31,1486.59,0
51.12,2.36,10.94,1422.53,0
51.61,4.71,11.31,1363.48,0
45.44,2.21,11.05,1465.06,0
54.99,2.92,6.49,1449.06,0
59.11,1.09,7.63,1366.61,0
63.61,2.02,10.81,1472.46,0
61.85,3.18,5.47,1426.21,0
60.19,1.2,11.2,1437.94,0
81.12,5.74,10.91,1447.17,1
77.24,8.05,11.02,1282.26,1
47.87,4.2,11.62,1462.21,0
60.75,2.78,5.85,1356.12,0
46.39,2.46,10.91,1379.24,0
56.97,4.49,8.03,1411.91,0
54.02,4.59,5.7,1424.08,0
98.11,13.44,15.65,1103.26,2
101.78,14.9,18.64,1242.83,2
42.2,1.05,7.59,1362.31,0
41.24,4.35,5.45,1483.1,0
86.43,13.61,23.67,1110.6,2
89.93,14.37,17.94,1127.8,2
57.5,4.08,6.96,1411.21,0
51.08,3.35,11.7,1436.09,0
52.23,1.9,5.38,1466.88,0
81.25,10.07,24.76,1181.66,2
46.11,3.13,6.95,1397.38,0
60.92,7.42,13.83,1281.45,1
59.16,1.86,10.8,1488.58,0
61.0,3.12,10.35,1361.79,0
41.97,3.63,9.7,1375.41,0
103.97,9.63,19.42,1196.75,2
56.36,6.64,12.51,1315.15,1
44.96,2.98,10.2,1465.56,0
47.33,2.85,9.92,1360.4,0
54.05,4.16,6.72,1428.58,0
71.11,5.7,15.49,1399.36,1
77.35,4.66,8.14,1320.34,1
63.82,5.68,13.82,1397.8,1
62.18,3.13,9.12,1491.84,0
71.08,3.12,15.47,1360.41,1
50.49,1.75,5.06,1495.51,0
78.61,8.02,12.67,1366.23,1
49.75,4.45,11.5,1395.52,0
69.45,3.7,9.0,1396.55,1
46.16,2.04,11.58,1411.05,0
44.88,3.6,9.71,1474.38,0
56.69,1.23,5.03,1363.21,0
55.08,1.98,7.73,1393.3,0
50.66,3.19,6.22,1394.39,0
45.38,1.29,7.52,1416.02,0
58.35,3.49,8.39,1376.48,0
41.1,1.16,11.6,1471.59,0
63.19,7.92,12.89,1343.36,1
55.2,5.86,14.35,1387.11,1
40.64,3.04,10.99,1381.17,0
46.24,1.54,10.58,1384.3,0
71.09,8.94,13.61,1315.48,1
61.02,3.95,8.62,1435.04,1
86.73,13.45,23.55,1195.83,2
61.42,3.44,11.35,1437.35,0
46.53,2.44,8.45,1403.88,0
44.39,2.4,6.72,1384.31,0
44.63,2.87,10.85,1480.89,0
82.01,6.09,8.2,1297.96,1
53.43,2.78,9.44,1474.15,0
47.81,3.94,8.85,1433.91,0
54.55,2.38,9.35,1356.86,0
44.13,2.66,10.5,1411.93,0
85.74,9.81,19.48,1236.39,2
68.12,3.45,15.57,1436.49,1
58.04,1.77,9.57,1431.99,0
42.93,1.05,7.99,1400.96,0
70.83,8.65,12.95,1403.36,1
62.88,4.38,10.2,1375.17,0
79.64,8.02,13.34,1348.65,1
79.62,6.37,10.12,1389.35,1
93.08,11.22,19.34,1252.37,2
44.56,4.52,9.94,1481.31,0
54.45,3.13,6.46,1371.18,0
60.34,2.4,9.17,1375.6,0
42.4,3.66,11.37,1433.91,0
57.5,4.31,10.54,1482.39,0
45.48,2.79,11.96,1411.9,0
48.25,3.6,10.3,1462.43,0
65.0,7.2,15.33,1281.85,1
42.73,3.68,10.17,1425.03,0
42.56,3.84,7.54,1362.85,0
60.36,3.66,8.66,1403.82,0
61.04,4.74,8.78,1330.21,1
45.39,4.99,8.03,1455.44,0
75.23,4.23,15.46,1324.96,1
62.23,2.7,7.89,1416.43,0
44.19,2.47,8.95,1448.52,0
60.2,1.7,9.24,1400.54,0
52.39,4.78,5.16,1469.15,0
71.19,6.25,14.86,1359.97,1
59.59,2.59,9.35,1479.35,0
42.24,1.19,8.07,1402.03,0
81.64,12.41,20.36,1133.96,2
57.14,6.94,8.9,1419.37,1
45.08,4.05,7.71,1426.69,0
58.25,4.14,5.63,1437.23,0
54.27,1.74,6.95,1382.81,0
62.07,1.49,6.18,1421.66,0
70.84,6.06,13.17,1301.49,1
53.76,3.44,9.87,1487.72,0
51.7,2.25,8.07,1403.84,0
104.41,10.14,23.89,1109.44,2
44.42,1.25,7.57,1425.92,0
42.48,1.83,6.29,1427.94,0
45.87,3.82,10.72,1431.96,0
45.58,1.32,5.4,1395.9,0
84.06,6.01,9.34,1396.1,1
45.84,2.38,11.1,1425.78,0
52.36,3.79,5.08,1445.62,0
57.57,4.17,9.4,1372.9,0
67.64,5.66,12.39,1381.27,1
65.2,3.64,13.46,1303.2,1
56.41,1.66,5.39,1368.15,0
59.13,1.86,8.73,1364.37,0
47.73,2.12,11.81,1373.0,0
68.46,6.76,14.48,1340.65,1
58.31,2.17,7.34,1354.07,0
85.51,11.22,18.95,1260.7,2
60.35,4.85,10.22,1414.33,0
41.31,3.2,7.15,1430.04,0
62.63,5.45,14.9,1340.76,1
59.04,3.47,5.71,1362.62,0
58.65,7.86,11.85,1356.61,1
55.18,1.74,9.39,1376.07,0
41.92,3.49,5.53,1360.51,0
75.87,8.07,9.78,1376.86,1
63.16,4.26,7.26,1497.34,0
62.7,1.94,8.79,1430.7,0
74.46,8.4,12.99,1302.32,1
62.74,4.03,13.35,1437.99,1
54.86,3.24,5.71,1413.25,0
42.09,1.71,9.18,1438.82,0
50.56,1.69,7.51,1378.94,0
44.06,1.65,11.24,1361.41,0
44.31,4.49,9.29,1373.58,0
52.38,4.72,11.28,1400.61,0
42.2,1.6,5.06,1438.47,0
53.18,2.31,6.76,1426.85,0
56.56,1.47,7.02,1409.68,0
84.69,7.49,8.27,1314.92,1
41.75,1.53,9.06,1409.36,0
44.82,1.53,7.84,1384.08,0
87.16,13.85,17.56,1116.75,2
46.17,4.39,7.57,1437.24,0
43.94,2.09,5.71,1489.0,0
68.97,6.03,9.08,1351.48,1
59.45,5.61,15.46,1365.7,1
41.94,2.26,10.75,1448.44,0
47.56,3.52,11.93,1356.18,0
54.51,1.3,6.22,1483.45,0
55.83,3.34,8.54,1404.28,1
62.61,1.79,5.18,1353.04,0
54.88,1.21,8.47,1439.53,0
54.39,1.44,7.46,1471.85,0
81.41,6.01,9.49,1301.61,1
60.42,1.84,7.34,1449.65,0
49.8,3.79,6.35,1446.23,0
50.93,4.28,10.13,1496.11,0
46.51,1.14,9.66,1455.51,0
54.14,1.57,9.93,1485.76,0
67.82,8.5,14.54,1422.44,1
41.87,3.52,9.48,1388.51,0
44.03,1.33,5.13,1374.86,0
45.42,4.9,7.54,1464.2,0
63.95,3.36,7.73,1470.22,0
56.02,4.82,8.26,1494.08,0
46.02,4.74,8.64,1404.72,0
46.96,1.71,5.62,1368.1,0
68.58,6.04,8.26,1291.78,1
56.95,1.85,6.6,1395.79,0
55.61,3.72,8.41,1356.08,0
79.23,6.3,15.17,1444.45,1
47.73,3.47,6.21,1411.96,0
81.25,6.68,9.51,1328.5,1
90.65,9.13,23.0,1178.41,2
106.55,11.63,20.53,1173.04,2
65.85,7.71,9.92,1397.62,1
62.42,1.32,8.67,1411.56,0
69.75,5.66,12.21,1329.92,1
61.54,8.0,8.76,1348.65,1
41.42,4.61,5.13,1470.49,0
55.8,4.07,11.77,1438.71,1
103.83,11.37,21.74,1195.7,2
41.96,1.1,11.74,1475.4,0
64.11,5.39,10.54,1359.46,1
56.22,3.26,15.09,1301.53,1
44.71,3.0,10.55,1372.52,0
103.89,13.91,17.49,1226.87,2
52.61,4.8,5.7,1469.79,0
77.17,4.66,10.25,1443.77,1
49.53,4.73,6.61,1397.96,0
51.26,4.48,7.37,1458.98,0
54.3,3.89,8.85,1467.92,0
71.22,3.58,9.94,1282.11,1
71.59,8.6,15.41,1358.47,1
44.89,4.25,10.91,1388.79,0
98.91,12.59,20.55,1164.42,2
53.28,4.22,10.54,1437.2,0
46.84,3.61,9.59,1424.0,0
52.79,1.37,11.45,1401.59,0
61.84,4.05,8.59,1450.61,0
56.86,5.81,14.62,1356.71,1
42.01,1.63,6.75,1423.28,0
46.29,1.71,10.42,1398.25,0
70.58,8.88,13.56,1382.23,1
80.64,6.97,15.98,1431.84,1
95.4,14.08,16.96,1278.2,2
48.75,1.85,7.02,1436.64,0
46.48,1.78,5.4,1401.37,0
49.88,1.16,8.33,1431.45,0
56.87,3.71,7.61,1491.25,0
48.85,1.12,11.87,1443.72,0
47.19,2.23,7.47,1443.19,0
58.21,6.03,13.58,1379.76,1
58.52,2.94,5.6,1495.87,0
59.01,1.73,5.29,1442.89,0
57.89,1.44,10.25,1370.38,0
62.89,2.57,6.65,1449.21,0
43.6,4.74,11.92,1415.01,0
60.03,4.09,11.44,1429.98,0
42.42,4.17,7.98,1470.17,0
40.73,3.45,7.12,1461.38,0
50.51,2.29,8.9,1408.3,0
45.25,1.33,9.72,1437.22,0
77.18,5.56,10.67,1333.8,1
59.06,2.72,6.24,1497.46,0
55.08,2.3,11.89,1450.1,0
62.67,3.35,5.6,1417.47,0
61.11,8.61,12.21,1295.72,1
73.59,4.84,10.38,1347.25,1
62.86,8.29,15.13,1313.4,1
48.82,1.19,9.08,1376.39,0
53.93,3.43,6.45,1394.8,0
49.32,2.41,8.8,1360.91,0
60.11,4.56,11.79,1457.89,0
78.28,3.5,15.12,1360.2,1
51.89,2.34,9.72,1445.75,0
107.89,13.85,21.29,1161.2,2
57.95,4.59,11.31,1399.28,0
56.13,4.45,6.53,1445.51,0
40.61,2.39,10.65,1469.61,0
61.27,4.84,11.8,1356.39,1
58.65,3.8,5.66,1493.02,0
56.53,3.54,10.39,1363.6,0
41.2,1.99,6.0,1433.69,0
43.74,4.35,6.96,1358.05,0
40.79,2.65,8.85,1372.76,0
44.03,4.28,9.03,1363.87,0
60.26,2.13,5.24,1366.49,0
55.25,3.61,12.78,1281.11,1
63.5,3.51,7.34,1370.89,0
63.28,5.1,9.73,1379.54,1
62.81,6.77,8.34,1345.72,1
42.07,3.57,8.3,1486.18,0
45.59,2.1,9.11,1448.95,0
43.07,3.18,6.58,1473.2,0
51.45,1.53,9.65,1382.11,0
45.22,1.27,8.52,1424.93,0
64.02,1.13,9.14,1461.52,0
49.96,1.67,11.41,1484.52,0
51.35,3.38,11.82,1399.13,0
62.87,1.39,8.39,1454.72,0
64.14,3.4,9.45,1456.99,0
43.59,1.61,8.03,1439.35,0
47.54,3.03,7.13,1381.1,0
41.12,1.36,8.4,1469.88,0
56.71,5.41,13.57,1285.04,1
89.82,9.37,18.46,1262.13,2
62.67,3.46,6.08,1423.12,0
59.42,3.95,11.24,1380.7,0
43.29,1.14,10.33,1399.65,0
55.7,1.49,8.6,1497.76,0
49.37,4.03,7.07,1367.56,0
53.01,4.9,11.76,1382.29,0
48.05,3.31,5.53,1491.5,0
48.03,3.4,6.58,1355.4,0
46.34,1.97,5.7,1472.58,0
61.56,2.99,5.16,1495.83,0
41.78,2.95,9.92,1426.98,0
62.84,4.02,7.58,1471.04,0
51.31,4.4,10.45,1477.69,0
46.08,1.52,11.0,1433.74,0
49.48,4.89,5.82,1422.99,0
57.9,3.64,5.19,1383.3,0
63.92,4.18,7.42,1370.73,0
50.6,2.44,10.59,1428.61,0
78.59,4.76,8.67,1362.93,1
63.67,2.56,5.45,1408.22,0
59.31,1.68,5.31,1448.05,0
63.75,4.8,9.01,1444.78,0
45.83,3.5,10.23,1382.81,0
86.89,10.81,22.2,1227.14,2
81.76,5.27,10.35,1395.15,1
50.51,3.36,9.23,1393.8,0
75.78,5.31,14.14,1432.73,1
82.44,5.12,13.65,1305.19,1
76.38,8.85,19.52,1305.45,2
64.47,8.78,13.51,1346.8,1
41.77,1.85,9.4,1354.24,0
67.68,5.08,11.18,1324.93,1
64.64,3.09,5.98,1382.95,0
46.33,3.02,5.21,1369.77,0
93.92,11.21,24.45,1248.19,2
60.92,1.29,9.01,1436.34,0
51.64,4.97,11.52,1402.85,0
92.25,9.46,16.63,1109.32,2
64.17,2.79,11.49,1394.86,0
47.24,1.52,10.28,1425.52,0
52.77,3.45,6.13,1361.48,0
44.26,1.76,11.49,1354.83,0
64.48,4.6,11.25,1468.32,0
61.56,5.74,14.82,1420.07,1
58.32,8.03,12.44,1397.29,1
40.54,3.65,7.56,1457.11,0
62.06,3.46,10.58,1405.73,0
42.55,4.6,7.0,1388.84,0
59.21,4.45,10.74,1412.47,0
59.47,8.89,13.9,1360.29,1
44.7,3.98,9.14,1431.09,0
65.69,4.3,9.71,1293.91,1
61.94,2.19,11.98,1493.13,0
105.02,8.45,24.53,1234.79,2
47.39,4.47,8.0,1413.22,0
63.84,3.6,5.35,1400.36,0
46.8,3.15,6.08,1471.62,0
40.56,4.44,6.92,1425.47,0
41.3,2.09,6.46,1380.17,0
50.38,1.6,11.7,1410.65,0
79.86,4.71,9.48,1445.22,1
57.45,4.27,6.72,1465.63,0
47.25,4.48,10.23,1413.67,0
63.44,3.95,8.21,1435.4,0
91.72,13.42,22.68,1209.44,2
75.6,14.63,18.69,1102.22,2
61.0,3.9,11.26,1367.63,0
58.67,4.53,10.37,1355.13,0
40.48,3.61,5.37,1496.99,0
40.72,3.29,10.87,1458.35,0
97.52,14.87,16.56,1165.28,2
57.62,2.84,5.81,1377.32,0
49.89,1.75,8.93,1453.92,0
54.51,3.9,6.99,1460.27,0
55.42,4.82,10.89,1359.27,0
61.21,4.86,6.95,1381.06,0
76.7,5.68,15.4,1399.38,1
61.99,1.16,11.92,1449.66,0
75.4,10.55,22.61,1133.99,2
52.33,1.29,8.65,1352.9,0
61.32,3.87,10.43,1362.24,1
64.92,2.11,10.46,1437.21,0
82.34,3.44,14.05,1323.41,1
80.79,9.01,20.41,1235.18,2
53.17,2.11,9.9,1411.76,0
42.04,1.04,8.96,1444.41,0
82.06,10.03,22.0,1317.1,2
49.27,1.78,11.54,1437.2,0
52.49,3.5,5.97,1356.53,0
41.79,3.73,6.69,1457.09,0
64.82,3.16,10.3,1351.06,0
40.03,3.84,9.99,1416.68,0
55.21,4.94,6.83,1389.94,0
54.35,3.55,8.9,1460.74,0
50.25,1.58,9.83,1369.44,0
50.4,4.55,8.38,1473.53,0
49.9,2.09,7.04,1368.49,0
68.76,3.98,10.02,1342.48,1
53.32,1.97,6.88,1406.59,0
48.11,1.03,9.77,1390.3,0
84.5,10.66,21.82,1151.99,2
48.89,3.28,6.8,1416.04,0
45.83,4.77,9.12,1396.68,0
57.64,4.32,11.14,1446.4,0
45.07,4.55,7.02,1399.68,0
45.37,3.19,9.75,1357.96,0
60.01,1.74,7.47,1368.88,0
83.71,8.72,20.9,1192.4,2
52.51,3.17,8.58,1363.55,0
52.33,3.32,6.32,1485.14,0
79.24,6.31,8.01,1388.18,1
95.65,9.68,17.16,1222.28,2
108.02,9.86,17.26,1310.65,2
45.3,3.09,9.54,1397.28,0
89.99,14.77,24.64,1287.66,2
46.94,4.66,8.16,1484.77,0
63.7,3.82,6.52,1458.86,0
48.75,4.13,11.95,1386.1,0
44.24,2.94,9.91,1384.08,0
62.22,3.01,8.15,1437.88,0
63.35,2.29,7.56,1356.82,0
51.43,3.2,5.74,1498.71,0
79.29,11.74,23.79,1190.21,2
47.22,3.32,6.08,1422.17,0
41.79,2.56,10.19,1407.97,0
41.39,1.5,8.49,1400.54,0
64.5,2.28,10.21,1429.8,0
84.83,6.11,8.75,1308.31,1
61.39,3.82,8.12,1339.6,1
90.82,8.06,22.93,1162.72,2
103.25,9.93,22.1,1267.92,2
57.23,4.83,15.66,1447.49,1
50.29,1.39,6.65,1357.75,0
63.7,1.02,11.84,1459.33,0
56.17,4.8,6.2,1412.57,0
69.5,4.94,11.9,1397.1,1
43.9,2.85,6.55,1460.81,0
73.46,6.87,11.98,1434.63,1
41.02,3.69,7.42,1352.64,0
64.39,6.14,8.07,1396.86,1
72.36,8.61,15.27,1418.48,1
84.86,11.09,15.63,1292.14,2
74.06,7.28,11.43,1403.7,1
46.93,2.24,7.37,1383.79,0
66.74,8.88,15.72,1415.97,1
59.34,2.03,10.23,1435.08,0
45.75,2.35,11.99,1473.81,0
58.19,8.96,12.88,1317.89,1
52.94,2.72,7.22,1415.19,0
60.98,4.04,9.19,1494.17,0
43.1,4.72,6.15,1384.22,0
58.9,2.07,7.68,1390.24,0
56.67,8.99,13.56,1307.25,1
46.47,2.95,9.57,1368.2,0
61.93,2.56,8.79,1495.21,0
47.21,1.06,7.62,1359.44,0
79.81,4.94,11.88,1324.33,1
46.36,4.01,6.07,1409.36,0
58.58,4.97,14.53,1381.54,1
51.0,1.59,7.3,1415.1,0
58.16,3.85,15.82,1379.92,1
44.37,4.95,8.93,1453.12,0
49.74,3.43,10.29,1485.25,0
54.14,1.31,6.14,1408.21,0
62.14,1.55,5.87,1490.35,0
45.1,2.17,10.24,1422.39,0
76.83,5.36,14.78,1436.44,1
41.96,1.08,7.6,1461.87,0
54.39,1.49,9.83,1459.8,0
47.87,1.66,5.28,1375.01,0
41.17,3.98,5.87,1353.86,0
41.02,3.62,10.2,1479.0,0
47.63,4.25,10.82,1399.46,0
53.45,1.28,11.54,1464.95,0
69.04,6.94,15.16,1346.8,1
64.73,4.08,11.73,1466.95,0
62.02,4.59,11.1,1426.65,0
63.83,7.58,13.96,1321.79,1
60.69,2.25,8.75,1387.43,0
55.86,4.1,5.24,1438.97,0
57.3,3.61,6.57,1456.83,0
67.46,3.5,9.11,1430.02,1
50.8,2.76,9.29,1491.46,0
55.77,2.72,8.06,1396.56,0
58.68,4.54,9.55,1423.01,1
70.98,4.77,9.42,1310.21,1
46.65,4.14,11.7,1485.22,0
53.33,1.18,11.7,1489.23,0
75.81,10.66,16.8,1222.23,2
62.26,1.01,6.97,1430.74,0
53.61,4.22,7.18,1378.51,0
62.87,1.24,5.7,1489.56,0
55.31,8.22,8.96,1402.61,1
46.77,3.58,7.86,1353.81,0
51.74,3.88,8.71,1409.32,0
54.48,4.56,8.99,1444.76,0
54.9,1.04,6.46,1467.16,0
53.08,1.86,10.03,1362.72,0
62.03,2.03,9.15,1490.4,0
42.03,3.51,7.35,1450.81,0
50.03,2.15,5.85,1413.06,0
45.89,4.73,11.02,1456.47,0
42.96,3.77,6.67,1435.87,0
89.19,12.58,22.32,1270.11,2
61.5,1.09,6.76,1368.21,0
50.09,1.63,8.48,1431.06,0
61.69,2.91,11.91,1432.63,0
42.37,5.0,7.29,1462.23,0
63.62,2.74,6.39,1430.42,0
59.13,3.91,6.64,1399.58,0
57.31,4.12,6.67,1388.55,0
44.47,2.35,7.93,1426.28,0
59.15,4.38,9.3,1363.29,0
51.31,1.56,6.23,1424.76,0
54.52,4.2,8.7,1441.67,0
45.83,2.33,10.93,1371.88,0
53.31,3.26,9.2,1374.94,0
43.06,3.07,11.02,1430.71,0
42.56,1.25,5.36,1407.02,0
64.77,5.85,11.11,1338.23,1
76.26,8.84,17.4,1196.52,2
77.52,4.65,13.13,1364.78,1
75.94,3.09,9.85,1382.99,1
63.71,1.8,7.12,1423.64,0
77.43,5.38,9.68,1368.62,1
72.32,6.88,11.67,1369.88,1
59.43,3.32,7.01,1460.12,0
55.21,2.06,8.94,1456.28,0
56.78,3.09,11.29,1374.66,0
67.99,3.14,8.48,1395.24,1
86.22,11.78,19.6,1272.3,2
41.06,2.85,7.93,1466.9,0
57.76,7.23,12.27,1321.13,1
78.45,9.95,16.09,1156.47,2
47.79,1.99,10.21,1355.03,0
48.74,3.58,7.95,1471.74,0
53.9,4.97,6.02,1364.94,0
52.04,4.0,6.97,1382.86,0
54.65,4.69,8.63,1387.72,0
55.51,2.68,9.29,1464.25,0
59.97,2.03,9.33,1419.01,0
58.89,2.76,8.82,1465.9,0
58.12,3.45,5.84,1374.5,0
82.27,12.23,19.04,1270.33,2
56.1,1.14,6.49,1445.07,0
41.36,3.99,7.22,1350.02,0
97.69,9.75,17.39,1112.7,2
84.92,7.72,15.02,1407.13,1
53.71,4.13,10.81,1449.98,0
93.47,11.78,19.61,1171.7,2
89.29,11.28,23.45,1234.03,2
60.39,3.09,6.59,1443.78,0
58.62,2.05,8.64,1460.49,0
69.09,6.18,13.08,1404.32,1
54.36,4.68,11.42,1384.5,0
60.15,3.2,5.3,1444.97,0
60.77,8.02,15.56,1320.17,1
46.51,2.76,9.17,1399.15,0
61.05,4.44,9.39,1437.43,0
59.01,3.9,9.84,1473.23,0
42.13,1.19,8.64,1387.18,0
98.58,8.48,16.18,1301.54,2
54.86,2.71,7.34,1434.85,0
45.37,2.14,5.43,1395.6,0
61.55,4.38,7.23,1474.34,0
44.6,2.73,10.36,1465.06,0
54.49,1.67,9.99,1376.38,0
64.3,2.94,10.04,1421.56,0
64.82,3.71,10.11,1381.94,0
61.08,7.01,13.2,1433.21,1
47.12,2.23,10.62,1430.87,0
92.12,11.15,16.99,1167.68,2
96.55,10.94,20.0,1121.68,2
76.89,8.09,21.61,1163.66,2
78.1,4.36,15.8,1449.18,1
54.83,1.76,7.53,1479.3,0
48.39,3.79,8.32,1427.65,0
51.25,2.14,10.1,1422.85,0
41.87,5.0,9.84,1482.97,0
56.09,1.97,5.16,1471.31,0
56.69,3.59,10.67,1370.93,0
57.72,3.16,10.98,1362.17,0
51.82,3.71,11.12,1462.38,0
61.98,3.38,8.74,1369.72,0
46.38,4.16,6.08,1450.34,0
55.68,3.45,6.97,1411.75,0
81.59,6.56,11.13,1350.15,1
43.56,4.8,11.9,1385.25,0
71.33,3.23,11.72,1418.97,1
56.07,5.19,11.83,1311.69,1
57.07,2.01,7.74,1446.89,0
53.75,4.94,9.2,1449.99,0
77.55,5.7,12.9,1397.01,1
52.78,4.81,8.75,1499.26,0
75.88,6.45,10.83,1436.58,1
64.96,2.43,11.71,1465.97,0
40.36,3.68,9.34,1361.79,0
41.5,2.42,10.4,1442.29,0
51.38,3.22,5.86,1470.32,0
61.87,2.17,7.42,1398.6,0
57.07,2.54,11.08,1374.35,0
58.78,1.33,8.96,1432.78,0
49.81,2.92,9.2,1393.75,0
40.92,1.16,9.6,1492.75,0
84.26,8.56,12.89,1324.87,1
40.39,2.68,6.25,1478.35,0
41.84,1.68,8.64,1400.55,0
59.67,4.69,9.2,1378.07,0
70.84,5.47,10.15,1449.78,1
57.32,4.35,11.61,1452.49,0
59.62,1.79,5.2,1486.61,0
61.05,3.88,10.81,1380.08,0
53.45,3.9,8.36,1359.3,0
42.94,1.52,10.6,1463.87,0
61.35,2.81,11.99,1350.06,0
60.45,3.83,5.04,1498.98,0
43.3,4.65,5.21,1416.0,0
81.43,5.84,15.11,1356.58,1
60.83,2.31,7.17,1488.04,0
60.86,3.66,7.98,1368.5,0
52.73,3.83,6.45,1399.07,0
72.36,5.63,13.8,1362.73,1
44.08,4.07,9.07,1487.24,0
55.9,4.74,12.87,1340.75,1
62.81,3.15,5.65,1490.58,0
59.4,4.56,8.94,1493.7,0
70.12,7.1,12.7,1423.2,1
61.99,5.13,9.16,1313.18,1
100.39,12.16,20.59,1187.58,2
52.71,1.81,10.34,1386.21,0
54.88,3.76,7.75,1481.96,0
53.52,3.71,9.92,1493.4,0
43.47,2.47,8.45,1359.45,0
96.9,9.29,20.63,1129.32,2
54.44,3.85,10.99,1447.05,0
48.41,3.5,6.71,1390.05,0
79.39,14.67,22.45,1176.25,2
47.33,2.31,9.71,1462.86,0
42.0,2.77,6.14,1377.67,0
58.09,3.59,11.34,1371.07,0
62.6,3.51,11.9,1354.65,0
55.94,4.82,9.8,1489.0,0
42.74,1.99,11.18,1404.13,0
51.46,3.89,8.03,1468.98,0
47.53,1.07,11.22,1384.04,0
80.94,10.3,20.87,1137.71,2
99.18,13.18,15.32,1104.7,2
59.46,4.1,8.75,1469.62,0
82.81,3.15,15.91,1400.7,1
48.81,2.61,5.12,1472.22,0
54.64,4.18,11.13,1414.29,0
69.59,8.83,14.37,1348.23,1
40.18,2.01,9.43,1360.86,0
92.18,13.5,17.48,1267.63,2
64.73,5.28,14.26,1409.02,1
41.89,2.18,7.56,1427.79,0
40.12,1.16,10.37,1362.56,0
59.52,4.39,10.38,1361.16,0
95.3,11.97,17.21,1189.91,2
78.19,8.61,21.82,1139.15,2
90.01,14.09,19.49,1315.43,2
40.48,1.95,9.9,1486.74,0
64.14,2.51,6.81,1386.52,0
63.55,1.62,7.72,1388.56,0
44.68,1.46,5.35,1463.12,0
61.06,4.14,11.88,1405.79,0
46.98,2.62,11.99,1358.24,0
63.05,3.0,9.96,1382.83,0
62.01,5.81,15.33,1379.61,1
70.28,6.89,11.97,1356.96,1
58.38,1.8,9.32,1391.94,0
44.68,2.44,5.25,1392.45,0
49.7,4.43,10.17,1373.19,0
47.76,1.45,10.77,1424.79,0
51.0,2.69,9.65,1465.26,0
47.28,2.49,10.43,1439.39,0
40.5,1.63,9.49,1457.55,0
55.97,1.33,8.05,1393.9,0
41.39,3.75,10.32,1478.21,0
43.91,3.54,9.2,1376.9,0
77.17,8.61,8.32,1426.67,1
54.92,3.66,6.4,1390.31,0
54.61,3.1,6.27,1392.09,0
54.62,3.39,6.33,1468.78,0
67.61,7.01,8.47,1370.01,1
52.26,1.3,5.24,1420.31,0
78.93,13.83,20.84,1132.16,2
54.44,4.07,10.22,1377.8,0
110.0,13.6,17.58,1150.85,2
42.07,1.11,8.68,1400.57,0
56.65,3.0,10.52,1396.91,0
63.02,3.34,8.77,1390.33,0
47.86,3.24,8.73,1473.52,0
79.0,8.11,10.13,1428.12,1
59.47,4.1,8.44,1364.48,0
40.82,1.99,11.86,1474.31,0
51.43,4.62,8.21,1365.61,0
64.76,7.01,13.74,1378.8,1
44.88,3.57,7.21,1421.46,0
71.06,3.1,10.01,1436.7,1
42.02,2.55,9.2,1427.05,0
82.63,3.0,13.02,1281.18,1
60.08,1.79,5.04,1428.64,0
60.13,3.61,8.06,1447.82,0
50.5,2.22,5.65,1367.15,0
56.98,4.05,8.01,1479.24,0
64.42,4.94,11.56,1424.41,0
42.38,1.75,9.64,1421.5,0
44.27,3.65,10.97,1388.69,0
53.21,3.77,9.98,1406.64,0
58.55,1.22,9.42,1402.63,0
40.56,3.87,5.77,1468.41,0
57.14,6.82,9.19,1445.15,1
51.3,2.33,8.32,1443.24,0
60.15,2.1,11.28,1385.44,0
76.23,7.54,13.46,1297.98,1
51.7,4.95,7.98,1440.61,0
62.01,1.51,10.15,1487.74,0
62.58,4.26,7.2,1496.03,0
56.44,4.07,9.01,1483.91,0
47.16,4.26,5.02,1400.04,0
62.62,3.24,8.15,1447.0,0
52.94,2.58,8.36,1379.56,0
102.81,8.28,18.32,1203.52,2
55.15,2.96,5.67,1409.34,0
50.75,2.29,9.58,1489.91,0
49.26,4.23,6.88,1482.31,0
73.85,3.1,12.79,1304.87,1
40.89,4.8,6.93,1352.43,0
82.87,11.87,16.37,1248.43,2
54.17,2.67,8.67,1492.89,0
51.58,3.64,10.56,1462.7,0
51.04,4.55,7.46,1367.56,0
55.46,6.7,10.05,1297.74,1
88.59,12.17,20.01,1315.95,2
43.62,3.02,6.09,1369.21,0
101.88,9.46,18.84,1219.68,2
74.6,8.67,11.72,1288.87,1
69.93,5.2,13.3,1338.04,1
55.91,3.81,11.29,1383.65,0
53.39,3.6,7.43,1394.1,0
54.73,3.88,6.69,1375.22,0
55.61,5.44,14.65,1322.53,1
48.97,4.66,9.03,1460.73,0
53.03,3.22,11.65,1358.08,0
63.5,4.36,11.6,1494.92,0
43.19,1.49,6.97,1358.01,0
63.14,5.98,10.27,1302.75,1
84.73,5.3,13.05,1412.45,1
76.89,6.24,15.02,1420.91,1
62.87,4.89,6.84,1381.93,0
80.29,11.03,24.44,1192.34,2
55.99,2.71,5.33,1425.53,0
54.35,4.92,8.17,1490.65,0
100.5,8.4,15.24,1205.51,2
43.68,2.3,7.87,1471.23,0
63.05,8.05,14.46,1378.45,1
106.1,13.65,17.09,1134.42,2
59.39,4.62,10.35,1473.8,0
61.51,4.47,9.23,1409.02,0
103.93,12.06,24.12,1295.01,2
48.65,3.23,8.91,1456.48,0
55.96,6.86,14.1,1409.11,1
45.92,1.39,6.25,1469.63,0
59.99,3.22,10.78,1444.72,0
66.06,8.84,13.67,1342.94,1
43.53,1.38,7.42,1478.24,0
62.54,2.85,9.46,1448.9,0
59.49,8.37,9.24,1409.94,1
81.32,8.28,20.88,1176.16,2
56.68,3.2,11.49,1355.65,0
42.37,2.81,9.18,1411.13,0
72.32,3.36,10.41,1384.78,1
58.53,4.31,11.78,1483.48,0
55.66,1.59,6.32,1478.92,0
61.61,3.5,7.89,1487.97,0
41.62,3.9,9.48,1484.24,0
44.86,1.2,10.22,1361.06,0
51.79,3.51,10.94,1384.48,0
52.12,2.69,8.64,1374.27,0
45.37,3.93,8.29,1456.29,0
43.53,1.0,10.67,1363.14,0
64.37,3.72,7.92,1455.26,0
46.9,1.72,8.9,1476.41,0
55.04,3.43,7.72,1413.18,0
78.09,6.06,12.83,1376.28,1
73.94,4.9,9.29,1349.59,1
105.81,12.36,20.69,1236.55,2
52.0,3.42,8.36,1490.16,0
53.63,1.16,5.97,1426.98,0
49.06,4.31,9.91,1418.9,0
59.52,3.45,8.6,1438.79,0
47.76,4.97,9.42,1386.63,0
41.97,3.92,8.49,1469.44,0
53.81,2.54,8.91,1489.87,0
41.02,1.36,9.76,1478.25,0
75.91,9.52,19.83,1188.41,2
43.29,1.89,8.52,1397.87,0
85.05,8.2,24.94,1168.51,2
58.35,4.1,10.49,1384.23,0
55.5,4.12,13.24,1343.88,1
57.23,1.82,7.38,1384.13,0
55.26,4.29,6.26,1454.31,0
42.32,4.84,6.51,1379.61,0
79.14,7.42,15.4,1355.96,1
60.47,3.01,5.55,1460.04,0
45.05,2.63,7.86,1397.63,0
57.93,2.3,8.26,1374.94,0
69.99,5.18,10.13,1324.1,1
48.94,2.64,7.2,1361.65,0
46.2,4.71,11.52,1458.09,0
64.8,6.52,11.11,1401.79,1
61.34,2.97,6.27,1465.21,0
61.05,2.18,11.28,1443.06,0
57.0,3.68,11.6,1473.46,0
51.07,1.14,7.24,1471.56,0
51.66,2.19,7.6,1361.72,0
93.34,12.26,24.97,1165.74,2
53.15,3.08,9.03,1461.78,0
45.34,1.92,7.1,1368.84,0
47.61,3.71,9.98,1451.3,0
64.45,3.77,11.75,1381.71,1
108.54,8.68,15.15,1135.44,2
49.61,3.72,6.53,1492.49,0
61.33,1.3,11.3,1492.42,0
77.25,8.2,16.75,1304.4,2
64.16,3.23,7.43,1437.07,0
64.38,4.21,9.33,1435.13,0
93.56,10.78,20.35,1238.22,2
48.53,3.43,9.91,1380.18,0
46.15,3.48,8.77,1375.68,0
60.79,3.46,9.88,1394.16,0
63.55,3.47,10.0,1363.0,0
41.53,2.27,5.61,1430.33,0
52.97,3.49,7.94,1481.51,0
60.45,4.44,5.05,1426.61,0
55.43,3.21,5.62,1459.43,0
49.9,4.93,10.66,1373.99,0
58.89,1.04,11.71,1427.29,0
53.41,3.2,6.74,1428.23,0
74.88,5.5,14.93,1311.64,1
42.19,2.57,9.99,1448.91,0
52.89,4.65,10.8,1432.31,0
63.08,3.15,12.63,1421.95,1
77.11,8.38,10.58,1294.99,1
102.89,12.27,16.16,1164.13,2
64.34,1.89,9.65,1415.21,0
43.68,2.19,5.63,1486.62,0
53.49,3.76,7.95,1478.1,0
40.47,1.4,8.47,1453.49,0
76.94,10.07,19.87,1104.83,2
69.25,6.67,8.43,1431.29,1
60.2,5.29,8.25,1420.53,1
50.31,2.35,9.59,1497.7,0
83.45,13.33,20.74,1107.0,2
64.47,3.41,7.5,1447.17,0
103.86,8.77,22.49,1177.68,2
93.06,11.95,15.84,1180.35,2
63.19,4.47,9.95,1365.93,0
55.0,3.11,8.61,1480.97,0
45.28,1.05,7.51,1494.3,0
49.96,1.38,8.84,1437.5,0
61.03,1.57,8.04,1387.97,0
81.64,5.36,9.09,1379.57,1
69.03,8.1,10.62,1337.73,1
63.42,3.93,6.5,1354.68,0
52.77,1.92,7.82,1405.98,0
44.13,1.01,10.03,1459.86,0
78.61,9.12,21.57,1104.87,2
46.74,3.39,8.11,1439.54,0
88.94,9.44,20.51,1124.36,2
40.74,3.76,8.2,1453.35,0
45.94,2.05,8.44,1412.89,0
98.82,13.4,23.36,1244.96,2
105.35,13.09,15.75,1110.79,2
40.57,3.13,10.87,1439.83,0
96.3,9.78,24.24,1270.57,2
82.53,8.3,14.74,1440.78,1
52.32,4.81,8.33,1479.54,0
45.91,2.46,10.56,1460.69,0
60.21,1.28,7.34,1397.06,0
57.1,2.18,5.06,1445.0,0
45.75,3.21,7.61,1449.25,0
59.7,8.23,14.19,1431.44,1
43.55,3.83,11.18,1391.7,0
77.18,6.47,9.03,1396.81,1
43.09,3.58,11.98,1384.85,0
63.61,1.08,11.76,1372.39,0
44.34,2.49,7.92,1395.09,0
57.38,1.28,6.99,1450.25,0
64.29,4.24,11.17,1489.42,0
55.81,3.53,8.75,1363.54,0
60.11,2.99,7.09,1482.6,0
97.4,13.86,21.2,1169.64,2
60.56,1.88,9.95,1429.11,0
59.54,3.8,5.9,1497.74,0
44.61,3.82,10.76,1399.6,0
64.31,4.28,6.2,1458.02,0
57.74,6.08,9.85,1310.81,1
54.43,4.73,5.24,1465.38,0
45.24,1.12,8.04,1435.43,0
83.13,5.55,15.46,1307.45,1
81.49,8.48,17.65,1190.84,2
84.75,11.11,23.99,1249.01,2
61.49,3.36,11.31,1453.25,0
43.84,4.96,7.41,1393.8,0
77.16,4.58,13.72,1354.59,1
59.55,4.95,10.46,1476.95,0
56.91,6.62,12.75,1282.12,1
55.34,7.16,14.15,1376.54,1
59.43,3.95,11.77,1367.23,0
62.7,1.06,5.48,1458.32,0
50.79,3.56,11.61,1366.86,0
53.48,1.9,7.09,1365.15,0
55.15,2.16,10.58,1469.76,0
75.56,5.48,10.89,1405.45,1
41.11,4.27,11.93,1411.03,0
63.44,3.38,11.95,1478.07,0
53.34,1.0,6.69,1381.23,0
64.04,3.67,11.53,1389.82,0
45.76,1.93,9.64,1425.16,0
53.16,3.46,6.4,1371.74,0
49.79,1.71,5.94,1484.48,0
56.19,2.31,11.9,1481.37,0
61.44,1.15,6.06,1368.77,0
86.73,13.81,21.74,1171.15,2
53.53,4.71,11.52,1426.91,0
42.99,4.12,10.33,1386.94,0
63.05,2.57,5.02,1445.97,0
54.88,2.06,9.63,1472.24,0
77.51,6.55,11.58,1324.33,1
50.97,2.63,7.56,1428.9,0
83.6,8.91,11.38,1441.57,1
78.53,7.58,13.78,1314.77,1
45.08,4.78,11.67,1422.4,0
55.06,3.59,7.08,1492.11,0
50.54,4.34,5.8,1363.76,0
46.0,1.79,8.87,1480.98,0
52.13,4.72,8.41,1410.73,0
40.66,3.96,7.23,1469.45,0
51.09,1.71,7.58,1451.26,0
68.42,7.74,12.95,1299.23,1
51.32,3.05,9.99,1391.03,0
55.91,2.41,7.21,1441.74,0
53.26,3.75,5.26,1437.85,0
44.1,3.94,7.11,1419.51,0
93.13,14.21,20.21,1222.77,2
44.55,2.3,5.34,1492.57,0
57.43,4.84,9.61,1391.31,0
57.2,2.75,6.78,1476.13,0
62.74,1.94,5.68,1445.11,0
104.15,10.08,22.89,1106.87,2
40.22,1.27,10.27,1416.98,0
59.91,4.39,5.5,1391.85,0
41.12,3.17,5.12,1466.78,0
70.17,6.05,9.11,1447.07,1
56.31,1.6,9.32,1477.84,0
46.74,3.2,7.52,1431.05,0
46.2,1.02,5.19,1403.66,0
61.91,4.97,9.68,1363.62,1
69.31,3.45,9.52,1305.86,1
75.87,8.74,19.45,1157.84,2
60.43,4.44,9.31,1351.91,0
40.42,4.84,5.31,1371.46,0
109.95,9.65,22.27,1183.17,2
56.33,4.85,13.44,1376.13,1
61.27,2.83,5.17,1424.19,0
53.92,3.62,8.48,1354.81,0
62.81,4.57,9.58,1450.84,0
63.84,2.18,7.07,1356.91,0
62.13,2.6,7.81,1410.8,0
45.65,3.87,9.76,1413.19,0
47.81,4.64,9.7,1446.85,0
55.46,8.73,14.22,1410.55,1
44.52,2.03,11.22,1399.01,0
71.25,6.88,12.36,1288.71,1
52.74,4.77,7.79,1384.47,0
60.07,2.83,8.38,1370.02,0
46.97,1.37,6.48,1385.81,0
48.53,3.54,10.18,1374.05,0
44.88,4.53,5.79,1452.91,0
85.64,10.27,24.9,1129.46,2
52.97,2.47,11.93,1479.28,0
54.23,4.12,10.69,1483.86,0
59.13,1.49,9.49,1429.18,0
53.55,4.48,7.45,1413.44,0
60.54,1.15,8.47,1409.42,0
60.99,4.11,7.8,1449.67,0
54.83,4.16,10.94,1361.71,0
82.33,8.08,24.97,1161.84,2
40.44,2.42,7.66,1361.58,0
62.52,4.72,7.68,1423.76,0
55.95,4.82,6.61,1350.89,0
51.39,2.93,10.3,1392.29,0
71.74,3.34,9.36,1328.5,1
61.8,1.33,6.32,1391.55,0
50.91,2.62,6.63,1354.56,0
43.98,3.89,11.33,1377.54,0
96.19,11.69,15.18,1115.86,2
41.74,4.44,10.44,1386.78,0
54.42,2.14,7.58,1489.75,0
74.54,5.64,11.18,1342.06,1
63.95,4.56,11.96,1412.52,0
61.45,7.56,8.39,1419.03,1
106.54,12.91,20.89,1161.76,2
47.59,4.68,7.25,1387.84,0
40.77,1.5,5.97,1377.43,0
79.5,8.91,15.49,1340.55,1
50.58,3.26,11.65,1366.33,0
56.48,4.42,10.12,1381.67,0
55.35,3.12,6.2,1400.35,0
91.28,12.91,22.37,1245.69,2
69.66,6.41,9.23,1312.77,1
61.32,2.99,7.48,1431.64,0
64.53,3.53,6.82,1445.1,0
59.86,2.97,8.45,1414.63,0
79.67,3.74,10.99,1392.43,1
61.52,2.96,9.77,1362.85,0
77.53,7.3,15.72,1426.83,1
45.53,1.98,7.36,1356.54,0
45.12,1.26,5.56,1464.01,0
50.8,1.1,10.1,1494.73,0
62.27,4.66,7.93,1448.48,0
60.77,4.74,11.12,1428.36,0
40.82,4.41,9.79,1389.81,0
51.66,4.59,7.22,1436.75,0
62.83,3.45,11.12,1458.6,0
42.6,4.39,9.76,1417.96,0
45.75,3.47,5.47,1419.71,0
48.71,3.08,11.56,1460.27,0
56.07,8.98,14.98,1330.55,1
84.29,5.18,14.58,1424.37,1
61.14,5.23,13.07,1283.09,1
43.34,3.77,10.57,1374.5,0
56.54,2.24,7.24,1400.92,0
65.24,5.87,15.43,1336.44,1
78.84,7.17,12.59,1300.5,1
61.87,1.61,9.67,1389.91,0
55.49,4.92,7.19,1493.45,0
51.71,4.44,10.15,1385.77,0
40.85,2.17,5.27,1371.2,0
56.6,1.42,9.65,1418.15,0
41.08,1.27,8.86,1365.74,0
67.27,3.65,9.38,1417.97,1
62.83,2.34,8.23,1489.38,0
42.07,1.09,10.35,1422.76,0
73.78,6.51,13.22,1411.71,1
79.92,4.35,11.19,1349.64,1
76.09,6.68,12.08,1353.74,1
55.15,2.25,8.1,1472.8,0
49.35,3.43,11.9,1403.16,0
43.27,3.42,10.95,1356.75,0
47.64,2.12,11.02,1452.37,0
53.86,3.46,7.25,1435.54,0
108.18,9.91,24.13,1262.13,2
63.74,4.99,7.63,1439.85,0
57.24,3.78,9.08,1495.79,0
62.54,2.98,11.59,1483.78,0
49.93,3.29,11.67,1427.51,0
60.14,5.63,10.01,1323.49,1
52.74,3.18,7.52,1362.22,0
40.64,2.91,8.09,1463.53,0
47.8,1.96,10.76,1374.42,0
43.25,1.3,9.23,1378.36,0
60.42,2.13,7.09,1439.33,0
54.57,4.28,11.03,1354.29,0
57.09,4.4,11.71,1376.65,0
45.7,1.28,8.75,1498.55,0
56.28,4.17,9.42,1412.81,0
51.55,4.6,11.35,1473.29,0
81.56,3.52,12.31,1435.25,1
40.85,4.0,11.85,1420.95,0
53.06,3.07,6.46,1466.51,0
49.04,1.43,11.13,1467.47,0
45.65,4.0,8.65,1479.26,0
86.47,9.05,22.97,1272.96,2
55.31,1.6,7.92,1400.34,0
64.75,1.56,8.63,1481.61,0
55.74,3.74,10.77,1385.29,1
60.54,8.85,10.93,1350.06,1
82.96,6.39,13.57,1436.82,1
44.53,4.39,6.14,1449.89,0
52.74,3.34,7.52,1421.3,0
55.62,3.92,11.52,1391.83,0
48.81,1.02,5.63,1369.01,0
46.56,2.92,5.17,1477.84,0
58.02,1.7,6.11,1433.32,0
41.45,4.53,7.22,1446.37,0
48.55,3.71,10.19,1437.7,0
62.19,1.52,5.36,1437.09,0
84.9,7.82,14.63,1441.74,1
50.01,1.59,7.79,1398.2,0
42.75,4.43,5.76,1370.72,0
57.63,3.15,8.28,1426.7,0
45.32,1.13,7.13,1447.97,0
59.46,2.76,7.04,1395.72,0
40.86,4.28,6.36,1393.85,0
78.64,3.76,12.88,1449.3,1
56.03,4.61,6.15,1407.21,0
60.34,3.47,10.87,1427.36,0
49.93,2.46,6.95,1384.55,0
56.64,3.07,11.03,1405.13,0
46.42,2.7,11.23,1436.0,0
46.53,2.3,11.52,1451.78,0
64.5,3.17,6.7,1378.75,0
48.9,1.59,9.18,1472.16,0
56.07,4.13,11.56,1453.79,0
70.5,6.66,13.79,1284.25,1
58.52,7.14,11.27,1315.04,1
72.17,3.8,9.38,1426.9,1
62.67,6.17,10.52,1318.35,1
71.2,7.95,12.06,1371.84,1
65.17,7.92,9.05,1309.47,1
62.71,1.71,5.31,1469.49,0
78.51,7.2,13.71,1287.04,1
50.52,4.85,9.19,1471.12,0
65.39,3.51,10.37,1303.35,1
55.13,1.31,10.92,1439.71,0
101.03,10.77,15.95,1156.54,2
58.07,2.07,10.74,1499.34,0
74.3,8.31,14.0,1290.47,1
49.33,2.69,8.83,1498.75,0
64.37,1.47,10.41,1405.23,0
74.1,6.68,8.53,1368.13,1
68.41,4.94,8.11,1415.51,1
59.76,1.48,8.09,1394.96,0
42.7,4.73,11.57,1416.28,0
53.13,4.9,11.38,1374.26,0
56.1,5.36,14.19,1433.82,1
45.07,2.77,5.4,1496.77,0
68.6,4.82,10.42,1432.52,1
61.56,3.49,10.72,1447.74,0
40.46,4.66,5.82,1436.48,0
64.63,7.79,13.42,1339.27,1
43.73,2.38,5.3,1457.92,0
61.69,6.7,9.95,1448.0,1
64.44,2.47,11.08,1378.02,0
45.77,4.21,10.96,1422.46,0
64.93,1.84,9.59,1489.04,0
61.04,4.55,9.32,1336.14,1
56.9,3.91,7.5,1435.7,0
82.7,14.05,17.58,1313.54,2
96.92,8.59,23.85,1159.15,2
55.65,3.8,6.77,1471.44,0
80.88,8.07,15.73,1149.14,2
102.18,9.6,15.25,1184.43,2
56.12,4.64,10.78,1497.46,0
60.56,1.19,7.0,1405.73,0
57.56,3.24,5.07,1398.97,0
40.86,2.45,11.43,1424.99,0
53.55,4.49,10.13,1470.98,0
55.01,4.91,9.49,1354.62,0
102.42,9.57,18.03,1121.48,2
52.58,3.34,11.44,1357.37,0
61.0,1.26,7.03,1395.96,0
57.45,3.56,10.44,1385.91,0
72.02,6.45,12.96,1326.54,1
53.8,2.01,8.52,1395.3,0
44.95,1.04,9.39,1397.46,0
81.88,4.91,8.88,1318.75,1
48.3,1.25,8.65,1472.62,0
45.44,1.54,11.67,1360.9,0
64.84,1.73,9.97,1373.26,0
54.9,2.0,7.34,1420.69,0
41.13,3.34,8.38,1450.01,0
51.78,3.19,5.65,1406.62,0
51.21,3.44,7.23,1465.86,0
59.0,2.97,8.83,1355.56,0
51.45,4.46,11.48,1353.57,0
61.52,4.29,5.86,1477.29,0
43.27,4.28,7.59,1444.56,0
56.33,4.41,11.6,1499.6,0
42.17,2.88,10.26,1404.04,0
53.98,3.01,6.01,1416.31,0
83.83,6.22,11.91,1348.32,1
62.43,3.82,12.22,1315.41,1
46.05,2.72,7.32,1482.63,0
45.7,3.73,6.36,1476.34,0
50.26,4.73,9.46,1470.27,0
81.93,8.68,11.18,1316.91,1
49.78,4.88,6.81,1448.51,0
99.4,10.25,16.51,1186.36,2
59.34,4.32,9.79,1421.02,0
41.48,2.03,8.43,1491.92,0
51.47,4.93,6.4,1359.79,0
41.64,4.02,6.15,1487.09,0
61.43,5.06,15.0,1288.52,1
67.92,7.01,10.47,1315.61,1
53.44,4.0,5.79,1468.67,0
43.54,1.52,6.94,1464.32,0
65.36,5.25,14.88,1367.61,1
80.1,7.3,13.12,1318.75,1
70.02,8.47,9.17,1389.81,1
64.07,4.33,8.24,1460.62,0
43.61,1.93,11.34,1355.53,0
64.56,3.47,9.45,1441.3,1
51.45,2.03,10.26,1426.93,0
43.24,4.47,5.39,1367.64,0
78.45,3.09,14.53,1331.09,1
105.69,10.16,20.51,1100.07,2
63.6,3.97,7.19,1394.3,0
52.11,3.75,10.41,1460.67,0
57.4,3.15,5.13,1493.03,0
62.52,2.37,5.06,1427.55,0
61.93,3.59,15.84,1330.32,1
80.15,14.49,19.92,1156.81,2
60.13,2.48,9.54,1458.81,0
91.2,8.18,15.76,1118.06,2
43.24,4.37,10.23,1380.23,0
85.86,10.31,16.9,1277.51,2
54.18,4.19,7.24,1456.27,0
51.79,1.37,9.38,1432.58,0
71.88,8.85,13.51,1432.16,1
49.59,3.16,7.66,1403.99,0
78.86,3.17,15.05,1356.9,1
57.25,6.35,8.92,1284.59,1
59.8,1.67,11.43,1413.88,0
57.86,3.14,10.72,1421.52,0
50.86,2.71,7.86,1487.44,0
76.64,5.27,8.62,1282.06,1
62.26,3.23,11.46,1426.59,0
47.33,3.73,11.13,1469.77,0
59.33,3.82,5.83,1438.68,0
63.23,2.78,11.88,1394.45,0
89.35,8.49,21.63,1182.86,2
52.4,1.43,5.69,1486.16,0
47.78,3.03,5.41,1373.06,0
58.7,2.88,10.48,1461.94,0
44.35,2.01,11.23,1441.69,0
71.38,5.05,12.87,1405.77,1
57.01,1.18,10.47,1407.14,0
57.34,4.59,6.03,1384.46,0
44.39,4.84,9.85,1470.21,0
49.9,2.5,10.15,1455.96,0
56.87,1.94,11.38,1450.11,0
43.02,4.95,8.41,1385.73,0
62.24,4.93,9.69,1479.57,0
44.77,2.48,10.98,1460.74,0
93.51,12.03,24.47,1187.91,2
72.39,3.87,10.48,1317.65,1
63.66,1.99,9.68,1461.02,0
50.83,2.42,5.06,1472.4,0
45.07,1.68,5.63,1469.68,0
47.08,2.78,7.57,1460.29,0
64.02,1.79,11.66,1499.22,0
79.31,8.59,11.09,1374.32,1
57.36,3.15,9.23,1463.27,0
57.84,4.49,5.89,1479.99,0
61.97,5.66,12.97,1435.57,1
61.38,4.02,6.42,1437.57,0
89.31,12.63,19.65,1238.73,2
43.97,1.43,9.54,1495.13,0
47.24,4.56,6.21,1488.43,0
63.58,2.61,8.7,1368.41,0
59.31,3.02,5.6,1444.05,0
65.62,8.98,11.48,1284.16,1
81.91,5.6,9.33,1334.22,1
56.85,4.22,9.61,1409.71,0
89.09,14.23,18.84,1262.1,2
57.98,1.91,11.97,1496.22,0
46.87,4.68,8.06,1491.18,0
48.86,3.26,6.77,1487.29,0
41.34,3.43,10.01,1405.92,0
53.67,2.42,10.55,1445.05,0
48.27,4.44,8.32,1469.94,0
46.52,4.83,10.44,1468.06,0
43.64,1.13,8.29,1493.17,0
70.03,7.7,8.92,1290.87,1
45.34,3.15,10.85,1442.37,0
44.59,4.42,11.18,1419.95,0
40.21,2.14,11.22,1430.1,0
56.73,4.55,8.22,1441.05,0
48.44,2.53,9.57,1376.83,0
95.07,10.39,21.48,1115.06,2
50.67,4.21,7.46,1352.62,0
55.91,7.04,14.53,1438.49,1
49.87,2.52,6.09,1463.03,0
52.75,4.84,11.85,1429.75,0
78.64,4.78,9.09,1304.76,1
44.57,4.0,7.37,1456.48,0
62.44,4.38,9.07,1484.05,0
67.11,8.7,13.04,1341.72,1
58.15,1.24,6.16,1377.62,0
70.66,4.23,12.47,1381.23,1
47.96,4.72,10.2,1370.08,0
60.9,4.59,6.14,1468.06,0
66.15,4.25,14.2,1353.62,1
63.58,6.84,10.51,1442.86,1
45.05,3.63,8.1,1393.6,0
43.4,1.96,11.07,1365.89,0
61.13,3.91,11.87,1373.35,0
82.39,8.64,12.56,1395.44,1
49.91,4.86,8.77,1393.18,0
45.45,3.02,5.99,1407.47,0
44.47,4.61,7.78,1386.79,0
53.81,1.35,7.85,1427.97,0
58.44,3.05,9.76,1356.25,0
50.64,3.03,6.7,1367.23,0
55.49,2.85,7.66,1479.5,0
40.77,4.52,5.09,1491.71,0
56.18,2.1,10.6,1450.47,0
61.92,4.99,7.58,1417.29,0
62.36,2.31,9.43,1487.41,0
63.08,2.33,8.76,1435.31,0
48.35,3.23,7.42,1412.46,0
45.82,2.06,6.55,1379.37,0
43.28,4.06,11.53,1492.1,0
57.93,2.25,6.14,1436.61,0
52.7,2.91,5.43,1418.17,0
41.69,3.9,11.5,1414.58,0
79.6,8.35,21.94,1283.09,2
62.01,1.94,6.85,1369.19,0
43.7,1.19,6.37,1484.04,0
62.12,4.47,9.1,1499.35,0
49.45,3.73,6.6,1413.45,0
46.38,2.05,5.27,1395.82,0
61.43,1.47,5.68,1398.51,0
82.29,5.7,10.24,1303.94,1
42.98,2.64,5.2,1381.66,0
51.98,2.21,8.27,1381.44,0
44.33,2.72,6.36,1406.4,0
57.65,3.26,11.48,1353.82,0
48.77,3.24,5.8,1490.01,0
60.92,3.21,8.43,1498.06,0
55.17,2.91,11.67,1366.22,0
55.28,4.95,9.08,1469.55,0
42.58,3.47,5.81,1476.39,0
51.17,2.72,11.72,1376.3,0
79.17,4.35,9.81,1418.94,1
55.64,1.21,6.48,1361.15,0
58.29,4.73,11.82,1491.87,0
63.47,1.78,5.46,1446.65,0
55.09,3.64,9.82,1368.06,0
52.9,3.18,6.37,1445.29,0
68.76,4.2,14.49,1306.72,1
77.14,9.94,23.06,1264.62,2
62.31,1.77,7.02,1477.95,0
80.95,8.28,12.58,1441.89,1
86.88,8.76,20.07,1118.88,2
72.62,8.33,15.5,1289.12,1
41.0,1.32,6.93,1395.63,0
64.41,4.17,12.13,1434.74,1
48.99,2.07,9.02,1369.21,0
64.55,4.65,7.54,1466.21,0
75.7,9.08,23.86,1200.87,2
76.88,8.58,21.99,1141.93,2
56.73,1.12,5.86,1364.24,0
52.73,4.78,8.84,1492.98,0
47.29,1.93,9.31,1361.23,0
63.12,1.71,5.58,1482.23,0
61.69,2.73,11.77,1417.83,0
77.57,6.71,8.15,1403.06,1
61.06,2.99,5.89,1367.3,0
79.87,9.23,17.52,1153.86,2
72.59,5.95,9.54,1358.87,1
78.9,11.23,16.81,1263.91,2
59.85,3.47,5.45,1475.82,0
41.68,3.69,8.24,1474.66,0
79.15,3.11,15.7,1403.53,1
43.58,2.5,10.18,1487.43,0
56.68,4.65,7.42,1443.23,0
53.62,2.13,11.64,1476.37,0
57.11,2.02,10.83,1417.45,0
50.76,2.16,10.65,1421.07,0
43.23,2.19,10.46,1420.74,0
64.79,4.86,5.89,1486.31,0
43.87,2.93,8.7,1492.34,0
76.38,12.58,19.43,1308.76,2
84.69,3.7,9.04,1302.16,1
57.3,4.56,11.12,1496.7,0
75.33,4.51,14.98,1308.71,1
58.24,3.11,8.06,1453.6,0
100.29,9.97,18.41,1250.94,2
95.22,10.86,17.43,1143.1,2
48.88,2.63,7.86,1431.63,0
59.21,4.03,9.33,1468.05,0
62.1,2.61,9.86,1363.01,0
63.15,4.99,10.47,1449.96,0
56.59,3.09,6.13,1430.29,0
54.97,1.72,8.36,1448.71,0
54.38,1.83,7.7,1478.63,0
43.65,2.58,10.06,1405.03,0
47.72,2.73,6.75,1494.8,0
45.95,2.82,7.26,1354.91,0
51.19,4.1,8.69,1397.51,0
62.69,4.32,9.11,1426.05,1
77.96,8.67,15.77,1411.25,1
42.75,4.96,9.59,1497.33,0
92.28,10.73,19.72,1287.6,2
49.0,2.68,5.69,1356.35,0
82.32,8.75,14.19,1434.02,1
44.02,2.1,9.16,1404.15,0
43.26,1.34,8.77,1390.03,0
43.42,2.94,6.45,1470.55,0
43.23,4.72,7.26,1456.03,0
44.26,1.26,11.64,1494.84,0
44.01,1.31,6.44,1457.32,0
41.58,3.85,7.57,1364.03,0
90.37,14.65,22.23,1115.55,2
61.3,4.17,8.1,1458.69,0
45.38,2.09,6.19,1457.77,0
60.94,2.27,8.24,1380.1,0
67.35,5.09,15.85,1437.56,1
45.9,3.92,5.28,1364.22,0
62.4,1.41,9.6,1486.05,0
59.71,1.67,5.2,1444.4,0
62.32,2.35,6.55,1483.95,0
57.07,8.07,11.61,1339.52,1
57.23,1.43,10.75,1415.33,0
57.13,1.79,10.74,1486.66,0
69.93,6.16,13.57,1366.58,1
62.43,3.77,7.52,1470.64,0
58.86,4.36,11.85,1361.1,0
57.76,3.64,5.31,1475.49,0
55.83,1.4,9.23,1368.14,0
47.24,4.84,6.47,1463.79,0
64.26,3.86,7.26,1397.8,0
67.77,4.88,14.09,1421.52,1
52.31,4.77,8.56,1493.99,0
56.42,3.25,13.15,1373.17,1
83.01,9.34,20.19,1247.95,2
46.53,3.05,7.24,1375.14,0
76.87,10.16,17.88,1237.8,2
46.76,3.33,9.33,1408.94,0
51.93,4.08,8.8,1492.66,0
46.85,4.68,5.54,1441.43,0
42.86,3.2,5.01,1398.58,0
78.99,3.77,8.14,1378.84,1
54.82,3.23,10.89,1451.53,0
75.26,4.24,10.82,1301.44,1
56.7,6.36,14.04,1364.45,1
42.65,1.96,7.2,1432.22,0
63.67,3.52,15.49,1344.29,1
80.37,6.81,15.37,1418.21,1
47.91,4.13,5.8,1469.67,0
41.41,3.44,8.88,1448.29,0
83.65,5.31,8.39,1402.22,1
65.26,8.75,9.68,1286.5,1
48.96,1.93,7.21,1436.93,0
45.25,1.47,11.79,1353.3,0
74.69,6.06,9.9,1436.77,1
49.69,1.78,9.23,1433.7,0
63.57,3.89,5.62,1476.95,0
50.42,1.29,5.69,1412.39,0
63.42,1.2,6.07,1369.91,0
61.61,7.68,10.94,1386.9,1
46.46,4.57,8.38,1370.35,0
64.73,3.66,5.48,1438.26,0
45.08,2.97,7.58,1411.64,0
54.08,3.82,11.67,1486.94,0
57.33,4.76,6.25,1428.2,0
76.8,8.48,13.84,1420.88,1
42.11,3.84,11.48,1464.53,0
54.04,3.24,9.22,1451.47,0
47.62,2.77,7.75,1399.37,0
57.59,3.58,7.62,1492.64,0
60.0,3.29,11.16,1425.13,1
74.24,6.48,13.81,1422.85,1
40.74,4.73,8.69,1430.68,0
84.73,5.26,15.59,1409.37,1
41.25,4.53,8.92,1393.95,0
62.69,6.61,11.84,1414.4,1
46.34,2.53,6.02,1400.65,0
45.94,3.72,8.44,1465.8,0
57.3,3.93,6.35,1497.25,0
55.06,4.4,5.34,1469.98,0
55.42,6.9,13.35,1415.77,1
49.63,1.73,6.85,1455.96,0
55.08,2.25,11.37,1480.56,0
59.14,2.76,10.02,1407.97,0
107.97,8.45,19.02,1105.16,2
49.84,1.26,6.58,1468.94,0
57.31,4.4,6.75,1423.41,0
63.04,3.22,5.78,1382.24,0
55.44,5.93,10.61,1285.16,1
51.02,2.44,9.54,1420.52,0
63.11,4.75,5.28,1352.24,0
58.37,7.35,11.09,1292.47,1
58.24,7.25,11.82,1398.79,1
63.64,3.99,10.11,1356.95,0
40.24,4.12,10.74,1494.83,0
94.38,10.14,18.97,1198.38,2
55.52,4.52,10.39,1497.24,0
107.92,14.67,17.21,1260.29,2
51.78,3.81,5.23,1356.13,0
49.96,3.02,7.26,1496.53,0
69.73,6.6,8.77,1345.1,1
79.69,12.7,15.04,1303.42,2
63.67,7.12,12.39,1381.55,1
55.51,2.63,6.03,1365.98,0
63.96,4.73,5.59,1474.1,0
63.38,2.16,8.64,1408.7,0
40.05,2.29,6.56,1436.04,0
96.81,13.19,23.05,1285.91,2
75.43,5.32,10.87,1305.32,1
96.65,13.65,16.21,1159.14,2
40.9,1.49,9.58,1385.99,0
94.49,14.22,20.7,1141.78,2
61.35,5.81,13.23,1371.71,1
43.03,1.06,10.12,1444.27,0
59.71,4.47,13.37,1445.71,1
63.64,3.19,9.92,1378.07,0
60.81,3.3,8.26,1445.5,0
55.52,4.35,11.12,1453.26,0
40.61,1.53,5.94,1353.53,0
43.88,1.73,11.03,1491.92,0
40.18,3.06,6.06,1356.67,0
70.16,6.56,14.09,1383.24,1
55.04,4.99,6.41,1428.48,0
44.87,4.59,9.9,1468.53,0
55.06,1.56,11.58,1401.88,0
75.0,10.28,21.8,1109.93,2
47.8,2.07,8.02,1406.81,0
87.11,14.08,24.6,1307.52,2
55.99,3.14,10.71,1444.12,0
45.49,4.26,10.23,1441.37,0
46.13,1.84,10.15,1472.78,0
50.9,4.16,6.0,1490.37,0
61.33,1.12,10.4,1482.38,0
57.22,2.56,6.15,1409.58,0
43.77,2.36,5.21,1425.36,0
50.04,2.65,8.44,1375.11,0
86.18,8.65,22.08,1261.48,2
57.83,4.04,8.93,1465.65,0
45.63,3.65,8.28,1424.91,0
52.09,3.52,9.48,1494.09,0
57.64,8.15,11.87,1422.32,1
47.73,3.91,7.13,1357.94,0
53.03,2.95,7.73,1366.52,0
55.55,3.34,6.97,1486.53,0
52.05,3.01,7.21,1459.39,0
93.04,12.7,15.67,1111.91,2
74.51,3.97,10.03,1407.54,1
47.75,3.75,8.06,1478.54,0
58.59,2.03,5.87,1454.87,0
62.36,3.27,10.05,1411.26,0
97.89,11.73,17.04,1283.34,2
45.49,4.19,6.5,1390.08,0
46.7,3.5,7.87,1432.81,0
44.6,1.22,9.01,1453.29,0
59.72,3.8,10.98,1351.12,0
104.84,13.42,18.93,1210.96,2
50.05,3.47,7.68,1396.67,0
108.65,8.69,23.8,1149.52,2
61.84,2.24,9.9,1479.25,0
55.25,2.69,11.44,1446.27,0
63.81,4.22,6.24,1391.88,0
93.39,13.07,19.36,1238.61,2
42.83,1.86,7.76,1484.19,0
40.71,1.06,5.91,1387.75,0
41.07,3.44,8.66,1467.52,0
53.51,2.69,9.71,1412.36,0
57.8,1.33,9.65,1418.99,0
88.64,13.35,16.9,1114.23,2
84.75,4.76,13.68,1299.62,1
47.35,4.08,6.26,1386.49,0
45.76,4.96,6.95,1467.5,0
45.75,4.04,10.11,1475.88,0
56.27,3.8,8.46,1439.35,0
76.75,8.23,9.36,1292.51,1
61.23,1.07,9.15,1365.92,0
78.4,14.32,19.45,1116.22,2
59.07,8.86,15.71,1307.83,1
69.59,5.0,8.85,1320.6,1
43.57,3.7,8.15,1385.28,0
60.2,3.77,8.89,1454.93,0
47.63,3.56,9.06,1480.32,0
95.02,11.08,17.5,1129.41,2
48.71,3.95,9.59,1379.14,0
84.16,10.13,18.63,1210.54,2
74.62,5.56,15.8,1298.33,1
57.25,3.82,12.81,1368.11,1
73.48,5.87,9.42,1443.54,1
53.4,4.15,9.02,1496.18,0
64.04,3.57,14.07,1383.02,1
41.31,2.59,5.52,1462.28,0
49.56,3.47,5.46,1394.3,0
46.56,2.89,8.13,1381.42,0
54.79,2.49,7.71,1482.69,0
42.24,3.61,8.41,1468.56,0
60.78,3.59,15.18,1339.48,1
51.08,1.66,11.87,1364.44,0
59.66,7.94,10.04,1352.65,1
79.73,7.33,14.84,1345.83,1
41.59,4.23,6.21,1445.02,0
44.68,3.09,11.0,1395.61,0
77.07,14.89,23.58,1245.26,2
52.18,2.72,9.18,1499.93,0
54.77,3.16,9.95,1412.83,0
85.24,8.4,24.16,1147.75,2
54.01,3.95,5.57,1427.36,0
40.6,2.25,10.74,1433.09,0
40.55,1.85,8.75,1422.23,0
58.04,3.47,5.64,1366.97,0
63.86,1.57,9.96,1360.19,0
43.73,1.09,6.53,1366.12,0
49.63,4.77,9.27,1475.25,0
59.54,2.9,11.94,1353.77,0
93.43,11.96,16.76,1209.71,2
95.3,9.66,18.99,1266.83,2
48.02,2.55,9.36,1373.72,0
78.3,7.04,12.92,1431.72,1
62.34,2.17,8.94,1364.96,0
57.98,2.19,8.96,1421.41,0
55.08,4.3,5.66,1456.6,0
62.13,2.45,11.53,1444.59,0
57.34,4.08,9.58,1372.74,0
64.48,2.51,9.32,1361.67,0
50.45,3.85,5.06,1391.46,0
48.87,3.2,7.82,1475.05,0
41.53,1.56,7.03,1496.44,0
68.43,8.5,11.74,1326.76,1
40.62,4.24,8.76,1391.73,0
43.06,4.71,8.18,1460.17,0
59.14,6.72,15.54,1289.77,1
61.0,1.27,5.55,1433.43,0
61.17,2.31,9.91,1356.77,0
44.6,2.13,8.61,1460.25,0
55.5,3.88,15.97,1404.7,1
50.53,1.31,10.28,1361.86,0
44.53,1.35,10.98,1436.82,0
101.62,8.75,22.02,1104.41,2
45.33,2.7,5.31,1399.16,0
77.97,4.39,15.63,1385.77,1
64.91,8.1,8.75,1287.12,1
60.46,2.47,9.21,1440.95,0
48.24,3.44,7.57,1450.93,0
47.28,3.46,10.63,1484.89,0
57.07,6.83,13.12,1311.02,1
42.31,2.73,9.27,1367.78,0
54.7,4.46,9.57,1470.12,0
41.48,4.83,6.03,1461.84,0
56.34,2.53,9.9,1450.17,0
41.68,4.58,9.84,1368.24,0
55.33,4.48,9.63,1415.11,0
41.53,4.12,8.22,1358.72,0
103.45,14.33,15.3,1130.87,2
55.28,3.02,14.08,1409.45,1
58.05,4.24,7.88,1461.96,0
63.02,1.16,7.04,1381.13,0
73.38,3.47,13.81,1400.46,1
51.73,4.2,6.26,1366.48,0
77.52,7.18,9.23,1358.11,1
74.7,4.99,12.13,1444.15,1
60.26,1.97,11.02,1430.82,0
49.22,1.42,10.13,1398.15,0
75.17,12.61,23.57,1305.47,2
55.85,4.55,15.88,1324.51,1
51.67,2.35,9.33,1496.68,0
49.3,1.1,6.55,1467.07,0
68.43,7.56,9.86,1351.33,1
42.83,3.28,11.03,1421.57,0
64.93,3.24,7.25,1383.02,0
64.41,1.86,11.55,1380.79,0
49.18,4.66,7.58,1406.02,0
49.37,4.75,6.52,1471.98,0
74.02,4.29,10.69,1424.06,1
58.05,1.54,11.26,1356.37,0
62.44,1.87,9.46,1482.11,0
56.18,4.67,9.76,1471.65,0
40.84,4.71,6.56,1454.64,0
75.54,14.99,21.91,1283.19,2
53.53,3.59,6.93,1391.79,0
64.58,1.97,9.77,1457.4,0
80.79,8.64,9.61,1332.66,1
48.15,1.18,6.28,1453.75,0
44.95,3.35,10.78,1357.33,0
49.84,4.86,9.0,1490.67,0
46.11,2.98,8.38,1418.03,0
58.8,3.84,7.02,1359.3,0
56.18,2.86,9.51,1396.11,0
75.93,4.02,8.21,1324.19,1
61.12,4.15,7.06,1362.21,0
91.54,11.17,20.31,1114.39,2
61.39,3.81,8.32,1364.68,0
62.35,8.0,12.91,1320.17,1
42.1,1.65,11.29,1440.96,0
108.12,9.01,16.77,1289.79,2
78.4,5.87,11.44,1281.87,1
51.61,1.71,6.48,1405.02,0
71.5,8.21,9.01,1443.9,1
41.49,2.57,11.28,1386.22,0
56.18,6.19,12.52,1293.4,1
66.87,8.67,14.62,1447.42,1
56.17,4.54,6.94,1474.8,0
60.73,2.96,11.11,1389.96,0
45.4,2.62,10.43,1493.01,0
89.44,11.97,23.85,1170.71,2
54.72,4.11,5.65,1375.9,0
75.03,6.09,13.44,1284.09,1
47.51,4.97,7.28,1380.78,0
62.46,7.07,15.22,1345.57,1
103.03,9.55,18.33,1301.28,2
58.3,5.55,8.14,1285.71,1
60.41,3.74,9.31,1478.04,0
43.02,1.07,10.45,1410.51,0
77.88,9.08,17.28,1211.98,2
44.71,2.21,5.65,1371.58,0
41.66,3.86,11.91,1460.99,0
62.84,3.58,8.95,1360.57,0
63.39,8.0,12.64,1355.97,1
47.21,4.95,7.91,1360.18,0
51.32,1.09,8.12,1498.26,0
84.35,4.23,12.62,1280.91,1
73.46,4.36,14.97,1416.12,1
76.78,8.75,11.26,1402.15,1
76.99,13.02,20.81,1210.12,2
61.87,4.07,7.54,1460.12,0
103.0,14.08,21.94,1140.93,2
63.76,5.0,7.6,1394.82,0
61.26,6.55,13.6,1391.18,1
49.02,4.19,7.9,1437.93,0
50.88,2.17,8.69,1358.02,0
57.98,3.35,9.29,1395.9,0
43.3,3.96,5.6,1376.57,0
46.69,2.13,9.69,1382.67,0
62.25,1.98,10.11,1471.65,0
53.79,3.06,7.44,1447.77,0
72.3,3.65,12.69,1387.71,1
84.39,3.53,14.58,1344.36,1
42.66,2.3,8.02,1403.08,0
53.08,3.64,10.24,1386.89,0
51.59,3.12,11.77,1485.7,0
51.01,3.46,5.58,1482.36,0
44.19,1.15,10.15,1449.57,0
55.26,4.76,9.7,1361.21,0
60.97,1.05,9.93,1495.54,0
51.3,3.84,5.47,1405.9,0
80.0,8.42,12.58,1408.11,1
77.09,12.39,17.05,1216.01,2
67.3,3.16,13.56,1413.29,1
58.73,3.56,7.91,1451.79,0
95.09,8.89,18.53,1220.35,2
60.67,2.75,6.52,1375.65,0
40.64,2.14,8.1,1442.57,0
79.6,8.42,8.79,1297.81,1
58.77,3.67,10.22,1451.18,0
86.28,13.67,17.55,1249.93,2
108.07,8.04,19.64,1105.42,2
52.85,3.78,8.64,1378.4,0
63.08,2.27,8.97,1372.32,0
82.24,10.51,16.49,1212.2,2
57.75,3.54,11.62,1381.05,0
40.57,3.2,7.67,1387.46,0
56.39,2.98,10.2,1382.73,0
58.83,1.41,6.32,1470.18,0
80.09,14.82,15.86,1148.08,2
64.91,4.08,12.08,1365.86,1
43.92,3.73,9.16,1463.22,0
63.68,2.37,8.08,1456.07,0
77.12,3.47,15.69,1441.06,1
42.2,4.57,7.72,1397.01,0
41.65,1.17,7.86,1457.76,0
59.68,4.74,10.85,1408.36,0
44.67,2.99,7.59,1470.58,0
45.48,1.15,5.76,1400.83,0
57.82,3.07,14.52,1401.09,1
82.43,11.01,15.98,1130.13,2
58.32,3.21,15.95,1319.56,1
49.32,3.93,7.84,1444.14,0
45.83,4.46,7.17,1454.12,0
108.93,9.52,22.49,1303.8,2
49.83,3.02,11.25,1480.31,0
52.33,1.2,5.25,1424.4,0
50.53,4.2,6.96,1480.71,0
82.64,4.57,14.64,1325.54,1
90.09,14.33,21.22,1291.41,2
84.8,14.01,17.92,1300.37,2
45.11,1.61,11.96,1400.08,0
68.45,6.82,9.77,1395.1,1
43.84,1.83,9.35,1369.23,0
63.53,4.51,5.72,1408.91,0
77.49,7.97,11.65,1358.14,1
57.89,1.44,6.88,1493.78,0
51.95,3.58,8.54,1372.79,0
45.55,2.7,10.42,1473.08,0
56.56,1.99,8.15,1403.01,0
44.34,3.18,7.48,1486.11,0
60.55,1.54,10.2,1393.33,0
98.29,14.7,17.01,1290.07,2
52.94,1.06,6.85,1427.1,0
84.86,4.73,12.31,1370.67,1
45.73,3.89,10.04,1446.17,0
55.25,3.9,7.2,1474.33,0
55.79,1.69,8.13,1481.89,0
58.74,6.92,10.37,1409.25,1
48.7,3.48,8.81,1368.85,0
81.85,4.73,9.21,1388.67,1
50.0,4.59,5.5,1434.92,0
75.42,11.79,20.74,1301.13,2
53.92,4.38,10.57,1376.27,0
60.16,2.84,5.53,1457.86,0
57.94,2.9,10.94,1407.51,0
53.12,3.4,8.97,1448.13,0
40.23,3.72,5.8,1386.95,0
41.71,3.26,7.49,1431.02,0
54.45,3.77,11.77,1408.59,0
84.64,7.19,11.04,1350.01,1
50.46,2.43,9.16,1436.34,0
42.72,4.73,8.17,1460.17,0
106.88,13.01,23.85,1170.32,2
46.81,3.38,10.27,1391.17,0
48.97,2.98,9.57,1394.12,0
63.06,1.19,11.94,1381.17,0
50.4,3.28,9.53,1391.94,0
109.17,9.59,16.93,1248.87,2
55.32,3.45,10.08,1351.65,0
50.02,2.91,8.81,1391.25,0
47.09,1.5,7.51,1422.21,0
56.94,1.69,7.41,1359.23,0
59.05,5.81,15.51,1311.59,1
85.54,9.07,23.58,1152.68,2
55.0,2.76,10.64,1433.92,0
81.54,10.11,20.05,1205.02,2
51.1,3.37,5.86,1373.52,0
47.41,1.79,5.9,1384.99,0
69.51,3.88,11.72,1323.04,1
62.63,4.16,11.36,1382.74,0
80.24,13.26,20.74,1306.78,2
51.63,1.91,10.21,1487.88,0
43.62,4.24,6.56,1457.61,0
74.55,4.41,9.17,1386.94,1
59.52,3.34,11.67,1356.36,0
46.4,3.21,5.53,1442.23,0
56.29,2.94,9.88,1478.01,0
50.64,2.62,10.31,1350.84,0
57.67,4.49,9.05,1411.52,0
63.99,4.8,5.03,1400.67,0
44.85,4.06,5.88,1412.75,0
59.52,3.08,7.59,1494.81,0
53.71,4.9,9.42,1417.37,0
58.96,1.77,8.24,1368.11,0
40.9,1.89,8.15,1454.66,0
49.22,1.33,9.44,1376.23,0
64.71,2.96,8.16,1499.34,0
49.02,2.28,5.01,1359.53,0
42.8,3.53,6.7,1391.64,0
58.72,4.31,10.4,1355.82,0
43.99,4.49,6.53,1496.38,0
56.99,2.8,7.34,1395.54,0
59.49,2.64,6.01,1469.26,0
43.81,4.1,5.79,1459.19,0
61.37,3.09,7.18,1417.4,0
66.85,6.39,9.82,1385.77,1
82.63,5.46,10.27,1296.71,1
60.41,1.87,10.82,1448.56,0
64.1,2.58,5.18,1383.65,0
67.26,6.66,11.64,1433.57,1
42.0,1.97,10.42,1429.3,0
61.29,1.74,5.73,1361.17,0
72.71,3.57,10.64,1386.64,1
78.89,12.13,21.82,1305.55,2
61.9,4.28,8.25,1390.78,1
97.3,9.13,24.06,1213.57,2
101.0,13.09,17.65,1211.07,2
52.86,1.8,7.24,1438.77,0
44.97,3.3,7.85,1477.39,0
60.22,4.5,7.12,1478.8,0
64.21,1.26,10.81,1423.72,0
59.88,2.41,5.45,1394.4,0
63.13,4.21,10.51,1321.06,1
46.75,3.86,11.7,1453.65,0
57.26,3.62,9.11,1373.38,0
63.66,3.93,9.46,1446.79,0
61.66,4.03,5.4,1360.06,0
55.25,1.15,10.4,1366.76,0
42.89,1.61,8.98,1365.4,0
52.77,2.99,5.42,1441.03,0
43.0,1.94,10.48,1355.51,0
41.12,4.76,7.16,1487.64,0
45.34,3.08,5.99,1414.48,0
40.2,3.47,5.66,1467.14,0
84.2,8.36,10.74,1449.69,1
48.73,2.22,9.5,1414.88,0
55.95,3.51,8.88,1497.96,0
57.4,3.18,5.12,1461.61,0
40.73,3.47,5.98,1491.77,0
47.59,2.53,10.54,1449.29,0
82.19,6.04,12.75,1400.39,1
50.44,4.3,5.9,1369.35,0
53.98,3.65,5.44,1480.67,0
45.72,3.39,11.5,1489.37,0
79.5,3.32,12.63,1416.33,1
51.39,4.79,10.4,1367.54,0
42.3,3.4,9.37,1447.28,0
62.83,1.43,10.21,1436.9,0
53.11,3.53,5.65,1449.77,0
40.01,2.89,5.21,1496.18,0
47.82,1.71,11.01,1410.53,0
59.16,4.6,5.36,1438.74,0
46.46,4.72,7.03,1415.7,0
49.18,1.5,7.83,1355.95,0
41.08,2.39,6.25,1447.06,0
61.81,3.81,7.1,1387.26,0
55.38,4.31,9.61,1404.82,0
43.32,3.27,9.83,1470.09,0
65.39,5.22,15.11,1358.94,1
60.56,2.62,9.37,1364.45,0
49.57,4.24,8.8,1351.47,0
73.08,4.12,12.34,1328.02,1
48.09,1.6,9.65,1386.78,0
57.08,2.93,9.67,1361.97,0
56.12,3.22,9.44,1481.1,0
51.78,1.57,8.55,1486.02,0
56.01,2.74,11.02,1399.34,0
40.88,4.46,7.19,1405.06,0
60.83,4.3,6.93,1459.59,0
43.12,2.79,6.48,1393.04,0
42.51,3.69,5.05,1421.29,0
46.42,2.23,8.27,1489.07,0
41.46,3.25,10.58,1369.82,0
41.52,3.42,11.76,1425.41,0
44.96,3.96,6.96,1424.02,0
61.21,4.44,10.92,1472.69,0
40.58,4.02,8.21,1393.39,0
54.98,4.75,6.17,1457.65,0
105.7,9.97,20.07,1112.41,2
57.43,1.06,5.88,1413.79,0
44.46,4.7,10.34,1422.2,0
64.14,3.59,13.47,1354.83,1
41.17,4.9,10.8,1369.74,0
40.95,3.35,11.05,1353.84,0
107.8,9.68,16.28,1251.99,2
66.4,3.27,13.71,1438.05,1
99.69,12.01,15.37,1182.39,2
81.64,3.95,13.72,1327.19,1
46.71,4.28,6.14,1467.04,0
63.94,2.62,8.2,1455.24,0
46.81,2.1,5.79,1367.11,0
57.34,3.3,10.19,1359.52,0
77.55,5.54,12.14,1342.9,1
60.43,4.26,5.61,1441.05,0
40.75,3.62,11.6,1351.61,0
83.46,13.59,19.33,1301.86,2
50.94,2.11,8.91,1402.05,0
61.3,5.36,10.53,1348.03,1
83.64,3.78,14.59,1420.18,1
86.72,12.0,24.1,1101.36,2
58.55,4.03,9.67,1385.1,0
46.03,1.26,8.71,1391.0,0
58.23,3.61,9.55,1412.1,0
50.69,1.29,7.88,1427.01,0
41.54,1.01,11.55,1461.33,0
53.72,4.62,11.39,1358.21,0
40.27,2.12,8.05,1483.93,0
61.3,4.77,11.22,1486.95,0
92.85,12.47,20.76,1206.54,2
65.21,8.89,15.68,1413.5,1
63.65,2.19,6.44,1484.56,0
94.02,11.32,24.55,1134.29,2
52.85,2.23,9.01,1398.78,0
48.65,1.07,5.15,1483.25,0
62.48,4.88,9.44,1464.61,0
43.74,1.42,5.87,1365.15,0
61.54,3.37,10.08,1361.98,0
61.68,4.86,10.26,1439.85,0
57.39,5.41,13.17,1339.62,1
84.04,7.19,8.97,1362.6,1
73.5,6.59,9.04,1402.81,1
96.99,8.35,24.89,1134.51,2
54.22,3.24,5.83,1355.17,0
54.49,4.46,6.55,1399.93,0
49.17,2.56,11.84,1493.2,0
48.14,3.3,6.19,1353.35,0
61.68,7.38,11.07,1438.3,1
44.56,4.36,7.77,1484.88,0
46.85,1.26,5.35,1367.33,0
53.7,3.34,6.51,1408.75,0
83.52,14.18,16.73,1248.45,2
87.33,13.18,17.57,1211.93,2
56.03,4.81,10.88,1413.9,0
64.85,1.28,11.07,1414.16,0
55.55,1.1,7.8,1497.89,0
79.01,5.74,12.85,1382.72,1
52.08,2.07,7.01,1448.51,0
57.26,3.96,8.57,1495.39,0
44.68,3.72,7.72,1434.49,0
55.34,2.96,10.06,1434.08,0
77.02,12.87,24.84,1152.62,2
80.62,8.75,11.92,1375.47,1
51.79,2.04,11.55,1460.63,0
53.84,2.18,5.94,1465.77,0
62.12,4.18,10.5,1363.41,0
104.48,10.44,18.8,1172.0,2
101.17,8.14,19.01,1156.63,2
46.62,1.31,10.45,1360.47,0
76.59,9.97,24.5,1295.86,2
54.16,2.53,9.34,1397.85,0
61.18,2.37,7.49,1487.4,0
58.16,3.65,5.48,1418.6,0
69.72,4.43,12.09,1395.77,1
47.51,4.79,8.56,1434.19,0
77.42,4.87,10.45,1422.43,1
49.3,3.47,9.03,1409.14,0
54.79,2.63,9.45,1367.28,0
62.1,5.96,13.05,1394.1,1
48.96,1.08,5.68,1393.58,0
105.77,10.83,17.92,1151.57,2
40.02,2.1,9.33,1440.24,0
50.44,3.92,8.65,1361.13,0
55.39,4.48,8.21,1458.64,0
64.73,3.58,5.37,1397.1,0
65.78,4.08,9.64,1282.04,1
48.28,2.38,7.03,1418.32,0
77.53,7.67,15.65,1325.3,1
66.13,6.03,14.72,1305.28,1
42.03,2.36,6.31,1429.04,0
83.57,8.01,15.22,1418.45,1
58.28,4.25,15.76,1302.91,1
53.1,1.83,9.25,1430.58,0
63.47,8.7,12.65,1354.22,1
51.85,1.34,10.56,1392.54,0
103.95,14.82,23.46,1288.14,2
57.23,4.32,5.6,1416.24,0
99.46,9.14,15.12,1137.68,2
58.99,2.36,8.95,1390.53,0
59.17,4.0,6.17,1364.76,0
43.54,1.47,9.47,1477.67,0
43.1,4.75,10.61,1353.44,0
83.53,5.57,14.06,1403.62,1
63.2,1.96,5.82,1358.73,0
50.5,3.47,10.52,1471.55,0
67.32,7.41,9.05,1391.09,1
55.77,3.42,9.05,1421.15,0
74.24,3.24,10.51,1366.81,1
71.66,4.69,15.43,1320.42,1
62.26,1.04,11.83,1443.66,0
46.02,1.51,10.3,1453.61,0
84.99,5.44,15.88,1304.09,1
60.4,4.45,10.93,1487.84,0
90.35,10.75,23.47,1193.92,2
42.8,3.26,6.74,1414.76,0
59.63,3.03,10.69,1363.47,1
78.76,3.76,11.19,1308.93,1
62.22,4.09,11.49,1359.47,0
56.99,4.58,7.95,1434.06,0
47.54,1.32,11.58,1432.28,0
55.44,6.96,8.0,1290.72,1
61.23,1.06,5.83,1452.77,0
58.15,1.21,5.21,1365.8,0
60.36,4.28,10.59,1365.17,0
56.62,2.22,6.87,1472.06,0
60.13,2.18,11.55,1387.56,0
56.69,4.9,9.24,1458.22,0
56.59,2.49,6.53,1411.29,0
52.29,3.87,5.18,1412.02,0
58.11,1.57,8.27,1403.55,0
61.75,3.37,11.93,1353.84,0
109.0,13.4,19.84,1211.33,2
102.13,14.14,18.69,1152.7,2
57.7,2.0,7.12,1386.47,0
54.51,2.09,7.98,1381.13,0
59.32,3.05,8.16,1379.72,1
109.97,10.74,17.55,1140.45,2
46.74,1.05,8.57,1421.35,0
55.3,3.39,6.03,1410.61,0
82.55,5.45,9.53,1367.91,1
87.85,8.28,24.08,1135.31,2
42.6,4.45,8.54,1429.55,0
44.22,4.63,6.89,1416.71,0
72.89,4.72,15.52,1413.83,1
51.57,1.88,10.41,1359.08,0
48.36,4.54,5.51,1474.45,0
70.9,4.37,9.55,1398.14,1
49.67,1.2,7.78,1426.76,0
48.59,2.6,10.33,1422.38,0
47.84,3.66,10.88,1404.06,0
81.0,13.56,18.16,1149.18,2
53.24,2.39,8.64,1448.31,0
64.29,3.47,7.66,1453.7,0
57.56,4.29,10.75,1392.64,0
60.89,3.75,15.71,1298.37,1
80.82,4.49,8.99,1402.79,1
64.33,1.9,7.13,1395.59,0
47.43,4.7,11.8,1491.64,0
43.18,1.23,7.14,1373.65,0
103.26,12.45,18.04,1316.25,2
83.67,6.48,13.46,1337.37,1
53.05,4.1,10.53,1460.2,0
58.75,4.65,9.0,1377.12,0
63.41,1.26,10.77,1393.86,0
80.49,5.48,12.36,1281.81,1
43.48,1.81,10.47,1374.22,0
52.92,2.05,6.47,1439.86,0
104.36,8.87,24.21,1291.38,2
45.37,4.66,6.33,1357.26,0
59.6,5.2,10.99,1305.74,1
65.67,3.56,13.34,1403.86,1
66.5,7.87,8.02,1381.14,1
64.17,2.56,9.76,1394.39,0
49.57,4.36,6.02,1425.85,0
70.55,5.77,10.52,1378.76,1
106.66,9.16,17.88,1229.54,2
55.75,2.65,8.54,1461.57,0
56.01,2.95,5.03,1447.45,0
56.12,1.23,9.87,1456.08,0
46.8,2.1,5.43,1442.07,0
55.85,2.63,11.47,1409.94,0
67.9,8.25,13.06,1442.94,1
59.36,4.94,11.61,1301.53,1
43.83,2.28,8.24,1478.77,0
57.96,8.89,15.0,1370.69,1
74.1,7.14,13.34,1356.41,1
46.31,3.93,6.15,1402.7,0
64.28,3.91,7.45,1363.93,0
44.07,3.94,10.09,1413.76,0
83.68,8.25,14.04,1398.48,1
48.51,4.68,5.18,1429.69,0
62.68,1.47,5.27,1452.75,0
58.41,2.43,5.27,1481.66,0
97.12,10.2,22.83,1209.34,2
63.06,4.56,8.54,1424.0,0
70.51,4.39,8.12,1391.08,1
54.13,1.02,6.51,1353.72,0
83.49,3.64,11.9,1308.09,1
49.98,1.53,8.26,1466.46,0
47.54,1.1,10.48,1357.92,0
75.84,8.83,18.11,1212.01,2
54.08,3.18,10.32,1478.54,0
59.37,3.02,11.5,1381.23,0
57.37,4.08,6.71,1357.42,0
40.17,1.96,5.71,1389.03,0
62.63,3.04,11.91,1430.99,0
52.64,3.59,6.34,1383.33,0
71.41,8.53,15.33,1436.49,1
80.79,5.92,12.96,1371.34,1
59.98,4.91,11.02,1433.69,0
69.21,3.35,15.66,1440.26,1
56.71,4.45,6.14,1471.86,0
58.86,1.96,10.16,1469.61,0
47.84,3.38,9.06,1488.53,0
89.26,14.99,20.79,1109.3,2
58.4,3.23,11.5,1406.7,0
41.46,3.18,9.9,1499.74,0
57.73,1.34,10.19,1454.01,0
43.78,4.54,6.32,1428.32,0
64.74,4.29,8.64,1405.03,0
63.56,8.07,11.46,1420.87,1
62.08,1.36,9.76,1363.32,0
45.31,1.5,7.64,1431.14,0
54.3,3.81,5.58,1462.01,0
54.77,2.11,6.82,1451.75,0
55.3,8.62,13.02,1334.71,1
46.16,3.68,10.37,1476.68,0
50.14,1.35,5.02,1484.76,0
54.43,4.46,11.87,1411.14,0
61.13,3.85,6.98,1439.94,0
56.81,3.73,7.21,1369.98,0
47.0,1.91,10.64,1445.73,0
51.01,2.43,10.15,1446.26,0
40.3,4.82,8.48,1475.44,0
60.19,3.44,10.12,1496.71,0
57.72,1.54,10.7,1440.92,0
51.96,4.1,5.99,1495.91,0
40.12,4.52,7.07,1362.96,0
56.78,4.26,7.79,1362.91,0
59.77,6.66,9.08,1407.73,1
68.81,8.42,11.28,1369.24,1
56.9,4.72,5.99,1409.47,0
83.13,8.41,21.53,1262.84,2
49.62,3.66,9.66,1387.19,0
49.64,4.66,10.33,1425.77,0
54.62,1.82,8.54,1482.65,0
41.32,4.42,11.49,1363.59,0
57.79,3.43,10.92,1394.35,0
50.2,1.46,9.73,1455.31,0
46.05,1.62,8.22,1401.17,0
61.1,2.05,7.95,1355.99,0
58.65,1.89,11.57,1422.96,0
43.46,3.66,8.67,1445.91,0
42.96,1.95,9.71,1474.49,0
47.66,4.16,8.12,1469.76,0
49.61,3.69,9.12,1383.52,0
70.29,4.13,9.39,1401.28,1
62.55,8.89,12.91,1414.9,1
45.6,3.79,6.89,1375.49,0
45.29,3.94,7.24,1425.91,0
56.96,4.06,11.94,1401.81,0
48.9,4.16,6.64,1445.88,0
58.9,1.92,9.37,1455.73,0
49.63,4.71,6.7,1404.82,0
65.09,4.13,10.05,1370.64,1
61.34,7.72,12.05,1323.13,1
43.55,2.39,8.15,1462.32,0
41.18,3.64,8.35,1494.24,0
54.99,4.61,7.68,1382.45,0
50.39,2.54,10.17,1466.13,0
55.0,3.96,5.4,1459.71,0
57.84,6.38,14.09,1413.65,1
102.08,11.67,19.43,1218.72,2
58.61,4.59,8.14,1329.86,1
93.12,14.55,22.86,1275.09,2
42.64,4.25,9.05,1442.74,0
47.36,2.74,7.04,1383.19,0
56.65,4.13,6.28,1395.72,0
60.18,6.77,9.43,1440.93,1
40.81,1.12,11.6,1491.68,0
77.91,12.51,24.72,1315.21,2
54.53,1.65,6.54,1385.28,0
52.14,3.0,6.67,1438.51,0
87.82,11.18,22.12,1306.17,2
45.91,4.63,8.52,1448.42,0
53.37,2.61,9.48,1420.99,0
83.24,5.97,10.84,1350.42,1
61.98,5.76,13.08,1446.33,1
48.87,2.52,8.41,1376.03,0
49.69,3.45,5.39,1425.97,0
83.92,4.95,14.39,1315.81,1
77.47,4.22,14.9,1338.23,1
41.55,4.55,11.08,1403.59,0
87.66,8.3,18.62,1247.76,2
52.14,4.91,10.79,1459.29,0
57.34,3.94,6.92,1354.05,0
53.15,3.2,9.97,1481.74,0
70.51,6.43,9.04,1422.92,1
43.21,3.72,10.9,1380.22,0
68.98,8.22,13.34,1311.45,1
59.81,4.85,7.99,1426.9,0
41.13,1.01,7.45,1386.22,0
79.05,10.34,18.2,1133.26,2
58.35,2.36,6.03,1462.07,0
63.6,2.64,11.02,1383.07,0
68.96,7.71,11.86,1345.7,1
64.17,4.83,6.73,1402.21,0
40.49,4.99,5.86,1431.42,0
47.25,2.38,11.75,1449.16,0
49.55,1.95,5.5,1374.8,0
64.71,8.03,8.83,1422.41,1
67.85,4.03,15.89,1310.03,1
89.39,13.34,16.0,1270.9,2
53.53,4.48,10.41,1455.14,0
42.56,3.45,5.66,1463.14,0
63.57,3.72,11.25,1378.58,0
51.47,2.09,9.85,1450.23,0
61.5,3.34,6.2,1479.79,0
59.46,1.29,9.06,1489.83,0
69.88,3.49,9.76,1396.15,1
51.87,2.35,11.44,1351.8,0
81.95,4.68,8.18,1426.16,1
59.56,3.12,9.13,1380.09,0
51.11,3.97,6.6,1358.77,0
64.42,1.9,8.93,1410.07,0
60.42,4.84,10.55,1440.57,0
41.65,1.86,5.89,1396.86,0
48.87,1.21,5.22,1413.5,0
62.78,4.28,10.32,1357.31,0
75.2,11.99,15.88,1189.67,2
43.81,1.18,7.05,1480.0,0
54.78,1.17,8.22,1415.37,0
42.77,4.6,11.25,1366.6,0
60.79,4.92,8.46,1351.46,0
106.03,8.59,20.74,1311.29,2
50.86,2.55,10.89,1382.91,0
77.07,4.66,14.03,1321.65,1
50.63,1.84,11.63,1350.53,0
51.6,2.55,6.22,1426.26,0
43.49,3.05,7.25,1413.48,0
75.53,3.39,8.32,1302.17,1
98.68,10.54,24.38,1160.62,2
61.78,3.6,11.08,1436.09,1
46.13,4.86,5.06,1481.96,0
48.13,3.84,6.67,1381.23,0
55.25,3.24,11.4,1451.17,0
56.69,1.38,9.37,1417.77,0
48.4,1.68,9.07,1422.55,0
44.8,3.32,8.54,1409.8,0
43.98,4.58,10.83,1490.09,0
53.43,1.64,5.05,1413.47,0
45.83,3.35,11.46,1462.21,0
45.59,3.47,10.93,1407.17,0
42.59,4.26,7.08,1496.38,0
50.21,2.39,10.35,1364.54,0
60.05,1.55,6.24,1421.6,0
82.9,3.71,9.86,1433.63,1
64.98,2.62,9.34,1485.74,0
62.69,1.14,5.27,1492.39,0
63.44,4.65,5.37,1378.89,0
53.2,1.93,9.73,1389.96,0
52.77,2.55,6.12,1483.28,0
79.64,13.42,17.65,1305.39,2
57.91,3.44,5.49,1463.99,0
51.9,2.88,7.72,1473.1,0
47.29,4.71,11.53,1396.65,0
61.45,1.11,5.02,1392.19,0
47.26,3.16,5.17,1361.97,0
52.61,4.01,8.04,1358.2,0
56.74,3.79,11.47,1482.26,0
49.7,4.56,9.12,1463.82,0
40.86,3.32,7.28,1466.72,0
56.04,6.5,15.96,1425.47,1
47.77,1.3,8.89,1375.99,0
91.28,8.41,17.62,1195.94,2
43.05,3.72,6.7,1444.33,0
45.22,4.01,5.09,1487.13,0
55.69,2.92,10.79,1474.93,0
42.48,1.98,11.67,1362.81,0
74.84,4.11,9.39,1296.73,1
67.68,3.58,9.35,1447.05,1
88.98,9.54,16.67,1138.07,2
46.41,1.14,5.63,1438.89,0
65.34,6.52,15.94,1331.27,1
72.72,4.11,11.73,1365.74,1
58.26,8.67,12.41,1390.42,1
61.53,1.68,7.52,1360.79,0
74.52,7.64,12.9,1369.29,1
42.41,4.2,11.81,1377.18,0
95.63,10.41,21.26,1300.29,2
44.03,4.72,10.66,1445.01,0
72.4,3.53,13.55,1308.29,1
56.43,2.46,9.28,1454.4,0
41.68,4.9,10.72,1477.88,0
63.81,1.19,6.69,1419.63,0
53.92,4.15,7.2,1362.7,0
61.18,4.93,11.72,1440.34,1
81.3,11.52,23.48,1104.49,2
48.09,2.36,9.63,1420.05,0
59.61,4.0,9.0,1396.83,0
59.01,2.94,7.4,1412.76,0
72.16,6.08,10.35,1438.4,1
57.74,1.59,10.29,1432.35,0
57.24,3.88,8.91,1383.5,0
43.19,4.84,7.64,1429.06,0
58.09,3.43,8.51,1443.6,0
51.5,1.77,6.47,1353.46,0
63.92,1.9,8.2,1367.21,0
42.8,2.08,5.4,1429.68,0
47.96,4.91,11.85,1397.93,0
76.84,5.48,10.6,1423.87,1
69.66,8.16,8.96,1434.69,1
44.52,4.73,8.7,1391.44,0
76.08,3.36,13.36,1320.97,1
80.49,13.97,22.03,1270.28,2
74.34,7.81,14.29,1312.48,1
61.57,3.86,12.5,1394.15,1
54.36,4.25,10.5,1483.52,0
80.84,8.85,15.85,1300.08,2
47.49,1.51,11.42,1493.48,0
67.17,5.94,10.12,1366.96,1
76.81,11.53,22.18,1289.78,2
60.99,4.12,5.44,1404.73,0
54.23,2.49,11.66,1476.58,0
64.91,8.59,12.94,1354.17,1
56.11,1.55,6.56,1485.11,0
50.74,2.63,10.04,1378.86,0
55.19,1.98,5.4,1408.65,0
63.55,2.85,7.92,1390.14,0
65.84,5.61,9.77,1352.3,1
49.71,2.24,10.27,1351.83,0
44.89,2.57,5.71,1375.98,0
56.37,1.57,7.75,1434.99,0
84.5,10.35,17.33,1100.66,2
75.8,7.75,10.05,1355.54,1
75.12,10.16,24.3,1167.47,2
85.79,14.02,21.66,1310.71,2
43.75,4.14,7.33,1438.7,0
46.43,3.49,7.37,1404.91,0
72.35,4.38,8.12,1398.09,1
42.12,4.61,11.35,1454.73,0
59.45,1.57,7.99,1461.72,0
47.76,2.27,8.12,1450.34,0
55.14,3.77,7.68,1480.36,0
64.94,2.81,5.36,1376.41,0
56.28,4.06,7.51,1470.2,0
54.38,4.91,10.76,1415.38,0
77.49,6.1,12.09,1376.76,1
60.93,1.27,11.6,1497.95,0
54.08,3.5,11.05,1438.04,0
49.37,3.45,5.41,1453.7,0
49.79,2.75,9.71,1418.04,0
43.28,3.87,11.86,1470.68,0
51.87,1.84,5.64,1411.68,0
51.63,4.74,10.07,1371.72,0
52.63,4.83,6.21,1457.95,0
59.85,4.79,11.24,1398.22,0
51.47,4.88,7.07,1444.1,0
44.62,2.22,10.42,1418.06,0
78.43,6.98,13.01,1393.18,1
45.57,2.88,11.46,1394.61,0
58.26,3.9,9.42,1469.44,0
86.98,10.41,16.34,1248.35,2
64.39,4.75,7.99,1458.54,0
55.15,3.19,10.59,1462.65,0
49.78,2.95,6.03,1480.16,0
55.24,2.47,7.91,1474.81,0
53.62,2.14,9.36,1439.73,0
56.42,8.77,13.43,1387.33,1
60.91,4.8,10.64,1406.63,0
76.17,6.98,8.83,1326.15,1
41.17,2.1,9.95,1359.4,0
55.11,4.48,13.93,1333.77,1
51.33,3.84,9.21,1495.61,0
53.32,2.24,5.34,1456.16,0
43.59,1.67,5.32,1485.32,0
65.99,3.32,14.04,1442.38,1
65.15,4.31,14.97,1433.36,1
47.19,3.91,6.69,1475.3,0
44.69,4.94,10.57,1468.34,0
59.21,4.54,6.55,1419.53,0
49.48,4.66,6.76,1476.63,0
51.94,3.33,7.54,1487.98,0
53.12,2.26,6.62,1361.08,0
55.82,3.43,8.37,1491.66,0
94.07,11.26,22.87,1122.32,2
57.3,1.83,7.74,1484.35,0
68.62,4.66,15.33,1345.95,1
54.8,4.51,7.5,1394.98,0
84.22,8.2,14.21,1440.45,1
43.04,1.79,11.21,1446.87,0
54.73,1.76,6.77,1467.84,0
46.53,2.01,10.81,1407.1,0
46.33,1.17,5.51,1386.51,0
40.23,1.99,10.09,1498.77,0
40.06,2.97,7.89,1466.4,0
86.53,10.67,21.18,1258.06,2
64.14,4.35,10.55,1395.74,0
52.03,2.33,8.14,1435.6,0
52.47,2.72,9.94,1407.4,0
90.93,13.63,17.56,1252.59,2
56.52,2.29,8.37,1442.6,0
58.29,4.25,10.48,1452.33,0
61.35,1.05,8.58,1465.42,0
67.95,4.99,11.29,1382.48,1
58.02,3.76,9.83,1490.31,0
52.2,2.64,6.93,1498.51,0
45.42,1.68,5.0,1457.74,0
49.17,1.49,9.49,1450.37,0
57.91,1.29,5.5,1351.82,0
81.2,10.28,20.42,1137.45,2
56.07,3.08,5.2,1409.89,0
62.78,3.22,6.22,1406.81,0
48.09,2.17,10.58,1375.68,0
64.02,3.05,5.05,1407.03,0
96.42,10.96,15.97,1253.81,2
45.44,2.02,7.13,1439.87,0
61.08,2.75,8.03,1485.8,0
81.78,10.42,18.58,1101.86,2
42.54,3.46,11.98,1355.21,0
59.35,1.52,8.06,1454.84,0
62.97,2.6,6.35,1390.61,0
42.09,2.16,8.81,1391.35,0
61.23,4.5,6.19,1370.44,0
48.82,2.08,10.62,1425.04,0
73.35,5.24,10.04,1298.0,1
60.1,4.48,11.45,1336.34,1
105.43,14.53,21.24,1289.01,2
59.87,3.39,10.15,1383.18,1
56.02,3.67,6.14,1434.76,0
52.6,4.97,8.05,1428.7,0
48.18,3.51,6.21,1388.8,0
62.06,7.62,8.16,1401.75,1
51.84,1.81,11.22,1451.68,0
43.42,3.3,7.14,1420.09,0
45.23,2.25,5.81,1418.53,0
50.93,2.59,10.2,1437.11,0
95.52,8.24,18.96,1306.2,2
41.05,4.87,10.59,1393.92,0
51.0,4.17,9.65,1483.96,0
80.9,10.7,22.91,1246.39,2
40.22,1.63,11.16,1385.98,0
58.05,4.34,6.78,1463.12,0
66.77,7.9,11.51,1344.08,1
71.63,4.08,11.74,1444.57,1
59.73,6.09,12.78,1357.78,1
52.21,4.28,5.97,1395.11,0
62.89,3.44,7.06,1434.67,0
42.85,1.6,6.58,1387.64,0
45.82,1.89,7.2,1364.6,0
70.86,3.73,15.47,1423.61,1
49.01,2.57,10.55,1398.62,0
51.43,4.88,5.23,1400.29,0
84.78,7.42,8.13,1364.36,1
60.19,2.93,9.58,1378.39,0
77.03,12.08,18.49,1285.57,2
84.98,8.11,14.01,1392.57,1
44.6,4.03,8.32,1383.87,0
68.69,5.51,8.77,1437.51,1
40.75,2.93,6.9,1421.0,0
76.69,7.59,11.45,1448.94,1
40.57,2.82,7.33,1444.15,0
57.51,4.09,8.22,1413.85,0
46.89,1.01,8.99,1408.12,0
61.99,4.26,11.75,1442.71,0
59.41,4.22,6.96,1431.19,0
50.04,2.35,5.89,1408.76,0
42.5,4.64,8.55,1411.05,0
54.5,3.63,9.68,1414.95,0
89.44,10.6,22.76,1174.98,2
80.68,6.91,9.76,1404.22,1
53.23,4.5,8.24,1391.92,0
64.22,4.43,8.48,1425.0,0
41.25,4.33,7.17,1359.47,0
49.84,3.8,5.84,1421.94,0
50.18,3.66,6.2,1367.91,0
40.86,4.64,11.67,1434.39,0
53.45,4.36,11.93,1483.43,0
77.37,12.09,19.68,1207.92,2
81.94,3.5,11.14,1297.04,1
59.09,3.75,7.26,1431.82,0
72.58,6.64,9.6,1338.46,1
64.3,1.72,8.58,1385.95,0
57.55,2.07,6.19,1391.13,0
69.37,7.51,11.74,1282.93,1
59.86,2.3,5.15,1435.71,0
79.11,14.53,22.79,1185.98,2
57.85,1.05,7.21,1466.98,0
44.13,2.41,6.85,1415.89,0
55.68,4.04,8.31,1365.79,0
93.72,10.1,22.76,1168.71,2
70.16,8.8,11.34,1447.3,1
50.25,4.36,7.69,1435.78,0
77.8,5.91,12.3,1290.12,1
73.7,4.99,8.51,1332.87,1
88.41,14.68,16.41,1249.62,2
69.43,7.73,8.59,1312.57,1
49.54,2.42,7.61,1397.74,0
41.83,1.78,8.4,1467.72,0
60.95,2.26,7.64,1399.4,0
56.66,1.75,9.63,1423.88,0
64.51,4.86,6.13,1377.19,0
50.55,1.08,11.9,1405.07,0
72.18,7.58,8.56,1362.49,1
80.55,11.41,18.64,1240.67,2
62.41,3.34,11.54,1401.87,0
70.11,6.97,14.18,1362.16,1
62.06,3.13,9.16,1498.52,0
56.63,3.13,5.38,1492.91,0
42.87,3.28,11.53,1370.66,0
53.06,1.21,10.0,1431.49,0
54.32,1.91,5.14,1362.69,0
47.43,1.6,7.04,1437.01,0
47.48,1.44,9.56,1498.79,0
60.66,1.83,7.72,1446.13,0
45.51,2.39,6.15,1351.07,0
77.78,5.19,8.58,1339.41,1
43.66,1.27,7.25,1418.8,0
97.91,8.79,20.82,1170.07,2
43.19,3.18,11.01,1451.71,0
59.92,1.7,5.8,1443.46,0
50.23,1.78,11.74,1373.18,0
52.73,4.97,11.88,1445.25,0
56.95,5.44,13.98,1280.65,1
64.05,3.36,10.51,1356.81,0
48.41,2.86,11.0,1378.92,0
99.99,12.26,18.09,1281.23,2
54.78,2.6,5.38,1400.28,0
42.88,3.21,5.27,1465.32,0
74.7,7.93,11.05,1348.31,1
49.49,1.52,6.73,1412.91,0
48.65,1.99,5.94,1355.17,0
47.3,3.69,10.65,1356.71,0
79.33,3.96,14.61,1445.35,1
46.71,1.63,8.37,1392.55,0
75.5,5.68,10.19,1449.51,1
45.8,1.0,10.3,1497.78,0
63.42,6.95,9.42,1372.43,1
57.16,1.86,9.97,1490.26,0
45.78,4.88,9.62,1379.58,0
52.84,2.15,5.05,1424.44,0
55.87,1.58,7.44,1437.88,0
64.28,1.58,5.28,1354.95,0
79.91,13.15,24.59,1132.42,2
80.29,8.3,18.99,1214.86,2
61.81,1.28,5.59,1391.04,0
48.18,3.58,8.47,1465.27,0
76.7,12.88,23.41,1242.72,2
43.33,3.75,6.49,1478.64,0
44.86,4.66,7.85,1381.87,0
83.06,11.18,23.65,1221.39,2
47.83,1.46,5.47,1367.29,0
56.25,3.21,5.55,1428.98,0
54.85,2.13,9.69,1371.24,0
76.41,6.98,8.05,1304.16,1
57.51,1.45,10.8,1464.15,0
40.59,1.88,9.13,1376.09,0
83.59,7.6,9.6,1446.2,1
64.82,1.51,5.51,1481.78,0
59.73,2.73,6.43,1363.19,0
44.28,3.97,7.12,1449.36,0
99.85,13.33,24.38,1125.0,2
72.6,5.53,8.66,1377.73,1
55.6,3.04,5.15,1369.43,0
77.76,13.07,21.61,1142.17,2
55.75,1.03,7.77,1385.69,0
58.13,4.86,6.82,1352.77,0
63.31,1.47,11.54,1452.58,0
50.65,4.89,10.79,1366.19,0
70.91,5.86,14.79,1375.72,1
49.78,4.04,11.35,1499.79,0
41.53,3.36,11.92,1375.02,0
60.81,5.54,11.92,1365.11,1
55.47,2.17,11.56,1469.2,0
68.21,6.75,11.92,1428.34,1
48.19,2.64,6.62,1496.89,0
59.56,1.23,8.35,1445.68,0
53.71,4.16,8.21,1350.72,0
48.04,1.89,6.66,1450.17,0
60.95,1.68,9.88,1383.67,0
40.34,1.33,6.81,1354.18,0
62.24,3.47,10.85,1407.1,1
64.45,1.8,6.51,1393.78,0
59.43,1.92,8.69,1417.73,0
105.13,11.74,22.89,1307.66,2
46.21,1.77,6.11,1493.0,0
66.85,5.01,9.66,1344.23,1
44.18,4.54,9.76,1404.39,0
71.07,6.42,12.44,1408.34,1
64.27,1.45,7.83,1460.68,0
58.0,6.7,10.72,1416.73,1
63.92,1.28,5.4,1392.33,0
66.47,3.82,12.08,1337.39,1
64.25,3.51,7.91,1470.42,0
40.1,3.68,9.49,1411.62,0
61.53,4.06,10.87,1391.06,1
63.98,4.27,12.47,1349.75,1
62.87,2.34,11.67,1429.96,0
62.48,1.33,11.75,1369.63,0
58.77,4.4,9.75,1387.58,0
59.5,3.1,11.7,1422.16,0
101.78,13.12,16.73,1232.84,2
103.94,13.91,20.69,1184.12,2
48.24,2.75,11.73,1404.8,0
49.05,2.89,5.32,1371.0,0
66.41,6.46,12.99,1419.86,1
59.24,2.39,8.71,1441.37,0
42.66,2.97,10.38,1383.25,0
72.77,4.44,8.0,1416.48,1
60.11,3.86,9.15,1358.0,0
61.17,8.16,11.66,1282.78,1
59.26,1.68,6.51,1418.98,0
46.09,3.93,10.81,1486.08,0
40.9,2.6,10.84,1487.36,0
52.51,3.72,11.48,1438.99,0
55.85,4.04,11.9,1377.06,0
43.41,3.46,5.74,1435.52,0
62.49,4.61,5.89,1380.65,0
83.91,4.52,8.66,1435.57,1
71.24,3.52,8.21,1341.65,1
80.72,10.21,19.99,1270.69,2
53.46,4.25,6.52,1470.44,0
61.31,1.36,11.88,1421.41,0
51.82,1.24,8.65,1406.99,0
85.21,11.09,16.03,1157.34,2
63.68,4.38,11.88,1453.84,0
94.22,12.08,19.02,1308.8,2
50.54,2.76,11.62,1479.22,0
55.23,3.46,8.5,1396.01,0
75.41,4.75,10.64,1395.86,1
42.53,2.87,9.67,1424.03,0
44.4,4.1,8.6,1351.59,0
62.8,2.1,11.22,1379.55,0
70.77,8.34,10.64,1290.55,1
65.94,6.85,11.73,1312.29,1
70.54,5.09,10.97,1280.23,1
55.6,2.76,8.41,1493.93,0
48.99,1.62,5.53,1446.14,0
49.39,2.41,10.79,1351.43,0
58.79,6.78,13.01,1313.77,1
63.78,1.24,6.92,1483.97,0
56.51,4.05,8.36,1498.04,0
61.41,7.74,11.44,1301.64,1
51.14,4.16,6.73,1431.53,0
63.2,7.11,8.78,1419.71,1
107.13,8.89,16.13,1218.6,2
60.74,1.1,10.11,1411.06,0
56.38,2.78,11.8,1495.23,0
51.65,1.26,9.18,1403.46,0
40.03,2.23,6.95,1409.02,0
59.6,4.51,12.02,1340.99,1
44.14,1.82,9.85,1487.56,0
98.09,10.49,16.46,1312.05,2
42.14,2.07,7.25,1432.15,0
89.73,11.51,24.1,1257.8,2
63.24,3.74,9.35,1463.67,0
61.0,3.79,13.41,1375.18,1
44.5,2.14,8.19,1393.6,0
43.74,3.67,11.94,1440.76,0
66.92,4.05,8.23,1388.33,1
60.47,2.14,11.58,1487.17,0
99.08,8.47,18.01,1255.8,2
64.07,3.27,12.45,1421.93,1
60.56,1.86,5.18,1382.66,0
76.1,8.01,8.45,1407.08,1
84.59,7.9,13.84,1380.07,1
51.87,4.39,11.93,1444.67,0
60.3,2.39,7.19,1479.46,0
48.26,2.66,8.04,1411.7,0
61.3,1.09,9.38,1409.14,0
106.52,12.45,23.92,1305.8,2
40.99,3.24,7.58,1488.63,0
49.82,1.11,9.08,1351.7,0
51.13,5.0,10.85,1484.02,0
45.43,2.41,8.44,1363.73,0
42.98,2.48,11.68,1492.72,0
51.23,4.16,7.32,1495.29,0
57.84,3.71,5.12,1368.37,0
77.81,4.87,13.62,1364.07,1
59.37,2.25,5.79,1429.72,0
49.01,2.18,10.93,1427.18,0
51.7,1.37,10.54,1361.32,0
57.8,1.16,8.47,1479.3,0
51.4,3.9,11.73,1361.79,0
55.49,4.4,6.62,1421.95,0
48.82,3.59,6.63,1389.79,0
56.2,1.29,7.01,1435.43,0
67.12,3.2,12.45,1315.36,1
50.96,1.95,9.76,1441.25,0
70.01,4.62,12.97,1442.7,1
108.18,10.95,15.36,1102.44,2
80.26,14.35,18.41,1191.53,2
64.95,2.72,10.08,1454.01,0
57.06,3.12,5.58,1392.79,0
67.32,5.42,15.64,1342.25,1
40.44,4.98,5.51,1419.23,0
53.98,2.23,5.68,1484.52,0
83.07,6.07,8.02,1343.76,1
57.39,3.82,9.78,1408.92,0
59.63,3.79,7.48,1483.11,0
58.65,3.08,6.88,1466.49,0
94.94,14.16,23.24,1117.55,2
76.81,6.37,15.58,1364.36,1
52.43,1.16,11.25,1499.75,0
52.73,2.26,10.81,1431.85,0
82.24,8.66,15.68,1368.65,1
52.0,4.46,7.49,1465.29,0
71.61,3.51,10.92,1294.69,1
69.02,6.59,11.4,1291.42,1
42.06,3.72,9.58,1390.99,0
50.06,1.09,9.12,1368.31,0
63.75,2.14,5.57,1473.92,0
50.18,2.73,11.46,1453.88,0
44.99,1.27,7.37,1362.26,0
44.83,1.54,7.55,1441.05,0
58.27,4.93,6.8,1448.13,0
44.27,2.07,8.56,1372.12,0
76.42,7.81,10.72,1418.52,1
54.79,3.73,11.9,1491.39,0
61.69,6.19,10.55,1296.07,1
40.01,1.23,8.87,1392.82,0
54.13,4.43,5.82,1467.85,0
63.05,2.72,5.27,1446.49,0
46.93,4.45,6.98,1453.01,0
83.52,5.42,8.4,1320.73,1
44.45,1.69,9.31,1434.54,0
45.38,4.44,10.25,1403.03,0
80.59,4.32,8.52,1405.6,1
60.7,4.6,7.02,1398.15,0
61.14,3.93,7.91,1483.33,0
72.26,4.61,12.01,1443.67,1
102.71,8.72,22.77,1285.68,2
90.14,10.18,20.06,1196.69,2
48.94,4.38,8.17,1458.97,0
58.91,2.03,9.85,1355.96,0
58.48,2.68,11.17,1457.59,0
74.29,8.09,8.47,1300.31,1
40.81,2.44,10.94,1407.6,0
57.17,3.06,11.08,1499.53,0
64.79,5.47,14.35,1388.05,1
58.32,4.27,15.8,1403.5,1
62.43,1.54,6.75,1431.41,0
40.97,1.14,10.82,1438.72,0
48.01,3.98,11.8,1415.71,0
81.65,10.06,16.92,1104.51,2
56.54,3.88,6.79,1363.39,0
81.42,6.64,14.89,1282.62,1
107.29,11.52,18.28,1262.17,2
51.08,2.99,8.04,1431.2,0
58.09,4.26,8.54,1409.87,0
50.27,3.88,8.58,1491.53,0
58.78,4.93,5.05,1445.11,0
44.31,2.06,8.51,1475.66,0
46.12,4.77,7.57,1449.7,0
44.84,1.89,9.96,1356.07,0
101.52,9.47,22.92,1170.86,2
47.53,3.99,8.52,1384.83,0
75.17,14.66,21.39,1290.94,2
43.27,4.72,5.66,1350.61,0
102.79,8.92,21.15,1234.63,2
85.34,13.38,21.25,1184.03,2
44.05,2.74,10.4,1467.11,0
44.32,3.2,9.33,1489.16,0
67.43,7.55,11.77,1319.62,1
40.48,2.5,9.94,1423.13,0
57.57,4.86,8.18,1444.87,0
51.36,4.15,6.35,1372.83,0
64.62,2.74,11.29,1380.76,0
77.05,13.18,22.27,1308.36,2
52.72,2.25,11.78,1470.13,0
86.97,12.43,24.32,1122.55,2
77.87,7.1,15.29,1363.17,1
81.55,6.69,8.5,1416.68,1
54.81,2.19,5.39,1350.38,0
64.25,4.48,15.24,1280.3,1
51.54,3.77,11.75,1468.43,0
62.66,2.85,7.22,1450.03,0
41.85,4.37,11.73,1410.83,0
62.81,3.63,7.52,1403.66,0
59.54,5.4,11.86,1340.47,1
63.7,4.12,11.25,1404.2,1
53.9,2.31,8.1,1447.04,0
40.55,2.2,8.52,1358.43,0
92.73,13.52,15.29,1260.18,2
45.44,1.55,8.86,1440.81,0
52.33,2.18,7.28,1494.14,0
40.74,4.93,6.65,1405.06,0
56.23,7.23,13.24,1325.14,1
51.99,1.92,10.57,1490.91,0
64.0,3.21,10.92,1397.97,0
58.56,2.32,10.06,1456.15,0
58.69,2.13,5.14,1431.18,0
99.34,10.79,17.81,1151.75,2
43.09,3.91,10.28,1389.75,0
53.24,3.53,6.15,1358.0,0
54.39,3.34,10.36,1450.21,0
64.47,1.67,10.19,1355.99,0
43.59,3.84,8.74,1371.58,0
63.72,3.48,6.61,1407.61,0
53.72,3.38,6.45,1381.25,0
57.96,4.65,10.98,1297.66,1
56.92,7.29,12.22,1433.15,1
43.22,1.01,10.21,1377.94,0
77.49,7.55,13.22,1366.2,1
55.57,4.06,11.53,1416.46,0
61.79,2.94,7.14,1427.65,0
46.41,2.42,9.72,1359.38,0
60.22,3.62,6.16,1407.72,0
77.06,8.42,8.44,1357.53,1
43.65,1.18,6.12,1493.63,0
56.08,2.83,8.82,1491.22,0
59.93,1.84,8.94,1380.07,0
58.62,1.19,5.32,1471.63,0
56.12,3.69,9.75,1366.39,0
68.14,5.05,12.37,1295.53,1
84.05,10.36,19.02,1111.27,2
41.31,4.12,5.97,1369.93,0
40.14,1.17,6.71,1367.14,0
62.9,2.81,9.38,1441.33,0
57.38,4.78,10.42,1474.72,0
43.04,2.06,10.85,1485.56,0
42.23,2.75,6.62,1393.68,0
91.38,10.59,23.52,1138.89,2
47.36,3.46,10.38,1417.49,0
47.59,4.15,10.12,1446.92,0
62.95,1.8,10.16,1402.14,0
41.28,1.93,8.44,1396.54,0
62.18,2.69,10.99,1467.45,0
51.27,2.06,7.38,1486.13,0
62.74,3.28,10.34,1471.77,0
60.71,2.89,10.81,1459.45,0
46.21,3.82,7.99,1416.38,0
44.17,4.19,10.04,1362.92,0
57.01,4.56,5.29,1360.73,0
43.51,2.94,5.19,1425.82,0
53.05,2.74,6.34,1423.23,0
54.9,2.89,6.94,1492.92,0
64.5,3.13,9.8,1402.08,0
40.97,3.45,5.63,1456.55,0
56.36,2.02,8.02,1358.51,0
63.39,4.42,7.49,1377.43,0
82.6,13.82,22.09,1311.81,2
60.26,4.01,6.72,1388.73,0
42.31,3.27,7.68,1356.97,0
57.58,4.62,8.4,1494.24,0
83.26,7.44,8.69,1393.76,1
62.22,2.52,11.36,1416.21,0
45.68,3.18,9.86,1427.28,0
44.38,2.04,10.24,1374.59,0
55.36,1.42,9.68,1421.77,0
61.5,8.43,14.33,1336.63,1
47.73,3.55,5.7,1370.29,0
59.73,4.8,7.64,1436.57,0
80.61,3.46,10.75,1396.81,1
45.12,3.81,8.65,1385.05,0
42.0,2.9,5.07,1362.71,0
57.03,4.52,5.18,1458.78,0
57.2,3.1,11.13,1424.78,0
67.43,4.16,14.02,1417.81,1
42.19,2.35,6.05,1440.67,0
45.09,2.36,8.34,1394.41,0
52.81,4.65,8.59,1373.6,0
56.34,3.61,7.68,1382.9,0
55.88,3.5,5.93,1408.54,0
82.1,4.34,8.47,1295.36,1
97.3,10.34,17.5,1146.09,2
61.75,5.86,9.06,1347.16,1
64.26,4.55,6.65,1443.15,0
50.36,3.52,10.48,1452.76,0
99.27,12.1,18.22,1195.27,2
83.24,8.29,12.12,1411.69,1
51.11,3.82,8.53,1366.74,0
80.9,5.19,12.2,1299.96,1
51.4,1.28,10.59,1386.5,0
49.66,4.67,7.58,1487.55,0
51.21,3.1,5.6,1470.9,0
63.35,4.63,6.09,1473.39,0
54.31,2.81,10.74,1401.62,0
73.45,4.4,12.19,1396.6,1
102.13,11.74,21.53,1161.77,2
59.44,3.86,8.78,1407.51,0
106.82,13.74,23.88,1143.83,2
41.6,3.77,5.42,1472.62,0
63.98,7.84,12.27,1414.97,1
41.3,2.35,5.94,1359.51,0
63.57,1.73,6.36,1447.06,0
42.09,3.02,6.05,1466.81,0
79.33,9.78,17.62,1225.61,2
48.93,2.34,8.49,1455.37,0
58.08,3.29,8.41,1454.71,0
54.13,2.86,11.8,1441.28,0
62.51,4.79,5.26,1394.12,0
50.26,1.14,11.15,1470.4,0
62.75,2.28,5.76,1479.68,0
42.89,1.85,5.68,1391.34,0
57.16,3.97,10.45,1406.21,0
81.02,5.05,13.28,1373.34,1
78.1,9.37,15.45,1171.57,2
49.66,2.22,9.16,1399.89,0
54.15,4.67,10.61,1417.67,0
58.8,3.29,15.02,1293.57,1
58.54,1.6,7.6,1480.54,0
55.79,4.52,6.25,1460.66,0
76.72,11.09,19.52,1166.14,2
78.13,5.76,13.83,1345.82,1
106.79,11.26,16.42,1139.18,2
74.69,7.56,11.32,1440.21,1
43.39,3.07,5.79,1490.1,0
79.09,5.98,14.29,1410.17,1
80.32,7.04,10.44,1286.06,1
84.26,14.63,24.61,1279.0,2
53.08,2.23,10.74,1358.52,0
105.29,14.21,21.86,1135.18,2
85.64,13.19,22.14,1164.83,2
47.43,2.22,11.19,1458.57,0
49.61,2.95,9.57,1492.58,0
81.42,3.45,11.57,1383.22,1
49.17,3.48,6.12,1495.2,0
74.32,3.7,10.99,1303.6,1
63.1,3.71,9.05,1364.13,1
81.01,7.04,8.38,1376.27,1
51.84,4.42,7.38,1480.45,0
48.91,4.53,5.86,1421.03,0
40.51,4.07,7.81,1472.42,0
59.85,3.08,12.77,1440.2,1
63.52,2.95,8.24,1467.76,0
60.0,4.7,11.12,1401.26,0
56.39,3.24,6.35,1385.02,0
53.54,4.05,10.84,1416.07,0
94.52,11.96,17.98,1228.59,2
100.08,12.78,20.59,1127.71,2
61.36,7.96,10.83,1313.27,1
43.38,2.0,9.78,1407.89,0
56.67,2.95,10.27,1378.61,0
59.43,3.84,6.44,1367.38,0
55.2,3.13,10.29,1459.34,0
87.86,11.67,16.62,1261.91,2
77.98,10.7,15.71,1146.37,2
45.46,4.57,5.85,1444.44,0
105.99,13.32,19.01,1181.48,2
98.62,13.27,17.46,1248.25,2
57.7,8.69,14.85,1421.4,1
50.42,2.72,9.74,1350.11,0
43.19,1.13,7.22,1376.23,0
67.07,6.99,15.47,1283.51,1
42.05,1.5,10.85,1448.68,0
48.55,4.85,8.11,1423.36,0
66.91,5.86,9.97,1408.39,1
56.13,6.68,14.93,1286.98,1
52.83,4.64,7.45,1400.38,0
61.22,8.09,11.37,1316.78,1
98.48,10.84,15.76,1231.71,2
59.85,4.58,10.12,1372.32,0
53.55,2.84,8.49,1360.83,0
52.65,2.36,11.16,1499.1,0
52.7,1.92,8.6,1452.5,0
59.12,3.33,5.77,1425.27,0
86.84,8.08,24.87,1207.9,2
55.67,4.98,9.2,1489.01,0
62.94,4.58,11.36,1460.94,0
57.3,1.56,7.91,1432.29,0
61.2,2.47,9.14,1425.57,0
53.94,4.56,9.16,1487.94,0
52.94,3.76,9.55,1484.62,0
56.87,2.99,10.76,1377.5,0
76.08,6.82,11.67,1359.4,1
49.75,3.69,9.83,1356.89,0
45.95,2.34,11.6,1470.73,0
59.06,2.32,10.26,1405.75,0
43.57,4.1,6.66,1360.25,0
48.74,3.83,8.32,1388.49,0
63.48,2.82,5.71,1451.12,0
47.48,3.56,11.76,1382.08,0
63.55,3.16,10.89,1428.84,0
46.09,4.37,6.47,1360.88,0
81.88,5.49,8.14,1426.5,1
99.92,13.19,19.99,1204.44,2
44.23,2.98,9.64,1424.6,0
52.81,2.95,9.38,1491.93,0
98.46,12.62,24.19,1318.95,2
84.99,11.72,22.43,1102.97,2
75.64,10.57,22.29,1193.97,2
44.61,1.16,5.15,1466.17,0
82.0,5.82,9.92,1440.68,1
61.1,4.22,9.1,1480.24,0
108.38,10.47,15.43,1139.4,2
49.86,1.4,10.33,1404.8,0
45.77,3.97,8.72,1471.36,0
51.06,3.37,8.51,1397.67,0
48.46,4.74,11.39,1381.4,0
64.43,1.41,5.06,1415.04,0
64.53,4.56,6.34,1391.33,0
63.68,6.98,11.41,1431.15,1
69.21,5.68,8.06,1419.3,1
98.46,14.52,18.98,1309.66,2
55.29,8.8,10.73,1448.37,1
63.51,4.07,11.78,1489.4,0
53.46,1.17,9.77,1403.73,0
51.16,3.62,8.03,1392.48,0
52.51,4.42,9.12,1391.53,0
59.78,3.3,6.86,1450.13,0
58.72,2.77,7.64,1399.96,0
62.46,3.98,7.38,1392.62,0
52.44,1.82,9.14,1377.92,0
64.85,3.73,11.15,1354.56,0
63.87,2.18,8.42,1407.64,0
45.54,2.16,6.28,1379.68,0
79.22,7.71,9.04,1347.53,1
63.37,1.47,6.75,1489.42,0
59.6,4.44,9.23,1414.32,0
52.01,4.23,7.96,1470.3,0
48.65,2.48,11.91,1356.02,0
62.38,3.67,10.51,1418.15,0
58.35,2.14,7.22,1396.5,0
73.31,4.02,15.24,1314.11,1
57.46,4.42,11.71,1421.14,0
45.64,2.54,11.58,1479.04,0
40.76,2.34,6.86,1468.32,0
62.16,4.15,11.73,1468.65,0
61.32,1.11,5.72,1367.42,0
62.96,4.99,11.62,1459.41,0
80.51,5.6,15.43,1380.35,1
106.2,11.34,20.21,1216.4,2
46.2,1.97,11.94,1463.52,0
51.15,2.36,8.27,1414.38,0
79.37,5.39,12.33,1371.79,1
82.17,13.26,18.22,1259.56,2
44.24,3.61,9.28,1468.18,0
61.15,4.46,10.29,1386.37,0
43.52,4.21,5.52,1498.03,0
40.82,5.0,10.33,1400.81,0
62.24,2.76,11.31,1462.6,0
48.49,4.74,6.15,1356.32,0
50.26,3.02,11.77,1449.24,0
61.41,6.04,14.73,1404.58,1
50.66,3.6,8.62,1406.44,0
64.43,2.34,11.88,1359.75,0
78.13,12.81,19.94,1185.28,2
56.37,1.17,7.13,1451.1,0
64.7,8.63,8.61,1443.41,1
75.65,8.48,13.71,1442.17,1
49.08,3.52,9.72,1381.6,0
63.92,3.0,8.03,1418.65,0
48.24,1.55,10.07,1374.03,0
40.74,4.01,11.81,1443.04,0
55.04,1.24,7.89,1431.99,0
42.61,3.9,6.66,1370.67,0
43.42,1.62,11.78,1450.98,0
54.65,1.96,9.11,1485.05,0
62.44,3.62,11.17,1422.79,0
84.56,6.3,8.95,1341.42,1
55.02,4.85,9.93,1319.71,1
106.06,10.23,23.24,1135.58,2
47.31,3.21,7.23,1413.64,0
59.65,2.51,5.7,1445.07,0
71.44,6.28,10.28,1314.21,1
54.66,3.02,9.28,1352.72,0
76.74,10.09,24.42,1316.37,2
61.11,1.39,8.42,1372.51,0
62.43,3.22,9.83,1442.92,0
54.87,1.08,7.79,1464.62,0
46.34,1.36,6.9,1465.19,0
48.54,1.38,6.54,1383.57,0
49.31,1.27,7.59,1419.64,0
45.01,1.29,5.33,1441.81,0
54.95,1.69,5.73,1451.83,0
74.57,5.73,11.06,1440.03,1
55.26,3.86,6.91,1412.03,0
78.65,5.85,10.47,1366.19,1
54.04,3.86,10.1,1449.98,0
63.41,1.07,8.06,1353.24,0
101.26,12.01,22.01,1150.75,2
94.71,12.89,23.01,1258.62,2
56.77,1.9,6.68,1436.21,0
57.93,3.15,8.56,1386.47,0
43.08,4.95,7.21,1367.3,0
43.72,3.44,6.62,1462.38,0
78.64,3.21,15.25,1436.14,1
55.73,1.77,7.5,1458.47,0
65.64,7.87,15.38,1441.0,1
47.63,4.38,9.37,1394.02,0
62.65,2.29,8.34,1383.9,0
109.7,9.46,18.55,1247.23,2
50.26,4.02,6.6,1361.55,0
52.2,1.53,6.83,1412.86,0
48.5,3.9,5.46,1397.29,0
47.02,1.83,8.62,1350.83,0
52.19,1.55,9.71,1439.42,0
48.53,3.79,11.92,1453.35,0
61.76,4.76,5.55,1402.35,0
57.36,1.28,10.22,1400.7,0
71.53,3.67,14.48,1409.3,1
40.2,3.52,8.13,1370.14,0
41.77,4.07,5.5,1488.32,0
49.15,2.1,6.39,1379.8,0
49.37,4.7,10.8,1366.35,0
54.88,4.49,5.33,1407.82,0
46.51,1.64,6.12,1360.57,0
45.19,4.06,11.55,1357.92,0
42.19,2.96,11.69,1472.86,0
51.29,3.19,8.27,1428.08,0
50.37,2.09,5.39,1479.71,0
59.89,4.05,5.94,1363.28,0
60.08,2.49,7.72,1364.35,0
109.51,13.27,18.76,1118.37,2
51.85,2.94,10.15,1442.06,0
40.88,3.61,8.74,1418.9,0
88.77,8.92,21.72,1260.45,2
46.25,2.64,10.81,1379.83,0
55.08,4.0,11.34,1415.69,0
59.81,2.23,5.25,1489.92,0
56.69,4.58,6.25,1427.2,0
41.45,4.46,9.21,1456.21,0
62.84,2.87,6.94,1476.38,0
56.71,2.09,5.14,1359.97,0
44.96,2.89,8.44,1352.77,0
71.66,8.22,11.85,1377.64,1
45.2,2.59,5.78,1354.78,0
64.5,4.31,5.87,1426.12,0
63.99,2.01,5.5,1423.87,0
62.16,3.66,10.84,1328.83,1
70.94,7.06,11.43,1404.35,1
62.31,3.8,6.04,1480.17,0
63.58,4.95,8.68,1434.21,0
73.68,4.89,12.34,1295.51,1
46.87,1.91,11.21,1447.12,0
56.82,2.47,7.26,1419.19,0
51.61,3.5,11.08,1350.46,0
78.63,6.87,8.72,1442.32,1
46.32,1.8,9.95,1473.0,0
48.36,2.38,10.32,1437.64,0
42.38,2.64,11.6,1415.39,0
58.55,4.39,7.96,1395.44,0
49.81,2.08,5.35,1464.54,0
50.1,3.08,10.77,1437.84,0
64.5,2.97,7.3,1445.01,0
60.25,1.88,5.07,1426.21,0
77.11,5.25,14.99,1372.48,1
56.92,4.37,11.29,1420.2,0
41.45,3.98,8.51,1405.45,0
72.59,5.14,12.62,1338.19,1
57.38,2.64,11.13,1394.7,0
75.39,4.42,11.02,1366.14,1
57.6,1.02,6.17,1456.96,0
70.39,5.0,14.45,1355.98,1
79.39,9.12,21.77,1219.12,2
55.14,1.38,11.19,1431.57,0
55.5,3.05,5.8,1447.37,0
89.09,13.73,19.15,1199.95,2
44.11,4.13,5.86,1445.24,0
62.38,1.08,10.42,1387.94,0
64.59,3.28,6.42,1393.92,0
64.17,3.79,5.58,1479.44,0
43.93,2.8,7.49,1452.33,0
45.45,4.85,8.74,1406.75,0
57.93,4.51,10.89,1467.9,0
57.84,1.66,10.18,1371.2,0
48.79,4.55,5.42,1495.82,0
88.53,14.08,15.39,1132.05,2
46.78,4.42,7.43,1495.96,0
60.24,4.29,9.96,1369.69,0
64.24,4.6,8.97,1469.0,0
58.2,1.06,10.57,1353.46,0
54.46,2.88,5.99,1461.18,0
82.79,5.52,8.4,1286.7,1
104.68,14.44,19.49,1218.01,2
49.33,1.6,8.91,1487.6,0
61.77,1.07,8.82,1459.17,0
58.16,8.03,13.37,1398.49,1
57.77,4.52,8.79,1409.01,0
48.55,2.91,11.98,1411.26,0
64.52,2.4,8.17,1370.03,0
60.35,1.42,6.55,1425.55,0
49.22,3.69,5.63,1380.83,0
61.74,5.02,9.79,1356.87,1
50.84,4.39,7.54,1469.09,0
54.04,1.05,7.88,1361.01,0
51.58,2.99,8.8,1395.09,0
46.93,3.93,10.06,1432.81,0
62.46,3.52,10.19,1475.47,0
62.92,3.57,5.23,1499.51,0
55.07,4.94,11.56,1479.32,0
55.83,7.77,14.8,1350.63,1
58.79,3.27,6.92,1421.17,0
84.59,5.65,12.15,1368.71,1
64.85,5.96,15.33,1442.46,1
62.43,4.6,9.43,1400.85,0
51.59,4.01,7.79,1372.63,0
45.62,4.85,7.35,1390.27,0
50.88,1.29,8.49,1424.15,0
79.0,8.99,10.06,1290.51,1
80.2,4.87,9.3,1344.43,1
42.73,4.65,7.31,1460.01,0
64.02,3.68,6.23,1421.07,0
56.18,4.02,7.25,1423.45,0
51.65,3.17,10.66,1441.9,0
94.0,8.44,21.93,1113.6,2
55.76,1.28,8.1,1395.47,0
64.77,4.03,8.1,1456.11,0
90.0,10.65,17.31,1239.87,2
59.15,2.29,6.67,1447.28,0
46.42,1.21,5.07,1353.32,0
55.26,1.11,9.96,1460.04,0
61.24,1.78,7.89,1433.74,0
48.72,4.04,7.51,1493.49,0
52.04,1.22,11.84,1468.59,0
70.63,7.68,12.43,1280.6,1
64.57,3.57,10.02,1496.49,0
65.37,5.06,15.55,1435.48,1
63.77,2.63,8.27,1357.91,0
44.66,1.59,9.42,1388.32,0
62.61,4.61,6.38,1407.09,0
59.34,1.52,11.79,1418.07,0
108.05,14.27,15.03,1305.48,2
96.12,9.42,24.2,1301.29,2
45.52,1.16,5.25,1376.28,0
64.79,4.08,6.47,1425.22,0
51.24,4.48,11.15,1401.56,0
48.12,1.3,10.63,1499.6,0
55.43,4.88,10.09,1488.39,0
46.13,2.02,5.66,1408.27,0
68.39,5.65,13.35,1389.78,1
46.33,4.82,5.2,1379.96,0
52.36,4.66,6.48,1371.64,0
59.22,5.95,11.37,1391.91,1
58.46,4.51,7.83,1399.05,0
41.82,4.35,6.22,1360.62,0
58.98,1.36,8.45,1485.16,0
48.58,4.27,11.77,1419.13,0
47.08,2.39,10.84,1390.51,0
53.88,1.97,5.37,1490.88,0
62.94,3.69,14.8,1397.5,1
71.7,8.62,9.41,1414.64,1
43.82,3.51,5.52,1378.45,0
61.09,4.92,10.55,1478.07,0
41.34,2.97,7.31,1411.23,0
64.25,8.93,12.84,1423.55,1
59.68,7.74,8.51,1312.99,1
57.66,3.74,8.61,1419.65,0
105.8,11.38,18.59,1171.61,2
61.67,4.81,9.73,1432.34,0
59.11,2.06,5.15,1362.33,0
51.88,3.82,11.27,1424.06,0
50.61,1.63,7.98,1430.61,0
84.04,5.87,13.82,1343.02,1
57.75,1.22,9.42,1464.7,0
105.59,14.98,17.45,1285.29,2
46.37,3.98,11.52,1373.78,0
43.07,2.29,10.96,1407.16,0
48.09,1.74,9.04,1373.23,0
52.06,3.76,6.7,1430.23,0
57.65,2.53,7.24,1498.75,0
56.73,4.33,6.05,1355.79,0
47.23,2.38,6.28,1387.89,0
58.94,1.47,10.83,1455.84,0
40.09,3.13,5.75,1408.76,0
57.38,2.62,8.0,1457.64,0
63.14,2.16,8.05,1402.55,0
60.21,2.52,10.87,1388.92,0
98.43,14.38,24.72,1209.36,2
41.44,1.75,8.92,1479.93,0
60.01,1.26,8.95,1396.03,0
56.09,4.69,8.48,1460.04,0
83.01,4.25,15.96,1411.49,1
47.46,2.67,9.65,1381.47,0
81.4,5.76,12.99,1344.05,1
43.31,1.79,6.66,1394.98,0
45.36,3.16,8.52,1421.36,0
50.09,1.94,10.73,1400.6,0
41.34,1.2,9.68,1377.94,0
109.17,12.95,22.55,1223.95,2
43.94,2.82,11.94,1481.93,0
75.86,7.81,15.08,1408.86,1
50.19,4.75,7.64,1449.61,0
84.91,5.58,10.56,1434.13,1
44.99,1.15,9.5,1389.38,0
56.43,4.32,13.65,1413.05,1
42.02,4.07,9.09,1362.93,0
52.99,4.99,5.95,1451.32,0
72.63,3.23,9.71,1293.39,1
61.45,2.87,8.71,1463.09,0
70.18,8.9,8.94,1350.13,1
44.82,3.15,10.98,1486.7,0
62.98,3.48,11.0,1368.24,0
64.64,4.53,11.7,1401.39,0
48.79,1.66,11.19,1498.28,0
55.52,4.56,8.47,1473.71,0
104.73,13.91,20.12,1273.68,2
59.56,5.75,10.81,1295.94,1
43.89,3.32,9.22,1412.76,0
70.15,6.92,12.78,1388.49,1
74.46,6.82,12.43,1281.94,1
52.58,2.98,6.22,1459.98,0
46.2,1.2,9.32,1456.57,0
46.22,4.77,7.09,1466.33,0
51.06,1.46,10.86,1354.14,0
53.14,3.79,11.3,1468.83,0
50.61,4.96,11.12,1444.94,0
59.1,4.37,15.06,1283.42,1
62.05,7.06,11.45,1299.5,1
63.93,3.61,11.19,1433.45,0
59.33,1.9,5.65,1439.58,0
43.97,3.35,6.38,1418.64,0
53.93,2.02,11.58,1444.33,0
53.54,4.37,10.33,1358.74,0
53.69,2.92,11.97,1400.63,0
55.78,2.12,5.62,1425.76,0
46.77,1.32,11.95,1373.43,0
63.85,1.45,6.45,1494.38,0
80.13,5.91,8.67,1343.19,1
47.38,1.28,7.89,1442.43,0
50.31,3.38,5.23,1435.12,0
59.04,4.46,9.22,1472.39,0
54.83,3.17,5.69,1397.82,0
87.16,14.34,24.48,1308.78,2
63.79,3.12,11.66,1464.68,0
52.41,4.91,5.45,1360.51,0
60.41,4.09,7.43,1453.54,0
59.19,7.77,9.61,1307.82,1
104.77,13.75,19.69,1146.65,2
50.46,2.38,8.49,1418.64,0
62.55,1.91,5.35,1459.72,0
55.93,1.28,7.53,1430.22,0
46.32,1.16,7.82,1490.28,0
60.77,2.71,7.96,1388.0,0
48.52,1.19,11.06,1375.47,0
51.39,4.99,9.28,1467.97,0
64.9,3.73,9.34,1498.46,0
79.63,9.09,15.42,1157.28,2
62.72,5.83,8.14,1293.41,1
40.07,2.26,6.03,1383.0,0
45.36,1.26,9.02,1443.3,0
48.88,1.62,9.84,1494.03,0
82.02,5.53,10.21,1380.7,1
60.11,3.46,6.42,1366.54,0
55.4,2.9,7.74,1487.32,0
43.07,1.98,5.54,1462.75,0
40.11,4.88,11.6,1422.55,0
84.68,5.83,15.76,1373.05,1
41.64,1.91,6.73,1422.61,0
63.41,2.16,9.82,1400.72,0
43.14,2.96,11.35,1499.33,0
42.03,4.79,10.85,1396.78,0
51.55,3.09,9.35,1365.06,0
59.58,4.64,7.59,1462.69,0
76.0,5.76,10.2,1328.45,1
42.14,3.16,11.37,1350.98,0
70.43,4.5,13.56,1436.94,1
57.44,2.73,11.48,1425.29,0
45.81,3.4,6.85,1388.29,0
56.29,7.99,14.7,1421.59,1
59.52,2.46,10.15,1426.95,0
53.43,3.35,10.22,1414.75,0
97.79,9.38,19.48,1209.24,2
80.69,4.86,11.14,1340.61,1
50.57,3.53,9.01,1413.32,0
83.11,5.05,10.38,1319.79,1
71.29,6.15,15.69,1383.0,1
94.8,8.92,19.06,1172.45,2
73.3,4.88,10.17,1381.6,1
43.36,2.91,11.75,1463.23,0
61.54,4.77,8.63,1402.85,0
63.52,3.85,10.57,1485.69,0
93.74,14.0,15.58,1215.83,2
44.43,4.49,10.2,1448.91,0
41.0,1.22,7.44,1443.12,0
54.19,2.14,7.65,1472.34,0
58.17,4.19,14.66,1402.58,1
60.82,1.5,5.91,1433.52,0
44.7,3.5,7.36,1381.68,0
62.32,4.88,11.14,1451.57,0
41.95,3.97,5.95,1443.37,0
54.89,3.59,7.97,1453.75,0
57.91,4.84,6.16,1499.61,0
45.52,3.39,10.15,1499.75,0
57.44,2.41,5.73,1459.55,0
62.9,3.03,5.02,1382.83,0
49.24,2.46,5.86,1364.72,0
100.64,13.95,15.83,1184.47,2
81.2,9.02,19.21,1110.94,2
51.76,4.68,6.85,1431.28,0
44.16,2.88,11.99,1403.41,0
58.57,3.83,11.16,1413.88,0
41.96,3.73,9.29,1446.4,0
58.46,2.09,9.37,1454.36,0
50.0,4.73,6.56,1368.22,0
58.13,2.21,10.22,1401.51,0
52.3,2.68,11.43,1403.96,0
49.04,3.82,8.59,1487.92,0
77.77,4.78,11.41,1311.61,1
62.49,2.43,8.36,1485.68,0
44.91,2.01,6.22,1493.68,0
59.36,2.1,8.37,1489.33,0
44.06,1.21,6.12,1387.78,0
52.56,2.59,6.02,1405.13,0
81.68,8.12,18.22,1132.93,2
82.9,6.27,13.29,1433.56,1
82.21,8.56,14.01,1321.33,1
61.35,6.94,8.91,1299.46,1
73.68,8.94,14.55,1287.53,1
58.83,7.96,14.26,1400.49,1
91.57,8.71,15.55,1174.51,2
60.8,1.33,10.41,1364.99,0
56.73,2.5,9.36,1499.62,0
84.06,6.9,13.41,1386.25,1
83.36,9.45,24.7,1105.5,2
51.9,4.68,8.41,1359.55,0
52.24,1.25,5.67,1409.62,0
60.63,3.19,9.68,1423.93,0
64.67,2.05,5.89,1405.46,0
83.74,5.86,9.77,1392.99,1
55.67,3.74,5.87,1491.57,0
63.02,1.08,6.76,1389.82,0
47.83,4.65,5.33,1421.94,0
64.94,2.84,9.94,1469.67,0
56.93,2.16,9.04,1359.88,0
53.28,3.16,9.46,1458.91,0
67.08,8.52,13.2,1295.37,1
49.0,4.13,10.22,1485.78,0
46.49,1.63,7.01,1399.19,0
41.9,3.78,6.77,1396.71,0
45.21,3.65,11.38,1410.56,0
71.98,3.94,13.52,1367.28,1
63.47,3.43,10.22,1485.32,0
59.06,4.51,7.39,1473.19,0
49.11,1.87,11.92,1418.1,0
84.66,9.57,23.16,1315.87,2
51.4,1.94,11.32,1357.61,0
60.54,1.26,5.74,1363.53,0
50.05,4.38,7.42,1448.19,0
43.59,3.5,8.65,1436.39,0
66.19,3.4,8.77,1305.26,1
50.21,4.72,5.63,1442.34,0
64.04,2.73,9.09,1491.71,0
64.69,3.37,6.12,1378.5,0
44.72,4.04,5.64,1427.22,0
53.96,3.0,6.86,1411.25,0
71.8,4.75,13.94,1365.99,1
64.96,7.47,9.22,1302.15,1
56.41,3.43,9.46,1481.84,0
58.91,2.19,9.54,1379.85,0
50.16,3.71,5.66,1366.35,0
59.06,1.43,6.9,1467.41,0
67.22,4.92,11.71,1304.97,1
63.79,3.92,5.94,1363.93,0
62.1,3.42,9.86,1408.41,0
42.79,1.54,7.54,1388.81,0
84.22,5.09,8.31,1286.22,1
43.31,1.46,6.68,1396.0,0
42.34,2.71,5.9,1492.14,0
92.84,12.62,24.98,1132.33,2
55.99,4.61,11.76,1293.02,1
66.95,3.05,9.49,1434.58,1
58.04,2.31,9.41,1449.02,0
83.48,13.0,20.98,1303.35,2
47.34,1.32,7.8,1462.71,0
84.45,7.27,11.35,1398.82,1
65.94,8.93,12.75,1347.9,1
76.19,3.44,15.16,1362.84,1
57.16,8.76,11.34,1333.33,1
47.97,3.63,8.14,1466.62,0
61.96,4.0,14.08,1338.63,1
62.25,5.13,8.84,1317.8,1
40.17,4.42,5.14,1483.19,0
62.61,3.01,8.25,1499.63,0
56.02,1.86,9.34,1447.53,0
43.73,4.4,11.93,1412.28,0
47.63,4.89,9.64,1411.24,0
47.19,2.06,11.67,1385.77,0
41.7,1.84,5.06,1466.51,0
45.87,2.78,5.32,1424.97,0
63.68,5.34,15.36,1376.3,1
41.87,2.55,10.9,1406.69,0
48.26,3.99,5.14,1405.51,0
40.46,1.38,9.78,1360.68,0
70.92,6.01,9.44,1352.98,1
55.49,4.19,9.4,1364.31,0
54.7,3.01,11.11,1362.6,0
60.43,7.78,11.66,1335.81,1
78.14,8.49,14.84,1396.14,1
48.38,3.86,8.77,1489.93,0
80.66,13.71,16.97,1106.03,2
45.29,4.17,6.31,1360.0,0
88.5,10.43,24.15,1172.48,2
106.89,8.44,24.55,1111.26,2
99.25,14.07,18.66,1109.51,2
65.2,4.07,12.68,1393.08,1
48.17,4.55,5.18,1410.95,0
52.8,2.12,6.13,1413.94,0
54.46,1.39,11.55,1400.53,0
50.57,4.21,6.97,1443.85,0
69.07,3.37,15.37,1343.44,1
77.76,8.72,8.43,1381.47,1
53.72,2.92,5.32,1351.09,0
47.93,4.07,8.49,1396.51,0
66.6,4.08,8.74,1367.81,1
49.69,3.13,7.24,1435.55,0
57.95,6.36,12.99,1315.16,1
52.45,2.32,8.08,1478.54,0
46.01,3.69,10.78,1450.96,0
48.53,4.21,11.28,1427.73,0
62.31,1.84,11.13,1490.17,0
66.92,5.3,13.26,1295.88,1
62.02,4.92,14.31,1340.81,1
42.67,3.24,5.52,1431.73,0
56.03,1.26,10.14,1430.86,0
45.31,3.47,8.94,1419.39,0
40.46,2.96,8.14,1359.01,0
78.81,6.32,15.24,1299.7,1
63.05,1.79,11.19,1410.13,0
60.12,4.87,6.88,1424.22,0
66.67,7.51,11.09,1432.78,1
54.15,2.05,9.25,1436.39,0
54.57,3.82,10.67,1441.58,0
55.37,4.4,8.36,1480.56,0
45.81,4.85,8.5,1409.68,0
48.7,2.87,8.99,1426.1,0
54.9,4.98,8.05,1488.1,0
52.51,1.28,5.63,1440.14,0
51.13,4.64,5.72,1391.96,0
50.73,3.65,7.99,1491.95,0
63.9,2.96,6.07,1435.49,0
46.85,1.89,9.03,1405.89,0
53.87,1.68,5.01,1480.38,0
58.35,3.06,10.7,1458.32,0
60.82,3.55,10.64,1346.11,1
80.66,13.33,18.41,1226.22,2
55.74,4.74,8.61,1499.45,0
55.21,2.45,10.27,1406.28,0
104.08,12.12,21.62,1242.74,2
61.74,4.16,5.28,1353.28,0
61.44,1.58,5.51,1351.73,0
51.14,2.82,6.58,1498.0,0
57.85,3.45,7.99,1385.85,0
49.58,1.62,11.75,1492.02,0
60.08,2.07,6.19,1463.11,0
64.61,2.59,8.86,1430.03,0
41.87,2.5,8.49,1442.35,0
42.13,3.2,7.66,1441.07,0
54.89,4.11,8.54,1426.41,0
60.19,2.16,10.94,1441.3,0
79.3,8.2,15.31,1366.93,1
55.69,8.82,14.48,1407.7,1
81.68,6.48,10.5,1307.77,1
56.74,4.88,6.23,1439.57,0
41.72,3.85,5.17,1436.96,0
44.44,4.04,10.33,1499.38,0
55.45,2.37,5.2,1409.26,0
82.73,7.56,11.51,1365.74,1
63.17,2.54,5.65,1395.43,0
84.94,5.47,8.15,1319.9,1
74.58,8.63,14.93,1301.91,1
50.41,4.71,8.97,1485.29,0
65.49,7.49,11.51,1309.19,1
47.97,4.3,9.56,1375.35,0
40.82,2.9,7.85,1374.18,0
50.35,1.93,8.44,1480.87,0
54.76,3.68,9.34,1431.22,0
106.94,11.12,16.37,1260.14,2
52.61,4.14,5.86,1362.41,0
63.51,1.96,5.67,1360.39,0
63.6,1.68,5.07,1385.57,0
70.16,6.89,12.02,1363.61,1
81.03,10.78,23.1,1147.45,2
55.3,7.67,11.69,1448.1,1
68.15,5.86,13.18,1314.03,1
62.0,1.86,11.8,1371.42,0
43.42,3.03,5.89,1421.49,0
63.26,2.77,10.62,1489.08,0
42.63,2.63,9.72,1436.16,0
43.91,1.76,9.39,1498.68,0
62.1,8.98,10.05,1405.65,1
71.45,6.24,8.71,1349.83,1
57.06,4.94,11.34,1480.75,0
53.19,1.85,11.97,1497.17,0
55.85,3.36,11.41,1484.74,0
47.29,2.91,7.83,1489.8,0
77.18,6.87,9.25,1373.0,1
54.28,4.96,8.75,1498.29,0
45.67,2.82,11.67,1477.57,0
98.27,11.17,16.58,1217.31,2
86.38,12.7,23.45,1138.53,2
42.33,2.24,10.4,1481.61,0
102.5,13.42,18.56,1101.85,2
80.82,10.05,16.52,1274.29,2
49.54,1.51,10.71,1491.26,0
56.82,2.55,6.76,1374.93,0
61.87,1.52,10.04,1365.17,0
60.38,1.43,8.41,1445.16,0
61.83,2.24,10.81,1399.81,0
50.06,2.89,10.02,1481.45,0
59.65,3.33,6.8,1384.2,0
49.04,4.8,7.79,1400.44,0
55.91,1.78,11.4,1427.4,0
47.58,1.89,10.14,1451.89,0
99.93,10.35,15.71,1171.65,2
60.12,2.7,6.3,1410.36,0
43.17,4.73,11.07,1385.04,0
60.89,1.06,7.65,1400.6,0
41.1,2.85,5.01,1433.16,0
68.75,8.14,10.23,1314.65,1
51.76,2.11,7.66,1439.78,0
48.29,4.81,9.78,1351.14,0
59.15,8.1,15.59,1341.41,1
77.61,6.39,12.79,1334.5,1
40.95,4.23,11.83,1361.48,0
61.85,1.21,11.22,1382.88,0
100.38,9.85,24.28,1246.84,2
61.42,4.07,7.63,1352.82,0
57.92,1.4,5.98,1373.95,0
62.06,4.31,9.56,1418.76,0
53.05,3.65,7.67,1457.92,0
58.01,8.17,8.85,1431.45,1
102.65,12.62,23.57,1116.64,2
80.52,8.73,9.69,1365.67,1
48.99,1.5,9.13,1428.77,0
78.83,4.54,12.23,1443.28,1
77.65,4.33,12.01,1339.53,1
72.31,4.71,11.46,1369.23,1
52.99,2.8,5.08,1433.52,0
61.51,1.56,8.01,1364.58,0
104.77,13.77,22.45,1239.36,2
53.14,4.0,7.39,1464.28,0
60.45,2.86,9.53,1404.49,0
46.51,4.68,10.32,1432.93,0
48.24,4.0,5.52,1479.07,0
59.13,1.08,8.62,1436.02,0
72.98,4.46,15.2,1378.74,1
81.86,6.07,12.26,1298.22,1
82.04,4.29,13.35,1405.54,1
40.32,4.61,8.82,1480.29,0
59.62,2.54,5.75,1464.4,0
60.31,2.86,5.71,1476.95,0
56.84,8.51,8.65,1435.42,1
58.22,2.29,9.66,1433.49,0
63.83,4.32,5.8,1481.49,0
100.83,12.18,23.81,1110.91,2
52.23,2.51,7.38,1375.93,0
52.28,3.73,5.71,1399.25,0
55.45,2.65,6.05,1499.71,0
52.74,4.99,10.7,1442.28,0
56.91,3.38,9.22,1452.38,0
97.89,14.7,16.06,1286.26,2
46.89,3.59,6.43,1454.1,0
64.77,2.89,8.88,1429.47,0
64.19,3.24,12.71,1347.61,1
51.92,1.42,5.75,1494.62,0
62.41,3.11,12.95,1357.84,1
64.25,1.17,11.24,1429.16,0
65.16,7.76,9.7,1405.53,1
44.81,1.4,10.2,1482.94,0
44.88,1.46,10.18,1465.5,0
53.3,2.43,10.55,1463.72,0
66.28,7.12,12.11,1304.7,1
44.81,4.58,11.75,1421.81,0
40.33,2.63,7.16,1407.3,0
81.19,5.79,8.83,1430.31,1
44.12,3.48,9.47,1497.5,0
55.53,4.5,9.88,1426.67,0
83.52,4.95,11.35,1402.27,1
101.43,9.46,18.38,1278.13,2
53.69,2.34,9.41,1360.3,0
50.3,3.86,5.77,1390.57,0
50.81,3.67,8.01,1416.19,0
75.93,3.46,12.68,1419.57,1
45.92,3.01,6.9,1492.14,0
51.1,3.7,8.56,1479.22,0
47.89,1.5,9.59,1355.97,0
56.26,8.44,11.88,1358.26,1
72.33,6.81,14.38,1347.31,1
41.56,2.94,5.76,1387.28,0
53.36,1.21,9.98,1381.54,0
45.34,3.14,9.7,1458.76,0
47.24,3.84,9.12,1422.02,0
61.59,7.37,10.84,1393.36,1
63.82,4.51,6.69,1423.37,0
55.72,5.05,13.46,1301.93,1
94.77,13.79,19.09,1119.08,2
79.53,8.87,12.01,1357.34,1
54.11,4.7,5.71,1383.1,0
57.48,3.37,7.71,1443.61,0
64.32,1.22,9.02,1479.45,0
77.34,7.37,11.28,1387.39,1
49.24,3.43,8.17,1466.7,0
48.12,2.17,5.23,1472.37,0
51.36,4.23,8.19,1477.01,0
78.32,11.81,22.41,1266.52,2
53.09,2.94,7.48,1483.72,0
48.91,3.4,8.89,1410.7,0
59.29,1.89,5.57,1481.24,0
54.02,2.75,7.01,1364.31,0
42.28,1.64,6.13,1405.98,0
48.09,4.16,11.24,1461.39,0
55.32,2.85,6.79,1438.41,0
62.21,4.79,11.53,1355.82,0
51.7,3.78,7.67,1430.41,0
63.86,1.99,10.12,1415.92,0
42.06,1.62,8.08,1426.57,0
59.92,2.0,9.37,1435.76,0
64.3,3.46,6.15,1353.08,0
47.98,1.05,6.54,1468.13,0
63.46,4.06,14.0,1417.16,1
43.18,2.83,8.28,1470.34,0
77.39,4.31,8.58,1401.66,1
55.53,1.19,9.25,1406.17,0
52.35,1.68,5.82,1417.85,0
60.47,1.14,7.45,1449.53,0
49.12,1.4,8.23,1488.72,0
60.74,4.77,8.26,1418.42,0
44.7,2.95,11.45,1442.58,0
64.79,1.91,6.85,1357.71,0
44.07,1.81,11.23,1486.75,0
55.62,1.12,8.06,1439.83,0
41.45,3.79,5.37,1472.56,0
58.81,2.29,6.77,1374.2,0
77.72,5.52,10.38,1359.99,1
88.72,11.32,19.22,1161.72,2
45.97,3.27,10.85,1378.88,0
52.86,2.12,10.58,1426.58,0
48.65,2.39,8.28,1400.12,0
59.5,1.43,10.33,1431.19,0
61.05,4.21,7.87,1384.51,0
55.5,2.95,5.06,1388.77,0
80.48,11.79,15.99,1170.07,2
64.4,4.83,5.42,1416.49,0
49.28,3.58,7.49,1451.06,0
58.56,1.19,5.38,1381.75,0
45.8,3.84,10.77,1478.55,0
41.17,1.49,7.07,1388.87,0
77.91,9.34,19.41,1228.65,2
60.38,3.09,9.2,1455.13,0
103.72,8.9,24.98,1156.89,2
53.78,2.98,10.97,1452.53,0
57.5,4.31,10.12,1498.4,0
44.8,3.53,11.21,1446.94,0
63.41,1.21,8.79,1456.36,0
55.99,4.57,6.63,1405.27,0
61.17,4.8,15.24,1388.66,1
102.96,14.87,23.07,1102.24,2
83.13,12.37,19.6,1108.68,2
67.94,8.18,13.52,1391.89,1
95.11,8.87,16.71,1317.6,2
60.42,5.44,10.84,1414.47,1
44.96,4.85,8.58,1460.09,0
40.85,2.5,8.55,1459.75,0
50.57,3.96,8.73,1452.25,0
51.18,4.27,5.34,1362.97,0
72.35,8.92,16.0,1427.82,1
83.67,8.17,14.48,1391.39,1
50.69,2.53,11.86,1418.44,0
42.04,1.57,10.22,1399.29,0
56.24,3.14,5.41,1413.46,0
71.69,5.15,15.29,1283.56,1
62.62,1.36,11.09,1406.51,0
59.05,1.72,6.66,1409.2,0
66.2,8.25,9.71,1335.32,1
41.9,1.52,5.9,1372.79,0
57.09,2.82,5.72,1478.43,0
63.48,2.05,7.79,1407.34,0
60.29,2.12,5.04,1478.29,0
60.54,1.74,5.21,1374.29,0
59.96,2.3,8.98,1361.16,0
60.99,6.09,12.74,1287.9,1
63.43,3.07,8.31,1382.01,0
103.64,13.75,17.28,1119.19,2
44.85,4.39,9.0,1445.04,0
46.97,4.84,6.0,1436.97,0
61.24,3.46,7.05,1413.11,0
56.28,1.97,5.81,1383.79,0
64.15,4.79,9.79,1469.67,0
56.31,3.24,7.54,1446.22,0
80.98,5.36,13.65,1404.47,1
40.93,1.38,9.04,1479.56,0
64.79,7.09,15.58,1376.05,1
60.66,1.91,8.67,1470.91,0
57.68,1.71,6.77,1471.61,0
80.21,3.05,8.06,1304.87,1
61.08,4.59,8.14,1357.28,0
85.39,13.56,15.6,1217.98,2
67.45,7.61,8.32,1300.89,1
62.56,4.0,11.47,1452.48,0
63.67,2.17,6.59,1369.37,0
65.12,6.8,8.4,1383.48,1
84.69,8.19,12.16,1332.83,1
57.05,3.4,11.01,1362.13,0
64.77,1.75,8.66,1469.51,0
61.1,1.87,5.1,1390.28,0
50.35,4.68,6.42,1490.06,0
58.87,5.01,13.95,1307.33,1
77.8,4.92,11.74,1430.49,1
57.99,2.65,5.72,1495.28,0
57.97,7.53,8.88,1435.46,1
43.72,3.9,6.31,1460.78,0
54.49,3.84,9.73,1409.06,0
86.06,13.6,22.15,1274.0,2
51.56,3.99,5.26,1387.87,0
64.73,2.92,9.38,1404.01,0
63.16,4.93,7.48,1366.06,0
52.06,3.49,5.07,1379.23,0
54.14,2.46,11.55,1358.24,0
63.09,4.27,6.34,1369.85,0
41.76,3.45,7.26,1400.77,0
47.51,4.99,7.84,1381.84,0
62.41,4.77,10.09,1402.18,0
64.48,3.38,10.07,1416.8,0
41.88,1.58,11.05,1484.07,0
54.29,1.62,10.97,1399.36,0
40.29,4.46,10.55,1394.84,0
63.22,2.18,10.56,1373.67,0
55.97,3.29,14.32,1370.62,1
49.51,2.16,6.53,1387.74,0
55.27,3.56,12.87,1311.01,1
58.92,1.83,9.36,1437.01,0
42.24,2.84,11.95,1457.48,0
40.24,2.14,5.84,1365.42,0
45.17,3.02,7.19,1414.12,0
51.3,4.19,9.13,1364.54,0
47.76,2.91,5.13,1394.61,0
52.76,2.78,7.97,1431.39,0
60.71,4.17,10.05,1403.86,0
94.3,11.11,15.03,1256.42,2
43.03,3.46,10.42,1446.59,0
60.95,3.1,6.46,1428.7,0
52.6,2.6,7.27,1473.39,0
42.5,1.01,9.03,1395.23,0
59.96,3.6,9.91,1469.37,0
62.84,4.81,7.29,1403.16,0
76.54,8.73,8.15,1313.28,1
54.14,1.12,7.17,1470.9,0
53.25,1.11,6.73,1418.94,0
43.15,2.96,8.65,1380.29,0
56.78,4.33,10.97,1375.83,0
58.28,5.43,14.44,1359.49,1
60.84,1.35,9.42,1425.61,0
75.39,3.92,9.81,1328.56,1
52.83,4.0,8.13,1445.08,0
54.81,3.62,10.31,1485.6,0
42.45,1.94,7.5,1355.3,0
58.77,3.24,11.68,1384.18,0
50.65,3.92,9.37,1385.64,0
61.94,1.4,6.8,1462.77,0
49.01,2.08,10.9,1397.0,0
53.15,1.38,11.75,1484.07,0
60.26,1.65,8.2,1365.03,0
61.22,4.21,5.71,1446.62,0
50.87,3.53,7.7,1403.64,0
42.62,1.29,5.22,1388.51,0
50.42,2.51,11.51,1392.81,0
45.09,4.7,5.14,1433.26,0
48.69,2.9,7.07,1443.86,0
63.44,6.47,14.22,1363.43,1
43.99,2.33,7.31,1472.97,0
57.4,2.53,10.75,1448.93,0
77.58,7.9,13.33,1405.01,1
58.56,1.68,6.36,1483.56,0
55.92,3.99,11.49,1447.03,0
58.14,1.92,5.01,1457.29,0
49.91,4.29,11.51,1350.84,0
67.53,6.18,10.53,1391.87,1
78.49,6.01,14.33,1284.33,1
69.97,4.4,9.82,1359.04,1
60.41,2.15,11.87,1415.92,0
40.24,3.41,10.75,1444.49,0
48.9,2.24,11.16,1388.29,0
53.93,2.54,9.23,1404.03,0
63.46,4.27,11.88,1388.95,0
47.87,3.1,6.44,1475.73,0
63.34,2.45,10.91,1412.76,0
59.97,1.55,6.56,1436.57,0
43.41,2.33,6.96,1460.45,0
43.25,4.31,5.02,1474.81,0
40.54,1.6,9.97,1456.78,0
42.64,2.15,6.27,1423.6,0
76.89,14.06,20.11,1236.17,2
48.15,1.29,9.92,1407.91,0
42.62,4.49,8.62,1407.77,0
42.31,3.85,5.49,1424.45,0
64.99,1.55,7.97,1467.06,0
45.65,4.67,6.34,1469.24,0
103.33,8.99,22.06,1144.73,2
54.29,2.12,10.39,1378.06,0
89.59,11.51,22.7,1240.01,2
73.87,5.05,12.24,1345.82,1
54.72,4.16,9.59,1441.31,0
64.05,2.76,11.72,1465.36,0
57.19,2.4,8.58,1490.08,0
56.51,5.88,9.19,1353.65,1
61.22,1.08,5.46,1418.62,0
46.63,1.26,9.22,1499.72,0
42.22,1.93,6.29,1461.85,0
58.61,3.75,15.58,1419.3,1
46.28,2.28,5.94,1394.43,0
44.93,4.71,8.03,1375.02,0
47.22,1.3,8.42,1373.72,0
49.33,1.13,8.24,1458.61,0
62.84,5.5,9.47,1368.42,1
82.62,12.17,21.55,1259.68,2
50.12,4.09,5.99,1373.66,0
51.8,3.07,10.98,1459.85,0
45.92,1.06,5.15,1441.8,0
45.55,3.86,6.26,1409.91,0
61.29,1.63,11.82,1476.38,0
62.53,1.06,10.97,1428.15,0
44.5,2.39,11.52,1371.91,0
40.15,1.38,6.45,1402.21,0
52.34,1.27,9.47,1414.7,0
59.86,6.71,12.04,1331.86,1
74.78,7.69,8.92,1288.48,1
49.17,2.92,9.26,1405.26,0
51.89,1.2,11.95,1417.14,0
51.14,4.87,9.0,1479.51,0
42.43,3.38,11.99,1491.67,0
42.91,3.45,11.57,1449.27,0
76.37,10.04,15.52,1225.34,2
43.28,1.13,11.45,1442.5,0
45.23,4.53,5.41,1384.05,0
101.15,9.62,18.34,1107.88,2
60.92,3.78,10.7,1411.08,1
54.45,3.17,7.37,1455.97,0
78.22,4.79,8.6,1310.01,1
43.72,1.49,10.5,1454.06,0
60.96,2.45,11.02,1411.02,0
50.73,3.85,6.31,1477.64,0
45.35,2.9,7.23,1390.01,0
55.72,1.36,8.26,1389.1,0
47.65,4.73,6.6,1412.99,0
76.42,8.22,13.39,1287.49,1
75.15,4.06,15.34,1321.74,1
44.87,3.05,8.07,1390.62,0
52.91,4.29,5.77,1403.84,0
45.56,3.16,6.65,1355.18,0
58.63,4.92,10.45,1479.09,0
50.76,2.1,11.21,1356.09,0
43.63,1.33,11.55,1421.27,0
48.32,1.7,9.25,1421.49,0
43.88,3.73,10.58,1357.11,0
94.61,14.56,15.52,1192.13,2
40.08,3.48,7.49,1469.13,0
49.77,2.04,8.72,1391.82,0
62.13,2.04,5.57,1493.79,0
41.31,3.74,8.05,1379.22,0
74.72,5.72,13.83,1387.77,1
55.63,5.37,15.12,1368.45,1
46.99,2.54,6.53,1383.0,0
53.63,2.73,8.9,1370.33,0
44.6,3.7,9.8,1447.88,0
59.55,3.46,7.21,1458.14,0
56.09,3.37,11.43,1464.94,0
57.0,2.09,10.7,1354.43,0
43.74,3.31,9.6,1379.19,0
55.35,1.95,8.38,1414.37,0
71.39,5.85,11.07,1312.8,1
53.9,2.43,8.11,1439.11,0
47.88,1.44,10.11,1370.43,0
46.93,3.21,9.61,1438.59,0
64.58,2.32,11.14,1476.48,0
47.79,3.08,8.83,1377.73,0
75.55,14.54,23.1,1284.19,2
49.81,4.5,9.33,1410.89,0
46.05,4.95,6.0,1424.83,0
78.1,6.54,15.35,1308.67,1
104.24,10.89,21.16,1125.8,2
60.37,2.69,11.32,1422.5,0
41.39,2.19,5.91,1487.45,0
79.56,13.57,18.95,1208.29,2
77.94,3.88,13.52,1440.65,1
54.92,1.49,11.74,1368.43,0
43.03,2.06,8.45,1475.04,0
78.14,14.6,23.33,1249.76,2
91.08,14.75,22.37,1282.45,2
44.21,2.53,8.71,1364.62,0
56.49,3.35,9.64,1425.85,0
63.64,5.43,12.56,1368.26,1
78.67,14.94,17.98,1118.5,2
95.86,14.0,23.63,1214.14,2
42.57,3.17,7.11,1449.12,0
56.94,2.25,10.42,1465.94,0
62.77,4.17,8.58,1404.8,0
109.67,13.65,16.88,1146.64,2
77.05,8.08,21.99,1161.44,2
63.49,4.18,10.66,1408.46,0
63.48,3.79,7.88,1473.33,0
49.86,2.84,9.59,1389.13,0
82.25,7.55,12.78,1391.2,1
40.54,2.71,8.37,1473.4,0
41.96,3.02,8.76,1400.42,0
43.17,2.04,5.72,1427.01,0
109.13,9.63,23.81,1172.22,2
55.84,3.39,12.21,1302.04,1
59.11,2.55,9.69,1446.01,0
43.32,1.41,8.22,1406.38,0
51.67,4.71,6.8,1390.48,0
40.52,2.58,11.59,1480.7,0
61.05,4.38,7.1,1374.09,0
63.52,3.24,9.61,1405.15,0
45.14,3.96,9.95,1470.93,0
54.71,3.52,6.11,1392.86,0
60.31,3.98,9.14,1430.91,0
71.88,7.57,13.71,1315.28,1
49.87,3.23,7.09,1422.86,0
40.35,2.87,10.2,1424.86,0
63.31,2.22,11.58,1387.52,0
59.26,3.59,7.05,1424.16,0
52.67,3.75,9.43,1471.61,0
73.59,5.5,14.34,1441.2,1
45.06,2.25,7.41,1471.23,0
72.48,3.43,15.14,1285.23,1
46.15,1.64,6.31,1392.76,0
45.49,4.8,6.08,1355.54,0
85.95,14.01,16.32,1255.11,2
62.93,2.63,6.0,1457.21,0
47.03,2.85,6.67,1363.7,0
76.49,7.02,11.82,1389.19,1
85.68,9.18,19.61,1167.56,2
43.36,2.2,7.51,1470.67,0
52.29,2.91,9.19,1354.42,0
56.48,3.82,8.66,1423.33,1
52.47,2.75,8.32,1442.41,0
62.05,4.52,7.86,1385.65,0
85.64,11.87,18.18,1154.08,2
55.9,4.52,8.97,1425.4,0
51.58,2.75,10.99,1357.53,0
53.2,4.05,7.51,1457.52,0
46.94,2.21,6.57,1371.75,0
55.81,3.21,9.1,1395.37,0
104.95,11.7,21.77,1254.07,2
62.07,2.55,7.97,1450.24,0
54.6,3.54,10.02,1352.85,0
53.26,1.86,7.38,1446.66,0
62.56,5.29,14.22,1363.77,1
55.24,4.13,10.76,1354.08,0
71.41,3.24,10.52,1377.84,1
109.86,12.2,15.33,1117.95,2
56.21,2.04,10.67,1487.66,0
50.47,1.18,9.12,1432.45,0
43.25,1.9,5.58,1428.55,0
50.16,2.94,8.79,1472.75,0
60.26,5.55,8.92,1303.57,1
108.45,13.71,24.88,1216.77,2
44.2,4.98,11.46,1350.3,0
58.19,5.86,15.56,1325.91,1
82.53,5.62,9.93,1390.1,1
44.68,3.79,8.83,1354.56,0
45.95,1.27,5.46,1352.07,0
101.28,12.51,18.55,1110.82,2
62.07,4.41,15.32,1414.32,1
56.23,4.53,6.29,1476.05,0
51.51,3.09,9.0,1419.33,0
46.23,3.61,11.68,1394.94,0
47.72,2.47,10.39,1471.64,0
43.97,5.0,7.07,1410.83,0
49.17,1.95,8.13,1360.86,0
54.58,4.39,11.68,1479.09,0
43.77,4.34,11.55,1370.54,0
105.01,8.68,22.06,1176.03,2
63.49,4.47,11.99,1292.1,1
64.26,6.97,10.94,1440.56,1
49.99,1.67,6.36,1408.71,0
79.43,4.4,13.74,1311.71,1
42.7,4.88,5.41,1415.73,0
56.77,3.59,6.53,1463.77,0
53.85,2.94,7.94,1487.53,0
43.12,4.82,10.35,1495.07,0
62.47,3.99,11.61,1384.0,0
58.57,2.33,9.7,1482.38,0
58.99,1.48,8.31,1392.93,0
63.78,4.21,6.44,1408.7,0
62.8,4.63,6.06,1407.69,0
64.87,1.59,9.15,1482.88,0
51.76,2.3,10.2,1428.32,0
92.58,14.42,22.07,1258.94,2
55.38,4.71,11.73,1426.34,0
62.16,2.64,9.23,1444.5,0
58.23,3.23,9.67,1328.63,1
104.73,9.97,24.53,1315.92,2
55.03,3.82,7.76,1355.88,0
43.65,1.61,7.54,1457.07,0
46.87,4.75,9.57,1495.57,0
49.88,1.99,11.89,1387.99,0
76.78,3.49,9.02,1431.74,1
61.01,4.54,6.15,1396.42,0
108.98,11.55,20.42,1246.9,2
41.09,3.0,5.88,1475.68,0
59.18,6.48,15.1,1360.5,1
51.35,4.05,5.88,1379.46,0
64.74,1.63,8.61,1468.93,0
50.74,2.86,11.21,1374.16,0
52.89,2.86,11.18,1453.29,0
48.42,4.88,11.3,1435.14,0
49.51,2.47,11.09,1375.56,0
84.08,11.01,23.73,1285.23,2
41.08,3.58,8.87,1384.39,0
50.36,4.32,10.27,1480.09,0
60.53,4.25,7.36,1494.6,0
60.92,4.28,13.41,1348.85,1
106.12,12.94,22.86,1191.71,2
45.67,1.96,9.42,1358.85,0
64.01,4.83,11.1,1444.3,1
46.05,4.48,9.38,1350.22,0
63.54,3.13,10.97,1401.31,0
41.55,2.59,7.12,1386.05,0
71.06,4.66,15.04,1372.05,1
58.1,2.67,7.67,1364.73,0
50.51,4.55,8.72,1462.27,0
49.97,2.13,5.07,1392.68,0
47.13,1.78,5.08,1386.35,0
46.04,1.83,7.78,1478.98,0
84.56,4.77,13.16,1425.43,1
50.26,1.93,5.95,1379.5,0
42.94,2.67,10.87,1443.46,0
56.77,4.29,6.71,1413.2,0
62.36,1.28,11.86,1442.44,0
50.44,4.04,6.22,1400.79,0
61.06,3.59,7.83,1352.43,0
72.34,8.08,14.61,1434.27,1
43.74,2.12,10.57,1477.52,0
46.7,2.04,8.97,1361.85,0
62.71,2.87,8.26,1464.09,0
54.1,2.28,6.12,1461.98,0
52.03,1.84,5.16,1422.48,0
52.81,4.23,8.21,1357.79,0
57.93,2.45,7.47,1463.54,0
63.83,3.29,6.72,1393.86,0
56.99,4.78,7.07,1350.17,0
87.06,10.45,20.43,1184.37,2
57.47,5.13,11.47,1324.31,1
46.53,2.18,7.52,1386.65,0
56.71,2.12,6.82,1398.68,0
42.64,3.63,10.75,1407.06,0
64.99,1.66,9.72,1492.34,0
40.81,2.68,6.32,1463.82,0
78.56,4.42,10.31,1439.46,1
52.63,2.15,9.21,1414.25,0
60.33,2.19,6.5,1450.03,0
50.83,2.53,5.75,1370.13,0
41.77,2.33,5.12,1462.42,0
45.39,4.44,8.12,1454.33,0
46.52,1.24,11.19,1421.83,0
47.91,1.35,7.12,1494.98,0
66.05,7.35,8.66,1380.49,1
43.74,3.04,11.5,1408.8,0
94.36,13.51,24.24,1135.89,2
77.07,7.88,11.79,1426.17,1
58.03,8.1,14.39,1365.64,1
41.0,4.05,6.18,1444.72,0
47.32,2.05,9.06,1455.97,0
60.54,5.08,13.31,1361.96,1
59.07,3.43,5.72,1477.84,0
46.32,2.95,10.12,1419.11,0
51.25,1.09,9.48,1412.09,0
64.94,2.81,7.48,1410.11,0
60.36,1.45,8.25,1436.99,0
43.37,4.52,9.44,1359.1,0
47.76,2.26,10.64,1364.86,0
86.64,12.27,22.22,1175.99,2
43.84,4.06,10.07,1434.75,0
62.64,3.27,6.52,1368.42,0
79.36,7.05,10.07,1444.96,1
52.2,2.13,8.56,1372.61,0
52.7,4.99,9.86,1396.26,0
55.85,3.54,6.29,1392.73,0
84.28,6.72,8.89,1295.05,1
41.01,4.01,7.98,1499.33,0
105.68,10.38,20.43,1221.59,2
47.14,4.99,6.92,1417.94,0
72.62,3.97,8.12,1399.14,1
60.41,2.21,11.4,1382.51,0
46.75,2.4,11.95,1445.47,0
55.0,1.63,8.75,1384.56,0
55.57,2.61,10.59,1453.0,0
55.66,3.15,9.64,1367.43,0
50.88,4.93,10.95,1460.16,0
61.11,6.74,13.73,1304.8,1
58.7,1.89,6.54,1492.08,0
44.6,3.87,8.85,1433.58,0
49.86,2.87,11.34,1489.61,0
72.69,5.7,14.87,1442.66,1
107.94,9.27,16.85,1135.94,2
46.43,4.0,7.38,1414.22,0
92.8,11.55,16.17,1185.86,2
56.41,1.46,8.33,1403.55,0
59.14,1.0,7.92,1428.38,0
48.76,2.08,9.21,1489.49,0
84.19,9.63,17.98,1197.09,2
77.44,5.2,12.83,1404.07,1
55.76,2.44,5.74,1398.43,0
41.83,3.49,11.87,1378.52,0
54.3,1.97,10.87,1422.08,0
56.08,2.18,11.95,1393.68,0
76.21,3.3,8.58,1348.49,1
84.0,5.66,10.57,1369.44,1
57.41,1.82,8.09,1359.75,0
48.26,3.25,5.99,1350.38,0
63.62,1.78,9.49,1472.59,0
61.78,1.1,7.22,1482.37,0
59.96,1.43,10.46,1486.53,0
41.53,2.96,10.69,1364.81,0
88.61,9.21,23.18,1147.03,2
59.93,4.14,6.77,1379.74,0
54.17,3.91,8.75,1485.55,0
70.28,3.73,13.15,1444.28,1
47.4,2.25,5.87,1412.79,0
40.0,3.85,7.5,1388.17,0
55.63,4.44,8.39,1446.85,0
46.64,4.98,6.65,1385.88,0
51.22,1.96,8.76,1395.01,0
56.61,4.53,10.7,1452.77,0
55.38,3.01,5.12,1485.01,0
77.52,4.93,14.06,1413.37,1
59.34,1.6,5.93,1483.61,0
44.69,4.2,7.92,1487.49,0
52.97,4.53,8.97,1369.02,0
46.38,2.74,8.61,1364.51,0
64.07,2.24,5.11,1460.23,0
49.5,4.2,7.72,1357.32,0
41.78,3.3,8.96,1481.71,0
63.72,1.72,9.73,1436.48,0
62.85,2.3,10.34,1418.46,0
82.8,5.47,13.92,1292.69,1
43.49,2.17,7.56,1418.41,0
102.4,9.27,23.0,1241.18,2
57.58,3.18,12.85,1336.28,1
61.06,4.22,10.12,1419.48,0
45.66,2.87,7.97,1393.33,0
64.78,1.18,6.64,1409.48,0
65.27,3.75,12.8,1343.92,1
85.49,9.95,24.73,1260.21,2
40.26,3.86,8.29,1499.1,0
63.59,4.64,8.38,1397.74,0
72.08,7.99,15.93,1307.81,1
83.39,8.36,11.36,1412.66,1
78.28,6.78,15.86,1396.57,1
92.68,11.3,19.49,1173.67,2
56.21,1.25,10.7,1491.08,0
43.23,1.58,10.31,1371.74,0
59.0,1.4,9.7,1483.46,0
44.31,2.91,7.71,1376.75,0
62.39,4.8,10.03,1406.15,0
66.25,8.65,14.44,1424.69,1
45.71,2.72,9.74,1378.09,0
92.02,13.93,17.14,1138.37,2
82.49,7.49,15.49,1312.83,1
54.84,4.55,9.69,1497.31,0
63.29,1.47,5.43,1396.65,0
52.82,1.58,8.77,1465.17,0
44.96,3.11,8.76,1415.97,0
40.16,4.23,5.86,1426.49,0
56.67,3.23,8.84,1426.62,0
83.74,10.43,15.36,1173.12,2
52.53,3.75,10.54,1437.45,0
63.79,4.7,9.62,1351.32,0
43.11,2.65,8.45,1410.64,0
60.37,4.55,6.71,1436.16,0
52.27,3.64,7.55,1354.19,0
49.52,4.17,7.13,1376.46,0
94.78,8.01,24.33,1151.68,2
61.74,4.87,9.46,1402.6,0
47.19,4.9,7.43,1412.84,0
54.32,2.89,11.74,1485.26,0
89.01,13.48,17.66,1317.87,2
58.24,1.08,6.44,1423.06,0
61.16,1.51,7.78,1469.59,0
52.1,2.29,11.47,1416.01,0
43.58,2.78,7.49,1424.35,0
54.69,1.26,11.04,1494.22,0
43.82,2.88,9.84,1469.89,0
63.41,1.1,9.06,1439.61,0
75.2,14.9,24.8,1319.15,2
68.31,4.71,15.17,1426.47,1
84.37,8.28,10.24,1298.01,1
40.57,2.86,10.54,1374.11,0
59.69,2.0,8.95,1403.79,0
55.04,3.19,6.72,1464.68,0
50.73,1.05,8.98,1368.71,0
51.75,2.32,10.28,1399.4,0
59.9,4.97,10.02,1459.29,0
60.05,3.79,11.56,1374.82,0
60.67,1.3,7.44,1473.4,0
48.33,3.78,8.66,1493.95,0
51.14,1.85,5.35,1427.55,0
40.57,4.72,9.8,1355.13,0
52.1,1.49,7.15,1488.91,0
56.63,1.7,11.4,1412.82,0
58.78,2.52,9.13,1470.81,0
48.42,2.5,7.6,1495.86,0
61.57,4.54,6.38,1460.61,0
54.64,2.61,7.36,1459.15,0
50.46,4.0,5.71,1391.68,0
54.5,3.13,9.26,1464.73,0
80.49,6.8,10.82,1293.06,1
71.91,6.67,14.8,1295.33,1
55.32,7.57,15.15,1353.58,1
53.43,4.69,9.17,1495.75,0
40.35,2.03,8.15,1453.94,0
43.73,2.88,10.82,1352.32,0
47.57,2.28,10.19,1459.37,0
41.06,4.35,5.53,1367.23,0
64.3,4.39,8.11,1449.69,0
56.73,4.63,7.87,1475.52,0
46.45,3.34,7.23,1424.95,0
56.31,1.63,8.02,1494.65,0
45.82,4.08,9.51,1435.74,0
42.63,3.72,5.06,1352.21,0
62.86,6.92,13.59,1338.67,1
65.03,7.0,10.77,1415.31,1
43.39,2.85,10.03,1375.36,0
72.51,3.49,13.14,1396.83,1
42.17,2.63,7.61,1388.96,0
81.84,6.89,13.8,1373.37,1
80.16,7.35,9.98,1402.43,1
60.95,6.29,11.57,1335.39,1
97.47,11.23,18.05,1148.91,2
50.92,3.08,7.06,1352.29,0
75.69,7.75,10.26,1329.09,1
54.58,4.54,6.06,1439.67,0
55.29,3.91,10.33,1465.62,0
45.79,2.05,10.07,1470.39,0
55.59,1.75,5.23,1493.76,0
60.31,7.1,8.08,1332.85,1
47.17,2.91,11.11,1356.37,0
49.85,4.18,5.26,1450.2,0
59.4,2.35,8.95,1380.75,0
54.03,2.04,7.81,1399.89,0
60.21,3.78,15.42,1397.1,1
57.9,4.25,7.51,1375.16,0
44.81,2.7,10.84,1421.95,0
44.07,4.58,10.92,1353.45,0
59.22,4.86,7.37,1447.22,0
44.12,3.49,8.07,1471.19,0
61.74,6.54,9.23,1297.46,1
43.05,4.36,7.37,1414.84,0
44.68,3.22,7.04,1412.61,0
43.76,2.69,6.3,1404.58,0
82.96,10.86,16.55,1217.88,2
54.24,4.93,6.52,1497.89,0
47.26,4.31,9.7,1495.61,0
43.45,3.36,7.2,1357.85,0
55.5,2.11,6.32,1419.55,0
60.85,3.75,6.49,1480.15,0
56.09,8.9,11.64,1341.07,1
47.14,3.09,11.97,1404.64,0
60.59,2.25,8.18,1414.31,0
56.7,2.12,10.91,1440.77,0
63.33,3.55,5.19,1449.36,0
75.32,3.15,11.29,1336.6,1
44.24,2.34,7.9,1485.56,0
57.16,1.99,8.08,1494.56,0
81.03,8.85,15.62,1335.31,1
58.03,2.03,10.04,1354.22,0
47.04,3.42,10.72,1464.2,0
56.55,1.63,11.33,1384.6,0
46.79,3.48,10.22,1462.79,0
49.97,2.26,10.41,1359.19,0
47.5,1.19,10.21,1461.91,0
42.47,3.66,9.28,1421.0,0
61.49,4.64,11.33,1474.63,0
80.6,13.51,24.84,1104.38,2
40.62,1.94,6.46,1490.68,0
66.77,4.98,13.91,1284.45,1
80.79,3.38,14.93,1288.65,1
62.37,3.19,10.72,1417.85,0
66.06,4.29,12.3,1421.64,1
60.65,3.86,9.52,1487.47,0
83.24,3.52,8.94,1288.81,1
47.91,3.07,7.49,1401.48,0
67.63,7.8,14.43,1290.17,1
49.17,1.34,5.37,1388.02,0
109.77,12.18,18.32,1149.07,2
55.12,3.13,11.73,1320.58,1
61.15,4.92,5.84,1352.68,0
43.59,4.91,5.32,1420.16,0
63.14,3.58,7.9,1489.55,0
61.01,6.48,11.73,1351.37,1
41.47,4.7,10.93,1409.7,0
53.42,4.64,10.93,1369.12,0
79.76,11.48,17.14,1113.22,2
52.46,3.13,9.62,1356.24,0
41.6,4.54,11.1,1496.39,0
58.09,4.36,8.02,1331.6,1
40.44,3.34,6.01,1467.07,0
56.95,3.31,10.3,1461.09,0
76.12,3.44,11.87,1368.23,1
69.76,7.94,11.25,1447.4,1
56.21,1.3,7.63,1470.57,0
57.07,3.55,11.17,1437.9,0
86.38,13.13,22.36,1104.04,2
62.18,4.32,6.38,1385.95,0
62.19,4.05,11.07,1358.91,0
40.23,2.18,8.34,1409.14,0
44.05,2.0,6.57,1427.92,0
75.6,10.76,22.9,1284.38,2
57.21,2.74,6.72,1472.87,0
64.93,4.52,7.17,1407.95,0
75.34,7.11,9.74,1447.32,1
64.89,4.09,9.06,1373.19,0
55.34,3.49,8.37,1410.1,0
63.29,3.2,9.34,1449.7,0
71.22,8.74,13.1,1305.79,1
44.86,1.8,8.29,1486.74,0
64.69,4.78,5.28,1455.84,0
42.7,2.57,10.14,1488.19,0
64.75,2.69,5.68,1368.09,0
44.19,2.66,7.61,1412.71,0
62.25,2.22,5.97,1363.21,0
43.41,4.55,8.3,1481.72,0
40.0,4.6,5.87,1386.68,0
60.44,3.78,5.04,1410.45,0
40.21,3.52,9.73,1428.22,0
47.16,2.97,7.63,1486.42,0
62.73,7.05,13.17,1384.83,1
60.45,2.97,8.08,1464.21,0
63.86,1.61,8.34,1440.27,0
41.25,2.9,5.4,1457.77,0
55.17,4.52,11.18,1448.86,0
64.77,4.53,10.25,1430.6,0
43.82,1.28,11.97,1393.32,0
42.05,1.07,7.3,1372.53,0
46.59,2.63,7.2,1404.37,0
88.82,11.0,20.79,1201.85,2
55.39,2.62,5.29,1402.09,0
62.13,1.75,8.98,1494.25,0
47.41,2.12,6.02,1393.38,0
48.94,3.76,8.3,1399.36,0
46.54,1.5,6.57,1365.92,0
59.68,4.34,8.82,1433.17,0
56.69,1.05,11.1,1417.01,0
57.07,4.97,13.23,1340.79,1
48.13,2.88,10.73,1368.69,0
52.1,1.02,10.63,1465.92,0
48.22,3.65,11.97,1353.83,0
59.73,4.42,11.44,1374.18,0
41.8,2.76,9.96,1358.71,0
64.99,3.06,6.17,1433.38,0
62.61,3.72,12.56,1341.21,1
58.44,4.53,6.48,1374.1,0
47.27,1.36,6.46,1446.02,0
58.98,1.45,11.93,1440.93,0
40.49,1.84,5.43,1435.34,0
62.54,4.7,5.06,1361.31,0
54.63,1.84,9.4,1465.59,0
50.64,1.06,5.2,1420.67,0
50.0,4.64,5.35,1472.72,0
61.67,3.99,11.0,1424.25,0
57.24,1.32,6.66,1374.01,0
75.92,13.52,18.86,1228.84,2
81.23,8.3,9.82,1432.3,1
53.25,4.37,6.64,1416.37,0
75.71,6.07,10.55,1340.68,1
63.92,3.35,5.46,1423.93,0
46.26,2.34,7.39,1493.9,0
54.47,1.35,7.97,1399.36,0
51.69,3.42,8.0,1354.07,0
50.4,1.65,6.25,1361.64,0
78.55,11.48,19.28,1171.73,2
42.24,4.84,10.01,1468.22,0
61.61,3.01,6.91,1460.72,0
60.52,4.3,7.22,1350.65,0
66.96,6.93,12.92,1343.27,1
52.4,3.93,5.61,1450.23,0
100.19,8.34,23.72,1244.71,2
60.53,1.48,9.69,1446.47,0
52.56,2.34,9.82,1392.0,0
83.14,7.76,15.03,1314.52,1
101.37,14.8,22.87,1311.9,2
58.05,1.16,7.84,1427.44,0
47.11,3.81,7.02,1355.64,0
57.25,2.56,7.91,1420.38,0
62.14,3.55,6.69,1479.56,0
58.67,2.22,8.33,1364.63,0
44.27,2.9,10.58,1401.1,0
40.78,3.75,8.41,1468.64,0
54.91,1.92,5.84,1361.54,0
51.33,1.89,10.17,1485.62,0
48.1,2.24,10.6,1476.49,0
43.19,1.35,9.13,1493.43,0
64.79,4.92,7.34,1393.65,0
62.09,2.79,8.57,1443.99,0
64.27,2.98,9.6,1352.3,0
43.15,3.33,10.36,1410.96,0
48.42,4.46,5.3,1414.34,0
52.39,2.93,7.87,1429.4,0
48.23,2.89,6.95,1350.9,0
56.33,4.96,8.88,1364.53,0
41.26,4.7,5.62,1436.99,0
87.65,10.76,17.02,1115.52,2
58.94,4.37,13.41,1313.53,1
77.72,14.51,22.07,1172.54,2
46.14,2.32,8.49,1387.15,0
64.74,2.46,10.94,1430.25,0
60.43,2.16,10.37,1472.19,0
43.42,3.68,11.72,1454.58,0
67.23,3.16,8.46,1425.56,1
57.77,3.11,10.39,1462.81,0
45.21,3.83,6.99,1390.09,0
42.82,2.87,6.18,1356.21,0
97.49,10.95,21.36,1272.84,2
43.1,1.6,10.4,1462.6,0
45.21,4.44,5.85,1373.39,0
63.89,7.09,13.63,1375.63,1
82.32,7.97,14.19,1429.13,1
42.3,3.74,8.0,1479.72,0
42.98,3.6,8.97,1433.01,0
62.99,3.66,7.18,1469.0,0
72.15,5.73,9.2,1356.45,1
61.07,1.35,9.16,1436.73,0
57.86,3.64,6.96,1493.23,0
84.84,14.67,15.54,1256.04,2
58.92,3.16,7.29,1380.84,0
92.96,9.81,16.02,1134.45,2
58.1,1.91,7.85,1378.12,0
70.7,5.31,10.4,1367.24,1
40.43,1.24,5.83,1401.48,0
71.54,5.86,13.34,1416.39,1
51.67,3.36,5.33,1410.31,0
53.15,2.36,7.19,1414.71,0
53.53,3.58,5.32,1491.9,0
53.95,4.74,9.21,1445.19,0
44.63,1.93,5.42,1498.8,0
44.38,1.41,7.19,1419.78,0
46.11,1.18,9.35,1413.02,0
60.51,1.12,7.07,1471.76,0
59.26,5.22,13.66,1418.89,1
42.65,4.35,6.68,1379.24,0
62.12,4.73,8.53,1352.75,0
108.53,13.6,20.35,1248.46,2
43.09,1.82,5.01,1355.89,0
96.63,8.37,22.41,1124.22,2
83.03,8.55,11.61,1299.25,1
64.47,4.73,9.02,1497.16,0
46.49,1.47,10.96,1481.62,0
80.8,14.61,23.24,1118.02,2
43.4,4.1,11.9,1431.96,0
61.79,2.43,9.38,1373.82,0
49.17,1.4,10.37,1494.94,0
61.54,2.81,5.03,1410.25,0
87.63,10.93,22.61,1274.64,2
40.61,4.3,11.41,1381.15,0
61.33,4.45,10.41,1375.33,0
47.31,3.21,5.45,1370.43,0
88.08,11.54,19.43,1296.72,2
44.21,4.52,8.9,1384.71,0
49.11,1.65,7.39,1470.44,0
89.74,11.13,16.12,1240.62,2
56.25,1.55,9.74,1358.85,0
52.19,2.98,10.37,1458.93,0
72.52,8.9,11.51,1423.22,1
56.36,2.95,10.31,1413.85,0
63.65,4.17,15.79,1341.48,1
83.97,6.58,13.59,1426.29,1
97.67,10.28,22.62,1199.61,2
58.72,3.32,8.23,1496.64,0
63.34,4.52,6.39,1402.82,0
48.16,1.71,11.49,1463.71,0
55.58,2.76,7.75,1434.71,0
54.18,2.72,5.12,1385.4,0
48.32,2.75,6.84,1374.71,0
60.05,4.14,11.69,1328.67,1
57.31,3.27,8.6,1384.18,0
52.38,2.71,11.69,1382.21,0
62.69,6.43,14.75,1436.52,1
64.13,6.93,11.9,1342.27,1
40.65,1.36,7.01,1495.84,0
43.42,4.6,11.12,1439.61,0
40.16,3.05,10.72,1448.12,0
62.74,4.31,6.15,1480.68,0
59.33,2.33,10.82,1391.19,0
53.58,2.93,7.7,1461.9,0
44.36,4.17,11.69,1412.05,0
74.83,3.34,13.8,1349.28,1
101.63,10.09,20.48,1200.75,2
66.35,8.96,13.3,1418.59,1
80.84,9.87,15.63,1275.0,2
92.48,11.13,22.61,1255.75,2
64.15,1.7,9.54,1386.82,0
56.14,3.1,5.25,1358.66,0
98.55,13.62,15.49,1231.67,2
61.7,3.94,5.15,1453.03,0
61.52,4.01,8.87,1404.34,0
51.94,2.35,11.36,1417.62,0
64.28,3.25,10.0,1360.27,0
42.92,4.94,7.16,1369.55,0
42.94,3.17,5.84,1401.91,0
77.54,3.36,10.72,1328.99,1
57.62,5.5,11.01,1339.47,1
41.49,3.42,9.81,1367.17,0
49.21,1.28,9.14,1367.48,0
45.45,4.05,7.12,1497.86,0
48.58,3.06,10.98,1461.3,0
57.42,3.25,6.47,1384.95,0
63.49,4.02,9.11,1474.27,0
46.77,3.49,10.18,1460.95,0
